id,city,country,region,short_description,latitude,longitude,avg_temp_monthly,ideal_durations,budget_level,culture,adventure,nature,beaches,nightlife,cuisine,wellness,urban,seclusion,budget_level_num,temp_1,temp_2,temp_3,temp_4,temp_5,temp_6,temp_7,temp_8,temp_9,temp_10,temp_11,temp_12,ideal_durations_list,duration_day_trip,duration_weekend,duration_short_trip,duration_one_week,duration_long_trip,cluster,PCA1,PCA2,cluster_name
c54acf38-3029-496b-8c7a-8343ad82785c,Milan,Italy,europe,"Chic streets lined with fashion boutiques, historic architecture, and lively piazzas create a sophisticated yet welcoming atmosphere, perfect for leisurely exploration.",45.4641943,9.1896346,"{""1"":{""avg"":3.7,""max"":7.8,""min"":0.4},""2"":{""avg"":7.1,""max"":12,""min"":2.8},""3"":{""avg"":10.5,""max"":15.5,""min"":5.5},""4"":{""avg"":13.8,""max"":18.9,""min"":8.7},""5"":{""avg"":17.9,""max"":22.5,""min"":13.4},""6"":{""avg"":23.5,""max"":28.5,""min"":18.1},""7"":{""avg"":25.8,""max"":30.8,""min"":20.5},""8"":{""avg"":25.2,""max"":30.4,""min"":20.2},""9"":{""avg"":20.8,""max"":26,""min"":16.1},""10"":{""avg"":15.2,""max"":19.6,""min"":11.5},""11"":{""avg"":8.8,""max"":12.5,""min"":5.6},""12"":{""avg"":4.7,""max"":8.2,""min"":1.9}}","[""Short trip"",""One week""]",Luxury,5,2,2,1,4,5,3,5,2,3,3.7,7.1,10.5,13.8,17.9,23.5,25.8,25.2,20.8,15.2,8.8,4.7,"['Short trip', 'One week']",0,0,1,1,0,1,4.064817941194931,-0.38260353714651296,Miejskie i kulturowe
0bd12654-ed64-424e-a044-7bc574bcf078,Yasawa Islands,Fiji,oceania,"Crystal-clear waters, secluded beaches, and vibrant coral reefs create a serene paradise perfect for unwinding and immersing in natural beauty.",-17.2909471,177.12578580330327,"{""1"":{""avg"":28,""max"":30.8,""min"":25.8},""2"":{""avg"":28,""max"":31.1,""min"":25.6},""3"":{""avg"":26.9,""max"":31,""min"":22.8},""4"":{""avg"":28,""max"":31.7,""min"":26},""5"":{""avg"":27.4,""max"":31,""min"":23.1},""6"":{""avg"":26.2,""max"":29.7,""min"":23.7},""7"":{""avg"":26.1,""max"":29.6,""min"":23.6},""8"":{""avg"":25.5,""max"":29.1,""min"":23.7},""9"":{""avg"":26.3,""max"":30.4,""min"":24.5},""10"":{""avg"":26,""max"":30.5,""min"":19},""11"":{""avg"":27.1,""max"":31,""min"":24.8},""12"":{""avg"":28.2,""max"":31.9,""min"":26}}","[""Long trip"",""One week""]",Luxury,2,4,5,5,2,3,4,1,5,3,28.0,28.0,26.9,28.0,27.4,26.2,26.1,25.5,26.3,26.0,27.1,28.2,"['Long trip', 'One week']",0,0,0,1,1,0,-4.511891872911255,1.5787927551310703,Natura i przygoda
73036cda-9134-46fc-a2c6-807782d59dfb,Whistler,Canada,north_america,"Snow-capped peaks and lush forests create a serene escape, where outdoor adventures meet cozy village vibes and crisp mountain air.",50.1171903,-122.9543022,"{""1"":{""avg"":-2.5,""max"":0.4,""min"":-5.5},""2"":{""avg"":-1.8,""max"":0.8,""min"":-7.2},""3"":{""avg"":0.2,""max"":3.5,""min"":-5},""4"":{""avg"":4.6,""max"":9.1,""min"":-0.6},""5"":{""avg"":9,""max"":14.4,""min"":3.4},""6"":{""avg"":14.1,""max"":18.8,""min"":9.1},""7"":{""avg"":18.2,""max"":23.2,""min"":13},""8"":{""avg"":17.8,""max"":23.3,""min"":12.8},""9"":{""avg"":14.5,""max"":19.3,""min"":9.9},""10"":{""avg"":7.6,""max"":11.6,""min"":4.4},""11"":{""avg"":1.8,""max"":5.1,""min"":-1.6},""12"":{""avg"":-1.8,""max"":0.9,""min"":-2.5}}","[""Short trip"",""Weekend"",""One week""]",Luxury,3,5,5,2,3,3,4,2,4,3,-2.5,-1.8,0.2,4.6,9.0,14.1,18.2,17.8,14.5,7.6,1.8,-1.8,"['Short trip', 'Weekend', 'One week']",0,1,1,1,0,0,-2.9828994761490972,1.293078601828641,Natura i przygoda
3872c9c0-6b6e-49e1-9743-f46bfe591b86,Guanajuato,Mexico,north_america,"Winding cobblestone streets and colorful facades create a charming, vibrant atmosphere, where history and lively festivals fill the air with excitement.",20.9876996,-101.0,"{""1"":{""avg"":15.5,""max"":22.8,""min"":8.7},""2"":{""avg"":17.2,""max"":25.6,""min"":9.5},""3"":{""avg"":20.3,""max"":29.3,""min"":12.2},""4"":{""avg"":23.1,""max"":31.8,""min"":13.1},""5"":{""avg"":23.3,""max"":31.6,""min"":15.1},""6"":{""avg"":22.2,""max"":30.2,""min"":15.3},""7"":{""avg"":20.7,""max"":28.2,""min"":14.4},""8"":{""avg"":20.6,""max"":27.9,""min"":14.4},""9"":{""avg"":19.9,""max"":27.2,""min"":13.9},""10"":{""avg"":19,""max"":26.2,""min"":12.6},""11"":{""avg"":17.7,""max"":25.5,""min"":10.7},""12"":{""avg"":14.9,""max"":22.1,""min"":9.2}}","[""Weekend"",""One week"",""Short trip""]",Mid-range,5,3,3,1,3,4,3,4,2,2,15.5,17.2,20.3,23.1,23.3,22.2,20.7,20.6,19.9,19.0,17.7,14.9,"['Weekend', 'One week', 'Short trip']",0,1,1,1,0,1,1.892147017429528,-0.7540753188099155,Miejskie i kulturowe
e1ebc1b6-8798-422d-847a-22016faff3fd,Surabaya,Indonesia,asia,"Bustling streets filled with the aroma of local spices, vibrant markets, and a rich cultural tapestry invite exploration and discovery.",-7.2459717,112.7378266,"{""1"":{""avg"":28.1,""max"":32.5,""min"":25.5},""2"":{""avg"":27.8,""max"":32.4,""min"":25.5},""3"":{""avg"":28.3,""max"":32.8,""min"":25.8},""4"":{""avg"":29,""max"":33.2,""min"":26.2},""5"":{""avg"":29.3,""max"":33.7,""min"":26.2},""6"":{""avg"":28.7,""max"":33.1,""min"":25.4},""7"":{""avg"":28.2,""max"":33.1,""min"":24.6},""8"":{""avg"":28.4,""max"":33.2,""min"":24.7},""9"":{""avg"":29.2,""max"":34.4,""min"":25.4},""10"":{""avg"":29.8,""max"":35.1,""min"":26.2},""11"":{""avg"":29.6,""max"":34,""min"":26.4},""12"":{""avg"":28.7,""max"":33.2,""min"":25.8}}","[""Short trip"",""Weekend""]",Budget,4,3,3,2,3,4,3,4,2,1,28.1,27.8,28.3,29.0,29.3,28.7,28.2,28.4,29.2,29.8,29.6,28.7,"['Short trip', 'Weekend']",0,1,1,0,0,1,1.3841999802213198,-0.1444118932342705,Miejskie i kulturowe
26bd92cc-1bd7-46bc-a132-9c227115194a,Nuuk,Greenland,north_america,"Rugged landscapes meet the calm of icy fjords, where the crisp air and vibrant local culture create a unique Arctic charm.",64.1766835,-51.7359356,"{""1"":{""avg"":-7,""max"":-5,""min"":-9},""2"":{""avg"":-8.9,""max"":-6.3,""min"":-11},""3"":{""avg"":-6.8,""max"":-4.7,""min"":-9},""4"":{""avg"":-1.7,""max"":0.2,""min"":-4.3},""5"":{""avg"":1,""max"":3.3,""min"":-1.6},""6"":{""avg"":5,""max"":7.6,""min"":1.6},""7"":{""avg"":7.9,""max"":10.8,""min"":4.4},""8"":{""avg"":7.4,""max"":10,""min"":4.6},""9"":{""avg"":4.3,""max"":6.4,""min"":2.2},""10"":{""avg"":0.1,""max"":2.1,""min"":-1.5},""11"":{""avg"":-3.2,""max"":-1,""min"":-4.5},""12"":{""avg"":-4.9,""max"":-2.6,""min"":-6.5}}","[""Short trip"",""One week""]",Luxury,3,4,5,2,2,3,2,2,5,3,-7.0,-8.9,-6.8,-1.7,1.0,5.0,7.9,7.4,4.3,0.1,-3.2,-4.9,"['Short trip', 'One week']",0,0,1,1,0,0,-3.2296027568143164,-1.4853488783779123,Natura i przygoda
20f80ed8-ce7f-43ad-a34d-a0cb156f5d4e,Windhoek,Namibia,africa,"A blend of modernity and tradition, with bustling markets, German colonial architecture, and the vast Namibian landscape providing a unique backdrop.",-22.53356015,17.045477525861745,"{""1"":{""avg"":23.9,""max"":32.3,""min"":17.8},""2"":{""avg"":23.7,""max"":32,""min"":17.6},""3"":{""avg"":22.5,""max"":30.8,""min"":16.6},""4"":{""avg"":20.5,""max"":28.7,""min"":14.1},""5"":{""avg"":18.3,""max"":26.5,""min"":11.6},""6"":{""avg"":14.8,""max"":22.7,""min"":7.5},""7"":{""avg"":15,""max"":23.7,""min"":8},""8"":{""avg"":17.9,""max"":26.2,""min"":10.5},""9"":{""avg"":21.8,""max"":29.8,""min"":13.8},""10"":{""avg"":24.3,""max"":32.1,""min"":17},""11"":{""avg"":24.9,""max"":33,""min"":17.7},""12"":{""avg"":24.6,""max"":32.5,""min"":18.1}}","[""Short trip"",""Weekend"",""One week""]",Mid-range,3,4,4,1,3,3,3,3,4,2,23.9,23.7,22.5,20.5,18.3,14.8,15.0,17.9,21.8,24.3,24.9,24.6,"['Short trip', 'Weekend', 'One week']",0,1,1,1,0,0,-1.5373802598664479,-0.45480845179095586,Natura i przygoda
0dae5759-947a-40c9-aaea-e2e647f1061e,Kingston,Jamaica,north_america,"Vibrant streets pulse with reggae rhythms, while lush hills and beaches offer a serene escape, creating a captivating blend of energy and tranquility.",17.9712148,-76.7928128,"{""1"":{""avg"":27,""max"":31.2,""min"":22.3},""2"":{""avg"":26.8,""max"":31.1,""min"":22},""3"":{""avg"":27.3,""max"":31.1,""min"":22.6},""4"":{""avg"":27.9,""max"":31.6,""min"":23.6},""5"":{""avg"":28.7,""max"":32.1,""min"":24.5},""6"":{""avg"":29.5,""max"":32.9,""min"":25.4},""7"":{""avg"":29.8,""max"":33.4,""min"":25.5},""8"":{""avg"":29.8,""max"":33.4,""min"":25.6},""9"":{""avg"":29.6,""max"":33.3,""min"":25.3},""10"":{""avg"":28.8,""max"":32.7,""min"":24.6},""11"":{""avg"":28,""max"":32.1,""min"":23.7},""12"":{""avg"":27.6,""max"":31.7,""min"":22.9}}","[""Short trip"",""One week""]",Mid-range,4,3,3,3,4,4,3,3,2,2,27.0,26.8,27.3,27.9,28.7,29.5,29.8,29.8,29.6,28.8,28.0,27.6,"['Short trip', 'One week']",0,0,1,1,0,1,1.2579847770728652,0.4797862447697933,Miejskie i kulturowe
4e2d3678-bbb3-428e-a1df-0ba956ef3c77,Nafplio,Greece,europe,"Charming cobblestone streets, vibrant bougainvillea, and the gentle sea breeze create a serene atmosphere perfect for leisurely exploration and relaxation.",37.5659229,22.8068782,"{""1"":{""avg"":8,""max"":11.7,""min"":4.5},""2"":{""avg"":8.7,""max"":12.9,""min"":4.9},""3"":{""avg"":11.4,""max"":16.4,""min"":6.6},""4"":{""avg"":15.2,""max"":20.4,""min"":9.7},""5"":{""avg"":20.3,""max"":25.8,""min"":14.3},""6"":{""avg"":25.5,""max"":31,""min"":19.1},""7"":{""avg"":28.3,""max"":33.7,""min"":22},""8"":{""avg"":27.9,""max"":33.2,""min"":22.1},""9"":{""avg"":23.6,""max"":28.4,""min"":18.9},""10"":{""avg"":18.5,""max"":22.7,""min"":14.5},""11"":{""avg"":13.7,""max"":17.6,""min"":10.2},""12"":{""avg"":9.5,""max"":13,""min"":6.2}}","[""Short trip"",""Weekend"",""Day trip""]",Mid-range,4,3,4,3,3,4,3,3,4,2,8.0,8.7,11.4,15.2,20.3,25.5,28.3,27.9,23.6,18.5,13.7,9.5,"['Short trip', 'Weekend', 'Day trip']",1,1,1,0,0,2,-0.4109809445922327,0.05222583946925476,Spokojne kierunki kulturowe
b78d096a-87d0-4010-baac-e4879cab6aa9,Tbilisi,Georgia,asia,"Cobblestone streets wind through eclectic neighborhoods, where vibrant markets and ancient architecture create a welcoming blend of history and modern charm.",41.6934591,44.8014495,"{""1"":{""avg"":3.5,""max"":8.1,""min"":0.3},""2"":{""avg"":5.1,""max"":9.6,""min"":1.5},""3"":{""avg"":8.7,""max"":14,""min"":4},""4"":{""avg"":13.9,""max"":19.6,""min"":9.2},""5"":{""avg"":18.1,""max"":23.7,""min"":12.9},""6"":{""avg"":23.6,""max"":30,""min"":18.5},""7"":{""avg"":25.8,""max"":31.9,""min"":20.6},""8"":{""avg"":26,""max"":32.7,""min"":19.5},""9"":{""avg"":21,""max"":27.2,""min"":15.6},""10"":{""avg"":14.8,""max"":20.6,""min"":10.8},""11"":{""avg"":8.9,""max"":14,""min"":5.2},""12"":{""avg"":4.5,""max"":8.8,""min"":1.3}}","[""Short trip"",""Weekend"",""One week""]",Budget,4,3,3,1,3,4,3,3,3,1,3.5,5.1,8.7,13.9,18.1,23.6,25.8,26.0,21.0,14.8,8.9,4.5,"['Short trip', 'Weekend', 'One week']",0,1,1,1,0,2,0.6503769908434615,-0.7647156056578088,Spokojne kierunki kulturowe
d5bca023-e7ef-45a6-bbf3-f27313ce544d,Heidelberg,Germany,europe,"Cobblestone streets lined with charming old buildings and the gentle flow of the Neckar River create an inviting, romantic atmosphere.",49.4093582,8.694724,"{""1"":{""avg"":3.1,""max"":6,""min"":0.4},""2"":{""avg"":5,""max"":9,""min"":1.8},""3"":{""avg"":7.1,""max"":11.5,""min"":3.5},""4"":{""avg"":9.2,""max"":14.1,""min"":4.5},""5"":{""avg"":14.8,""max"":19.6,""min"":10},""6"":{""avg"":20.3,""max"":25.4,""min"":14.8},""7"":{""avg"":20.8,""max"":25.8,""min"":15.6},""8"":{""avg"":21,""max"":26.2,""min"":16.2},""9"":{""avg"":17.1,""max"":22.2,""min"":12.7},""10"":{""avg"":12.7,""max"":17.1,""min"":9},""11"":{""avg"":6.6,""max"":9.4,""min"":3.9},""12"":{""avg"":4.1,""max"":6.4,""min"":1.8}}","[""Short trip"",""Weekend""]",Mid-range,5,2,4,1,3,4,3,3,4,2,3.1,5.0,7.1,9.2,14.8,20.3,20.8,21.0,17.1,12.7,6.6,4.1,"['Short trip', 'Weekend']",0,1,1,0,0,2,0.6058762700609541,-1.3075203157439053,Spokojne kierunki kulturowe
a881b470-86d0-4ce0-913b-1d453f68466e,Hobart,Australia,oceania,"Charming waterfront views and a laid-back vibe invite exploration through historic streets, bustling markets, and the surrounding natural beauty of rugged landscapes.",-42.8825088,147.3281233,"{""1"":{""avg"":16.8,""max"":23.2,""min"":13.8},""2"":{""avg"":16.4,""max"":22.7,""min"":13},""3"":{""avg"":15,""max"":21.2,""min"":11.8},""4"":{""avg"":12.8,""max"":18.8,""min"":9.7},""5"":{""avg"":10.4,""max"":15.4,""min"":7.7},""6"":{""avg"":8.8,""max"":13.2,""min"":5.9},""7"":{""avg"":8.5,""max"":13,""min"":5.4},""8"":{""avg"":9.2,""max"":14.1,""min"":5.7},""9"":{""avg"":10.1,""max"":16.1,""min"":7},""10"":{""avg"":11.5,""max"":18,""min"":8.6},""11"":{""avg"":12.9,""max"":20,""min"":10.4},""12"":{""avg"":14.5,""max"":21.6,""min"":12.1}}","[""Weekend"",""One week"",""Short trip""]",Mid-range,4,3,5,3,2,4,3,3,4,2,16.8,16.4,15.0,12.8,10.4,8.8,8.5,9.2,10.1,11.5,12.9,14.5,"['Weekend', 'One week', 'Short trip']",0,1,1,1,0,2,-1.2448724608818973,-0.14750824632879478,Spokojne kierunki kulturowe
6234202f-ff97-4d9b-955f-92bccb61c317,Nagasaki,Japan,asia,"Steeped in history and surrounded by lush hills, this city offers a poignant mix of serene gardens and vibrant cultural experiences.",33.1154683,129.7874339,"{""1"":{""avg"":7.6,""max"":11.1,""min"":4.6},""2"":{""avg"":8.4,""max"":12.6,""min"":5.8},""3"":{""avg"":11.8,""max"":15.9,""min"":9},""4"":{""avg"":15.9,""max"":20.3,""min"":12.5},""5"":{""avg"":19.8,""max"":23.8,""min"":17},""6"":{""avg"":23.1,""max"":26.9,""min"":21.4},""7"":{""avg"":26.9,""max"":30.2,""min"":25.3},""8"":{""avg"":28.4,""max"":32.1,""min"":26.2},""9"":{""avg"":25.2,""max"":29.6,""min"":23.4},""10"":{""avg"":20.3,""max"":24.3,""min"":17.3},""11"":{""avg"":15.1,""max"":19.2,""min"":11.9},""12"":{""avg"":9.5,""max"":12.7,""min"":6.4}}","[""Weekend"",""Short trip""]",Mid-range,4,2,3,2,3,4,3,3,3,2,7.6,8.4,11.8,15.9,19.8,23.1,26.9,28.4,25.2,20.3,15.1,9.5,"['Weekend', 'Short trip']",0,1,1,0,0,2,0.9572665469286458,-0.7891230484739256,Spokojne kierunki kulturowe
4dd122b5-7ab0-48b0-999b-dd08231fd517,Utrecht,Netherlands,europe,"Charming canals lined with cozy cafés and historic buildings create a warm, inviting atmosphere perfect for leisurely strolls and quiet exploration.",52.0907006,5.1215634,"{""1"":{""avg"":4.3,""max"":6.8,""min"":1.6},""2"":{""avg"":5.1,""max"":8.3,""min"":1.8},""3"":{""avg"":6.7,""max"":11.1,""min"":2.6},""4"":{""avg"":9.5,""max"":14.5,""min"":4.2},""5"":{""avg"":13.8,""max"":18.8,""min"":7.9},""6"":{""avg"":17.4,""max"":22.3,""min"":11.8},""7"":{""avg"":18.4,""max"":23.2,""min"":12.8},""8"":{""avg"":18.4,""max"":23.6,""min"":13},""9"":{""avg"":15.3,""max"":20.4,""min"":10.2},""10"":{""avg"":11.8,""max"":15.6,""min"":7.9},""11"":{""avg"":7.5,""max"":10.6,""min"":4.3},""12"":{""avg"":5.9,""max"":8.2,""min"":3.3}}","[""Weekend"",""Short trip""]",Mid-range,4,2,3,1,4,4,3,4,3,2,4.3,5.1,6.7,9.5,13.8,17.4,18.4,18.4,15.3,11.8,7.5,5.9,"['Weekend', 'Short trip']",0,1,1,0,0,1,1.8676643598800629,-0.6034943787680705,Miejskie i kulturowe
9a90f31c-7073-4cdd-a6d1-6a6a1cbb4e8f,Bagan,Myanmar,asia,"Ancient temples rise from misty plains, where the golden glow of sunrise paints a serene landscape that feels both timeless and mystical.",21.1317111,94.8623644,"{""1"":{""avg"":21.4,""max"":27.3,""min"":15.7},""2"":{""avg"":24.6,""max"":31.1,""min"":18},""3"":{""avg"":28.4,""max"":34.9,""min"":21.5},""4"":{""avg"":31.3,""max"":37.5,""min"":25.3},""5"":{""avg"":30.1,""max"":35,""min"":26.1},""6"":{""avg"":28,""max"":31.7,""min"":25.4},""7"":{""avg"":27.5,""max"":31.1,""min"":25},""8"":{""avg"":27.1,""max"":30.5,""min"":24.8},""9"":{""avg"":27,""max"":30.5,""min"":24.5},""10"":{""avg"":26.2,""max"":29.7,""min"":23.4},""11"":{""avg"":24,""max"":28.4,""min"":19.9},""12"":{""avg"":21.5,""max"":26.7,""min"":16.7}}","[""One week"",""Short trip""]",Budget,5,3,4,1,1,3,2,2,4,1,21.4,24.6,28.4,31.3,30.1,28.0,27.5,27.1,27.0,26.2,24.0,21.5,"['One week', 'Short trip']",0,0,1,1,0,2,-1.439573117138297,-3.2252627345059435,Spokojne kierunki kulturowe
46cdc57e-d4d6-49a4-819a-5b8161bbdb3e,Malmö,Sweden,europe,"Charming canals, innovative architecture, and a laid-back vibe make it perfect for leisurely strolls and exploring vibrant cultural scenes.",55.6052931,13.0001566,"{""1"":{""avg"":2.4,""max"":4.1,""min"":0.3},""2"":{""avg"":2.6,""max"":4.7,""min"":0.2},""3"":{""avg"":4.5,""max"":7,""min"":2},""4"":{""avg"":7.4,""max"":11.5,""min"":3.3},""5"":{""avg"":12.9,""max"":17.3,""min"":8.3},""6"":{""avg"":17,""max"":21.1,""min"":12.4},""7"":{""avg"":18,""max"":21.7,""min"":14.2},""8"":{""avg"":18.1,""max"":22.1,""min"":13.9},""9"":{""avg"":15.1,""max"":18.6,""min"":11.6},""10"":{""avg"":10.7,""max"":13.1,""min"":8.1},""11"":{""avg"":6.4,""max"":8.2,""min"":4.2},""12"":{""avg"":4,""max"":5.5,""min"":2.1}}","[""Short trip"",""Weekend""]",Mid-range,4,3,3,3,3,4,3,4,2,2,2.4,2.6,4.5,7.4,12.9,17.0,18.0,18.1,15.1,10.7,6.4,4.0,"['Short trip', 'Weekend']",0,1,1,0,0,1,1.2831896695414227,0.21842575017642865,Miejskie i kulturowe
5aab6f8f-70db-41a8-a1fb-e8d9026e533b,Amsterdam,Netherlands,europe,"Charming canals wind through vibrant neighborhoods, where historic architecture meets cozy cafés and the air buzzes with a creative energy.",52.3730796,4.8924534,"{""1"":{""avg"":4.6,""max"":6.8,""min"":2.2},""2"":{""avg"":5.2,""max"":8,""min"":2.4},""3"":{""avg"":7.4,""max"":10.8,""min"":4.2},""4"":{""avg"":9.6,""max"":13.6,""min"":5.6},""5"":{""avg"":13.8,""max"":18,""min"":9.6},""6"":{""avg"":17.2,""max"":21.2,""min"":13.1},""7"":{""avg"":18.4,""max"":22.2,""min"":14.4},""8"":{""avg"":18.7,""max"":22.6,""min"":14.8},""9"":{""avg"":15.6,""max"":19.5,""min"":11.9},""10"":{""avg"":12.2,""max"":15.3,""min"":9.2},""11"":{""avg"":7.9,""max"":10.4,""min"":5.3},""12"":{""avg"":6.1,""max"":8.2,""min"":3.8}}","[""Short trip"",""Weekend"",""One week""]",Mid-range,5,3,3,2,5,4,3,5,2,2,4.6,5.2,7.4,9.6,13.8,17.2,18.4,18.7,15.6,12.2,7.9,6.1,"['Short trip', 'Weekend', 'One week']",0,1,1,1,0,1,2.9926155139226323,0.5621420415722972,Miejskie i kulturowe
8755d625-7efa-4e92-aed9-cb2386083a44,New York,United States,north_america,"The city buzzes with energy, offering iconic skylines, diverse cultures, and a sensory overload of sights, sounds, and tastes at every corner.",40.7127281,-74.0060152,"{""1"":{""avg"":1.3,""max"":5.1,""min"":-2.4},""2"":{""avg"":3,""max"":7,""min"":-1},""3"":{""avg"":6.6,""max"":11.4,""min"":2},""4"":{""avg"":12,""max"":16.7,""min"":7.6},""5"":{""avg"":17.5,""max"":22.4,""min"":13.1},""6"":{""avg"":22.5,""max"":27.3,""min"":18.1},""7"":{""avg"":26.1,""max"":30.7,""min"":22},""8"":{""avg"":25.2,""max"":29.6,""min"":21.4},""9"":{""avg"":21.7,""max"":26.1,""min"":17.8},""10"":{""avg"":15.6,""max"":20,""min"":11.5},""11"":{""avg"":9.3,""max"":13.5,""min"":5.2},""12"":{""avg"":4.4,""max"":8,""min"":0.7}}","[""Long trip"",""One week"",""Short trip""]",Luxury,5,3,3,2,5,5,3,5,1,3,1.3,3.0,6.6,12.0,17.5,22.5,26.1,25.2,21.7,15.6,9.3,4.4,"['Long trip', 'One week', 'Short trip']",0,0,1,1,1,1,3.923735959950966,1.0914850741541156,Miejskie i kulturowe
79a47311-1ffb-44d1-bd87-a1a9fb190f40,Chicago,United States,north_america,"Dynamic streets filled with diverse food, vibrant arts, and stunning architecture create a lively yet welcoming urban atmosphere by the lake.",41.8755616,-87.6244212,"{""1"":{""avg"":-2.5,""max"":0.7,""min"":-6.1},""2"":{""avg"":-0.9,""max"":3.4,""min"":-5.4},""3"":{""avg"":4.3,""max"":9.4,""min"":0.7},""4"":{""avg"":10.3,""max"":15.5,""min"":5.3},""5"":{""avg"":17,""max"":22.3,""min"":11.9},""6"":{""avg"":22.7,""max"":28,""min"":17.6},""7"":{""avg"":24.9,""max"":29.4,""min"":20.3},""8"":{""avg"":24.2,""max"":28.8,""min"":19.7},""9"":{""avg"":21.2,""max"":26,""min"":16.7},""10"":{""avg"":13.6,""max"":18.3,""min"":9.1},""11"":{""avg"":6.3,""max"":10.3,""min"":2.1},""12"":{""avg"":1.1,""max"":4.8,""min"":-2.3}}","[""One week"",""Short trip""]",Luxury,5,3,3,2,5,5,3,5,2,3,-2.5,-0.9,4.3,10.3,17.0,22.7,24.9,24.2,21.2,13.6,6.3,1.1,"['One week', 'Short trip']",0,0,1,1,0,1,3.5061988572632496,0.9775719144028711,Miejskie i kulturowe
630b0ecb-8651-476e-803d-b65f99f342a3,Raleigh,United States,north_america,"Tree-lined streets and historic architecture mix with modern art scenes and vibrant food markets, offering a warm, welcoming southern charm.",35.7803977,-78.6390989,"{""1"":{""avg"":5.7,""max"":11.2,""min"":0.3},""2"":{""avg"":8.5,""max"":14.4,""min"":2.5},""3"":{""avg"":12,""max"":18.2,""min"":6},""4"":{""avg"":16.5,""max"":23.1,""min"":9.9},""5"":{""avg"":20.8,""max"":26.9,""min"":15.2},""6"":{""avg"":25,""max"":31,""min"":19.2},""7"":{""avg"":27,""max"":33.1,""min"":21.8},""8"":{""avg"":26.1,""max"":32.1,""min"":21},""9"":{""avg"":23,""max"":28.9,""min"":17.9},""10"":{""avg"":17.3,""max"":23.7,""min"":11.3},""11"":{""avg"":11.2,""max"":17.7,""min"":5},""12"":{""avg"":8.3,""max"":14,""min"":2.8}}","[""Short trip"",""Weekend""]",Mid-range,4,3,4,2,3,4,3,4,3,2,5.7,8.5,12.0,16.5,20.8,25.0,27.0,26.1,23.0,17.3,11.2,8.3,"['Short trip', 'Weekend']",0,1,1,0,0,2,0.52486266614542,-0.05314573492860518,Spokojne kierunki kulturowe
0d1ac2c5-e3d5-40b5-ad56-01f3d67710ab,Trondheim,Norway,europe,"Charming wooden houses, crisp Nordic air, and a vibrant student atmosphere create a cozy yet lively vibe that's both welcoming and invigorating.",63.4304475,10.3952118,"{""1"":{""avg"":-0.8,""max"":1.8,""min"":-3.5},""2"":{""avg"":-0.4,""max"":2.2,""min"":-3},""3"":{""avg"":1.4,""max"":5.5,""min"":-1.8},""4"":{""avg"":4.6,""max"":8.5,""min"":1},""5"":{""avg"":9.9,""max"":14.3,""min"":5.7},""6"":{""avg"":13.5,""max"":17.7,""min"":9.6},""7"":{""avg"":15.1,""max"":19.3,""min"":11.4},""8"":{""avg"":14.5,""max"":18.6,""min"":10.8},""9"":{""avg"":11.5,""max"":15.2,""min"":8.3},""10"":{""avg"":6.3,""max"":9.3,""min"":3.6},""11"":{""avg"":1.8,""max"":4.3,""min"":-0.6},""12"":{""avg"":0,""max"":2.5,""min"":-2.7}}","[""Short trip"",""Weekend"",""One week""]",Luxury,4,3,4,2,3,3,3,3,4,3,-0.8,-0.4,1.4,4.6,9.9,13.5,15.1,14.5,11.5,6.3,1.8,0.0,"['Short trip', 'Weekend', 'One week']",0,1,1,1,0,2,-0.8235539772529525,-0.7260416767720184,Spokojne kierunki kulturowe
955899e4-7ccb-4b6a-a85c-a9b73efe6876,Bruges,Belgium,europe,"Cobblestone streets lined with medieval architecture and the aroma of fresh waffles create a charming and nostalgic atmosphere, perfect for leisurely exploration.",51.2085526,3.226772,"{""1"":{""avg"":5.4,""max"":7.2,""min"":3.3},""2"":{""avg"":5.7,""max"":8.3,""min"":3.2},""3"":{""avg"":7.7,""max"":10,""min"":5.5},""4"":{""avg"":9.7,""max"":12.6,""min"":6.7},""5"":{""avg"":12.9,""max"":15.8,""min"":9.9},""6"":{""avg"":16.3,""max"":19.3,""min"":13.2},""7"":{""avg"":18.1,""max"":21,""min"":14.8},""8"":{""avg"":18.4,""max"":21.7,""min"":15},""9"":{""avg"":15.9,""max"":19.1,""min"":12.7},""10"":{""avg"":12.9,""max"":15.7,""min"":10.3},""11"":{""avg"":8.8,""max"":11,""min"":6.6},""12"":{""avg"":6.4,""max"":8.3,""min"":4.3}}","[""Short trip"",""Weekend""]",Mid-range,5,2,3,1,3,4,3,3,4,2,5.4,5.7,7.7,9.7,12.9,16.3,18.1,18.4,15.9,12.9,8.8,6.4,"['Short trip', 'Weekend']",0,1,1,0,0,2,1.047676481449137,-1.512699633800815,Spokojne kierunki kulturowe
57239ab4-5376-4b81-a35e-fc8a27fb5812,Reykjavik,Iceland,europe,"Colorful rooftops, crisp sea air, and the allure of geothermal pools create a unique blend of natural beauty and urban charm.",64.145981,-21.9422367,"{""1"":{""avg"":0.1,""max"":2.8,""min"":-2.8},""2"":{""avg"":1,""max"":3.7,""min"":-1.8},""3"":{""avg"":1.6,""max"":4.5,""min"":-1},""4"":{""avg"":4.3,""max"":7.5,""min"":1.6},""5"":{""avg"":6.9,""max"":10.2,""min"":4},""6"":{""avg"":9.7,""max"":12.9,""min"":7},""7"":{""avg"":11.6,""max"":14.9,""min"":9.1},""8"":{""avg"":11.2,""max"":14.5,""min"":8.5},""9"":{""avg"":8.6,""max"":11.6,""min"":6},""10"":{""avg"":5.5,""max"":8.2,""min"":3.1},""11"":{""avg"":2.7,""max"":5.1,""min"":0.2},""12"":{""avg"":0.4,""max"":2.9,""min"":-2.4}}","[""Short trip"",""One week"",""Weekend""]",Luxury,3,4,5,2,3,3,4,3,4,3,0.1,1.0,1.6,4.3,6.9,9.7,11.6,11.2,8.6,5.5,2.7,0.4,"['Short trip', 'One week', 'Weekend']",0,1,1,1,0,0,-2.157703412013977,1.04938642486342,Natura i przygoda
6d8f232e-d34d-4dac-95c4-e01d7983124c,Seoul,South Korea,asia,"A dynamic blend of futuristic skyscrapers and ancient palaces, bustling markets, and tranquil parks, creating an energetic yet harmonious urban experience.",37.5666791,126.9782914,"{""1"":{""avg"":-1.5,""max"":3.5,""min"":-4.5},""2"":{""avg"":1.1,""max"":6.5,""min"":-2.2},""3"":{""avg"":7.6,""max"":13.4,""min"":3.4},""4"":{""avg"":13.7,""max"":19.1,""min"":9},""5"":{""avg"":18.8,""max"":24.3,""min"":13.9},""6"":{""avg"":23.4,""max"":28.4,""min"":19.4},""7"":{""avg"":26.6,""max"":30.1,""min"":23.5},""8"":{""avg"":27,""max"":31.1,""min"":24.3},""9"":{""avg"":22.7,""max"":27.1,""min"":19.1},""10"":{""avg"":15.4,""max"":20.3,""min"":11},""11"":{""avg"":7.9,""max"":13.2,""min"":4.2},""12"":{""avg"":0.1,""max"":4.2,""min"":-3.6}}","[""One week"",""Short trip""]",Mid-range,5,3,3,2,5,5,4,5,2,2,-1.5,1.1,7.6,13.7,18.8,23.4,26.6,27.0,22.7,15.4,7.9,0.1,"['One week', 'Short trip']",0,0,1,1,0,1,3.428686227183801,1.913749829589638,Miejskie i kulturowe
86f34228-6edb-4171-ba62-79fffa9e06f6,Ankara,Turkey,asia,"A blend of modern and historic vibes, offering bustling markets, serene parks, and a rich tapestry of cultural experiences.",39.9207759,32.8540497,"{""1"":{""avg"":2,""max"":5.7,""min"":-2},""2"":{""avg"":4.5,""max"":8.6,""min"":-0.9},""3"":{""avg"":7.7,""max"":12.9,""min"":1.6},""4"":{""avg"":12.7,""max"":17.9,""min"":5.5},""5"":{""avg"":16.8,""max"":22.8,""min"":10.2},""6"":{""avg"":21,""max"":26.9,""min"":13.9},""7"":{""avg"":24.8,""max"":31.2,""min"":16.6},""8"":{""avg"":25.4,""max"":31.8,""min"":17.7},""9"":{""avg"":20.6,""max"":27.4,""min"":12.9},""10"":{""avg"":14.7,""max"":21,""min"":7.6},""11"":{""avg"":8.6,""max"":14.2,""min"":2.1},""12"":{""avg"":4,""max"":7.7,""min"":-0.2}}","[""One week"",""Short trip""]",Mid-range,4,2,3,1,3,4,3,4,2,2,2.0,4.5,7.7,12.7,16.8,21.0,24.8,25.4,20.6,14.7,8.6,4.0,"['One week', 'Short trip']",0,0,1,1,0,1,1.8931101576662985,-0.8944946228717854,Miejskie i kulturowe
fa445d6d-7fb4-4832-ba37-08ff468a1430,Kyoto,Japan,asia,"Serene temples and vibrant gardens blend with the gentle rustle of bamboo forests, creating a tranquil yet deeply enriching experience.",35.0115754,135.7681441,"{""1"":{""avg"":5.2,""max"":9.5,""min"":2.4},""2"":{""avg"":6.2,""max"":10.7,""min"":3.2},""3"":{""avg"":10.2,""max"":15.4,""min"":6.1},""4"":{""avg"":15.4,""max"":20.4,""min"":10.5},""5"":{""avg"":20.2,""max"":25.5,""min"":15.2},""6"":{""avg"":23.6,""max"":28.3,""min"":20},""7"":{""avg"":28,""max"":32.5,""min"":24.3},""8"":{""avg"":29.1,""max"":34.2,""min"":25.9},""9"":{""avg"":25.3,""max"":29.8,""min"":22.7},""10"":{""avg"":18.9,""max"":23.8,""min"":15.7},""11"":{""avg"":13.3,""max"":18.1,""min"":9.9},""12"":{""avg"":7.6,""max"":11.6,""min"":4.3}}","[""Short trip"",""One week""]",Luxury,5,2,4,1,2,5,3,3,4,3,5.2,6.2,10.2,15.4,20.2,23.6,28.0,29.1,25.3,18.9,13.3,7.6,"['Short trip', 'One week']",0,0,1,1,0,2,0.7273683085000897,-1.2970038467682905,Spokojne kierunki kulturowe
1fd503e7-d209-40c1-abd0-299af9c7d4de,Tampa,United States,north_america,"Sun-drenched streets, vibrant waterfronts, and a lively cultural scene create an inviting mix of relaxation and adventure for visitors.",27.9477595,-82.458444,"{""1"":{""avg"":16.4,""max"":21.6,""min"":11.8},""2"":{""avg"":19.4,""max"":24.8,""min"":14.6},""3"":{""avg"":21.5,""max"":26.7,""min"":16.9},""4"":{""avg"":24,""max"":29.1,""min"":19.4},""5"":{""avg"":26.4,""max"":31.7,""min"":21.9},""6"":{""avg"":28.1,""max"":32.5,""min"":24.5},""7"":{""avg"":28.6,""max"":33,""min"":25.3},""8"":{""avg"":28.8,""max"":33.1,""min"":25.4},""9"":{""avg"":27.3,""max"":32.1,""min"":23.6},""10"":{""avg"":25,""max"":29.9,""min"":21},""11"":{""avg"":21.6,""max"":26.6,""min"":17.4},""12"":{""avg"":19.1,""max"":24.2,""min"":14.8}}","[""One week"",""Short trip"",""Weekend""]",Mid-range,3,3,4,4,4,4,3,3,2,2,16.4,19.4,21.5,24.0,26.4,28.1,28.6,28.8,27.3,25.0,21.6,19.1,"['One week', 'Short trip', 'Weekend']",0,1,1,1,0,3,0.308237528476474,1.2946289884023479,"Plaże, natura i relaks"
39e15d15-ec4c-4ba9-9cd5-6775945aad8f,Dublin,Ireland,europe,"Charming cobblestone streets, lively pubs filled with music, and a rich tapestry of history create a welcoming and vibrant atmosphere.",53.3493795,-6.2605593,"{""1"":{""avg"":5.4,""max"":8.3,""min"":2.4},""2"":{""avg"":6,""max"":9.4,""min"":3},""3"":{""avg"":6.5,""max"":10.9,""min"":3.3},""4"":{""avg"":7.9,""max"":12.8,""min"":4.2},""5"":{""avg"":11.3,""max"":16.5,""min"":7.3},""6"":{""avg"":13.9,""max"":18.9,""min"":10},""7"":{""avg"":15.4,""max"":20.3,""min"":11.7},""8"":{""avg"":15.1,""max"":19.9,""min"":11.4},""9"":{""avg"":13.2,""max"":17.8,""min"":9.6},""10"":{""avg"":10.8,""max"":14.6,""min"":7.6},""11"":{""avg"":7.7,""max"":11,""min"":4.8},""12"":{""avg"":6.7,""max"":9.5,""min"":3.8}}","[""Short trip"",""One week"",""Weekend""]",Mid-range,4,2,3,2,4,4,3,4,2,2,5.4,6.0,6.5,7.9,11.3,13.9,15.4,15.1,13.2,10.8,7.7,6.7,"['Short trip', 'One week', 'Weekend']",0,1,1,1,0,1,2.1841911518878825,-0.126743575606127,Miejskie i kulturowe
c0cc2c39-9e57-4edd-8696-2119a96ca6cb,Washington,United States,north_america,"Majestic landscapes blend with vibrant city life, offering a mix of natural beauty, cultural richness, and a welcoming atmosphere.",38.8950368,-77.0365427,"{""1"":{""avg"":3.3,""max"":7.5,""min"":-0.6},""2"":{""avg"":5.2,""max"":10.1,""min"":0.7},""3"":{""avg"":9.3,""max"":14.7,""min"":4.5},""4"":{""avg"":14.9,""max"":20.4,""min"":9.6},""5"":{""avg"":19.7,""max"":24.8,""min"":15},""6"":{""avg"":24.8,""max"":29.8,""min"":20},""7"":{""avg"":27.5,""max"":32.4,""min"":23.1},""8"":{""avg"":26.4,""max"":31.2,""min"":22.1},""9"":{""avg"":23,""max"":27.7,""min"":18.7},""10"":{""avg"":16.8,""max"":21.8,""min"":12.2},""11"":{""avg"":10.4,""max"":15.2,""min"":5.7},""12"":{""avg"":6.2,""max"":10.5,""min"":2.2}}","[""Weekend"",""One week"",""Short trip""]",Mid-range,5,2,3,1,4,4,3,5,2,2,3.3,5.2,9.3,14.9,19.7,24.8,27.5,26.4,23.0,16.8,10.4,6.2,"['Weekend', 'One week', 'Short trip']",0,1,1,1,0,1,3.1094343864661296,-0.5928540919201771,Miejskie i kulturowe
dd54b0e6-43e7-4be6-9eb4-5e4863f25f52,Livingstone,Zambia,africa,"Feel the rush of cascading waterfalls and the thrill of wildlife encounters, all amidst a backdrop of vibrant sunsets and warm local hospitality.",-17.853135,25.861429,"{""1"":{""avg"":23.8,""max"":27.5,""min"":20.2},""2"":{""avg"":24.6,""max"":30.1,""min"":19.6},""3"":{""avg"":24.5,""max"":30.8,""min"":18.7},""4"":{""avg"":23.3,""max"":29.8,""min"":16.5},""5"":{""avg"":20.3,""max"":28.1,""min"":11.7},""6"":{""avg"":17.6,""max"":25.4,""min"":9.4},""7"":{""avg"":16.9,""max"":25.8,""min"":7.8},""8"":{""avg"":21,""max"":29.8,""min"":11.9},""9"":{""avg"":25.2,""max"":33.2,""min"":16.7},""10"":{""avg"":28,""max"":34.5,""min"":20.2},""11"":{""avg"":27,""max"":32.6,""min"":21},""12"":{""avg"":25.8,""max"":30.8,""min"":20.9}}","[""One week"",""Short trip"",""Weekend""]",Mid-range,3,5,5,2,2,3,3,2,4,2,23.8,24.6,24.5,23.3,20.3,17.6,16.9,21.0,25.2,28.0,27.0,25.8,"['One week', 'Short trip', 'Weekend']",0,1,1,1,0,0,-3.2974781509711297,-0.048012717213085136,Natura i przygoda
09323a57-0f0c-4190-9ce5-e689efe6137d,Kraków,Poland,europe,"Cobblestone streets lead to vibrant squares filled with the buzz of locals and tourists alike, offering a blend of history and lively culture.",50.0619474,19.9368564,"{""1"":{""avg"":-0.4,""max"":2.9,""min"":-3.5},""2"":{""avg"":1.6,""max"":5.8,""min"":-2},""3"":{""avg"":4.3,""max"":10.2,""min"":-0.9},""4"":{""avg"":9.1,""max"":15,""min"":3.5},""5"":{""avg"":13.9,""max"":19.7,""min"":8.2},""6"":{""avg"":19.1,""max"":25,""min"":13.3},""7"":{""avg"":20,""max"":26,""min"":14.3},""8"":{""avg"":20,""max"":26.2,""min"":14.5},""9"":{""avg"":15.1,""max"":20.7,""min"":10.3},""10"":{""avg"":9.8,""max"":15.3,""min"":5.3},""11"":{""avg"":4.6,""max"":8.3,""min"":1.3},""12"":{""avg"":1.5,""max"":4.5,""min"":-1.5}}","[""Short trip"",""Weekend"",""One week""]",Mid-range,5,2,3,1,4,4,3,4,2,2,-0.4,1.6,4.3,9.1,13.9,19.1,20.0,20.0,15.1,9.8,4.6,1.5,"['Short trip', 'Weekend', 'One week']",0,1,1,1,0,1,2.6921381890960907,-0.7364070011817718,Miejskie i kulturowe
87177e3c-1535-45af-a1e7-e65357f2c0d3,Petra,Jordan,middle_east,"Wandering through ancient canyons, you'll feel the echoes of history in the rose-red stone, with every step revealing stunning, time-worn architecture.",30.3258363,35.4745669,"{""1"":{""avg"":9.5,""max"":17,""min"":5.2},""2"":{""avg"":10.9,""max"":17.6,""min"":5.7},""3"":{""avg"":14,""max"":18.5,""min"":6},""4"":{""avg"":19.4,""max"":27.8,""min"":12.3},""5"":{""avg"":24,""max"":31.6,""min"":15.8},""6"":{""avg"":27.1,""max"":34.8,""min"":19.2},""7"":{""avg"":28.7,""max"":35.9,""min"":21.8},""8"":{""avg"":28.6,""max"":35.7,""min"":21.8},""9"":{""avg"":26.8,""max"":34.5,""min"":19.9},""10"":{""avg"":22.4,""max"":29.7,""min"":16.1},""11"":{""avg"":15.9,""max"":23.6,""min"":11},""12"":{""avg"":11.8,""max"":19,""min"":6.9}}","[""Short trip"",""One week""]",Mid-range,5,4,4,1,1,3,2,1,4,2,9.5,10.9,14.0,19.4,24.0,27.1,28.7,28.6,26.8,22.4,15.9,11.8,"['Short trip', 'One week']",0,0,1,1,0,2,-2.264769181273418,-2.981570557540722,Spokojne kierunki kulturowe
50dc5be0-a23e-4da3-aecc-f5f095c26bdb,Athens,Greece,europe,"Ancient ruins stand proudly against a backdrop of vibrant street life and bustling markets, where history and modernity create an electrifying blend.",37.9755648,23.7348324,"{""1"":{""avg"":10.6,""max"":14.7,""min"":8},""2"":{""avg"":11.3,""max"":15.4,""min"":8.2},""3"":{""avg"":13.1,""max"":16.7,""min"":9},""4"":{""avg"":17.2,""max"":21.5,""min"":12.8},""5"":{""avg"":21.3,""max"":26.2,""min"":16.9},""6"":{""avg"":26.1,""max"":32,""min"":22.2},""7"":{""avg"":29.5,""max"":35.2,""min"":25.5},""8"":{""avg"":29.2,""max"":34.6,""min"":25},""9"":{""avg"":25.1,""max"":30.2,""min"":21.2},""10"":{""avg"":20.4,""max"":25.2,""min"":17.4},""11"":{""avg"":16.4,""max"":20.4,""min"":13.7},""12"":{""avg"":12.4,""max"":16.3,""min"":10.3}}","[""One week"",""Short trip"",""Weekend""]",Mid-range,5,3,3,3,4,5,3,4,2,2,10.6,11.3,13.1,17.2,21.3,26.1,29.5,29.2,25.1,20.4,16.4,12.4,"['One week', 'Short trip', 'Weekend']",0,1,1,1,0,1,2.595801044311832,0.7919432446970162,Miejskie i kulturowe
769e57b7-a2fe-4eb9-8d39-4c7a0b940c02,Malé,Maldives,asia,"Vibrant markets, azure waters, and the gentle hum of island life create an inviting atmosphere that feels both exotic and familiar.",4.1779879,73.5107387,"{""1"":{""avg"":28.6,""max"":31.1,""min"":26.6},""2"":{""avg"":29,""max"":31.5,""min"":27},""3"":{""avg"":29.6,""max"":32,""min"":27.3},""4"":{""avg"":30.2,""max"":32.6,""min"":27.7},""5"":{""avg"":29.7,""max"":32.1,""min"":27.4},""6"":{""avg"":29.7,""max"":32,""min"":27.6},""7"":{""avg"":29.3,""max"":31.7,""min"":27},""8"":{""avg"":29.1,""max"":31.4,""min"":26.7},""9"":{""avg"":28.8,""max"":31.2,""min"":26.4},""10"":{""avg"":28.7,""max"":30.9,""min"":26.2},""11"":{""avg"":28.6,""max"":30.9,""min"":26.2},""12"":{""avg"":28.6,""max"":31,""min"":26.4}}","[""Short trip"",""Weekend""]",Mid-range,2,3,5,5,2,3,4,3,3,2,28.6,29.0,29.6,30.2,29.7,29.7,29.3,29.1,28.8,28.7,28.6,28.6,"['Short trip', 'Weekend']",0,1,1,0,0,3,-2.4343254060306623,1.7064798069299325,"Plaże, natura i relaks"
163cf783-592c-448f-b33c-f28ac7cce617,Austin,United States,north_america,"Live music spills from vibrant bars, food trucks serve up eclectic flavors, and the warm, welcoming vibe makes you feel instantly at home.",30.2711286,-97.7436995,"{""1"":{""avg"":10.8,""max"":17,""min"":5.2},""2"":{""avg"":12.9,""max"":19.1,""min"":7.4},""3"":{""avg"":17.5,""max"":24.2,""min"":12.4},""4"":{""avg"":20.9,""max"":27.2,""min"":15.3},""5"":{""avg"":24.8,""max"":30.8,""min"":19.8},""6"":{""avg"":28.6,""max"":34.9,""min"":23.3},""7"":{""avg"":30.2,""max"":37.2,""min"":24.7},""8"":{""avg"":30.3,""max"":37.4,""min"":24.6},""9"":{""avg"":27.7,""max"":34.2,""min"":22.1},""10"":{""avg"":22.4,""max"":29.3,""min"":16.4},""11"":{""avg"":16.5,""max"":22.6,""min"":11},""12"":{""avg"":13.2,""max"":19.4,""min"":7.7}}","[""Short trip"",""Weekend"",""One week""]",Mid-range,4,3,3,1,5,5,3,4,2,2,10.8,12.9,17.5,20.9,24.8,28.6,30.2,30.3,27.7,22.4,16.5,13.2,"['Short trip', 'Weekend', 'One week']",0,1,1,1,0,1,2.7829762440447965,0.718007143895523,Miejskie i kulturowe
e3597f71-7e84-47f9-b3f2-567398c8fcdd,Pago Pago,American Samoa,oceania,"Lush green mountains meet crystal-clear waters, where laid-back island vibes and vibrant Polynesian culture create a welcoming and serene atmosphere.",-14.2754786,-170.7048298,"{""1"":{""avg"":28.4,""max"":31,""min"":25.8},""2"":{""avg"":28.1,""max"":30.9,""min"":25.7},""3"":{""avg"":28.4,""max"":31.4,""min"":25.7},""4"":{""avg"":28.2,""max"":30.7,""min"":25.8},""5"":{""avg"":28,""max"":30.2,""min"":25.7},""6"":{""avg"":27.5,""max"":29.5,""min"":25.6},""7"":{""avg"":27.1,""max"":29.1,""min"":25.2},""8"":{""avg"":27,""max"":29.2,""min"":24.9},""9"":{""avg"":27.4,""max"":29.8,""min"":25.1},""10"":{""avg"":27.7,""max"":30.1,""min"":25.4},""11"":{""avg"":27.9,""max"":30.5,""min"":25.5},""12"":{""avg"":28,""max"":30.6,""min"":25.6}}","[""One week"",""Short trip""]",Mid-range,3,4,5,4,2,3,3,2,4,2,28.4,28.1,28.4,28.2,28.0,27.5,27.1,27.0,27.4,27.7,27.9,28.0,"['One week', 'Short trip']",0,0,1,1,0,0,-3.0915989055658426,0.29041748338149714,Natura i przygoda
e8ad2770-6863-4e5c-a993-04884328802e,Luanda,Angola,africa,"A bustling port city with vibrant markets, lively music scenes, and a warm coastal breeze that invites exploration and discovery.",-8.8272699,13.2439512,"{""1"":{""avg"":27.4,""max"":31,""min"":24.7},""2"":{""avg"":27.7,""max"":31.4,""min"":25},""3"":{""avg"":28,""max"":31.8,""min"":25.2},""4"":{""avg"":27.6,""max"":31.5,""min"":24.7},""5"":{""avg"":26.6,""max"":30.5,""min"":24.4},""6"":{""avg"":23.8,""max"":27.6,""min"":21.6},""7"":{""avg"":22.3,""max"":25.7,""min"":20},""8"":{""avg"":22.1,""max"":25.8,""min"":19.9},""9"":{""avg"":23.4,""max"":27,""min"":21.2},""10"":{""avg"":25.4,""max"":28.7,""min"":23.2},""11"":{""avg"":26.7,""max"":29.8,""min"":24.3},""12"":{""avg"":27,""max"":30.5,""min"":24.4}}","[""One week"",""Short trip""]",Mid-range,3,3,3,3,3,4,2,3,2,2,27.4,27.7,28.0,27.6,26.6,23.8,22.3,22.1,23.4,25.4,26.7,27.0,"['One week', 'Short trip']",0,0,1,1,0,2,0.5364693757225215,-0.6144792921069875,Spokojne kierunki kulturowe
ae842628-e555-44fe-881f-93ac5378c589,New Orleans,United States,north_america,"Lively streets echo with jazz, while the scent of Creole cuisine fills the air, creating a vibrant and soulful experience.",29.9759983,-90.0782127,"{""1"":{""avg"":12.5,""max"":17.4,""min"":7.8},""2"":{""avg"":15.7,""max"":20.6,""min"":11.2},""3"":{""avg"":19.2,""max"":24,""min"":14.6},""4"":{""avg"":21.7,""max"":26.2,""min"":17.1},""5"":{""avg"":25.6,""max"":30.2,""min"":21.3},""6"":{""avg"":28.4,""max"":32.8,""min"":24.5},""7"":{""avg"":29.1,""max"":33.7,""min"":25.3},""8"":{""avg"":29.2,""max"":33.7,""min"":25.3},""9"":{""avg"":27.5,""max"":31.8,""min"":23.6},""10"":{""avg"":23.4,""max"":28.1,""min"":18.9},""11"":{""avg"":17.9,""max"":22.5,""min"":13.4},""12"":{""avg"":15.2,""max"":19.8,""min"":10.9}}","[""Short trip"",""Weekend"",""One week""]",Mid-range,5,3,2,2,5,5,3,4,2,2,12.5,15.7,19.2,21.7,25.6,28.4,29.1,29.2,27.5,23.4,17.9,15.2,"['Short trip', 'Weekend', 'One week']",0,1,1,1,0,1,3.5307028712813944,0.6288396870843665,Miejskie i kulturowe
4574d558-f5fa-4e6e-bead-e21b8cf0edcc,Raja Ampat,Indonesia,asia,"Crystal-clear waters teeming with vibrant marine life and secluded islands offer a serene escape, perfect for snorkeling and diving enthusiasts seeking adventure.",-0.7125553,130.30344727618905,"{""1"":{""avg"":27.6,""max"":31.8,""min"":24.6},""2"":{""avg"":27.6,""max"":31.5,""min"":24.6},""3"":{""avg"":27.6,""max"":31.8,""min"":24.6},""4"":{""avg"":27.7,""max"":32.1,""min"":24.7},""5"":{""avg"":27.5,""max"":31.8,""min"":24.8},""6"":{""avg"":26.8,""max"":31,""min"":24.2},""7"":{""avg"":26.4,""max"":30.5,""min"":23.9},""8"":{""avg"":26.5,""max"":30.6,""min"":23.8},""9"":{""avg"":26.7,""max"":31.1,""min"":23.8},""10"":{""avg"":27.2,""max"":31.9,""min"":24.3},""11"":{""avg"":27.5,""max"":32.1,""min"":24.5},""12"":{""avg"":27.6,""max"":31.9,""min"":24.5}}","[""Long trip"",""One week""]",Luxury,2,4,5,5,1,3,3,1,5,3,27.6,27.6,27.6,27.7,27.5,26.8,26.4,26.5,26.7,27.2,27.5,27.6,"['Long trip', 'One week']",0,0,0,1,1,0,-4.826470547733287,0.23770143608934372,Natura i przygoda
fa34b503-34f8-42a2-b918-a96c507e1378,Hamilton Island,Australia,oceania,"Turquoise waters and lush landscapes create a serene escape, where gentle sea breezes and vibrant sunsets offer a perfect island retreat.",-20.3546262,148.9560518,"{""1"":{""avg"":27.5,""max"":29.8,""min"":25.4},""2"":{""avg"":27.3,""max"":29.6,""min"":25.2},""3"":{""avg"":27.2,""max"":29,""min"":25.2},""4"":{""avg"":25.5,""max"":27.2,""min"":23.7},""5"":{""avg"":22.4,""max"":24.2,""min"":21},""6"":{""avg"":20.9,""max"":22.5,""min"":19.4},""7"":{""avg"":19.7,""max"":21.6,""min"":18.5},""8"":{""avg"":20.6,""max"":22.8,""min"":18.9},""9"":{""avg"":22.4,""max"":25,""min"":20.6},""10"":{""avg"":24.6,""max"":27,""min"":22.4},""11"":{""avg"":26,""max"":28.6,""min"":23.9},""12"":{""avg"":26.9,""max"":29.5,""min"":24.8}}","[""Short trip"",""One week""]",Luxury,2,4,5,5,3,4,4,2,4,3,27.5,27.3,27.2,25.5,22.4,20.9,19.7,20.6,22.4,24.6,26.0,26.9,"['Short trip', 'One week']",0,0,1,1,0,3,-2.771383924611401,2.6566021008294425,"Plaże, natura i relaks"
677fa6ef-b91a-4438-a73d-d497fc7cf2d8,Melbourne,Australia,oceania,"A vibrant mix of street art, diverse cuisine, and lively laneways create an atmosphere that's both exciting and warmly inviting.",-37.8142454,144.9631732,"{""1"":{""avg"":20.6,""max"":27.5,""min"":15.4},""2"":{""avg"":19.7,""max"":26.5,""min"":14.4},""3"":{""avg"":18.4,""max"":24.7,""min"":13.5},""4"":{""avg"":15.1,""max"":20.5,""min"":10.5},""5"":{""avg"":12.2,""max"":16.8,""min"":8.4},""6"":{""avg"":9.9,""max"":13.9,""min"":6.3},""7"":{""avg"":9.6,""max"":13.5,""min"":6.1},""8"":{""avg"":10.6,""max"":14.9,""min"":6.8},""9"":{""avg"":12.3,""max"":17.5,""min"":7.9},""10"":{""avg"":14.8,""max"":20.8,""min"":9.6},""11"":{""avg"":16.5,""max"":22.8,""min"":11.5},""12"":{""avg"":18.7,""max"":25.6,""min"":13.1}}","[""One week"",""Short trip"",""Weekend""]",Mid-range,5,3,3,3,4,5,4,5,2,2,20.6,19.7,18.4,15.1,12.2,9.9,9.6,10.6,12.3,14.8,16.5,18.7,"['One week', 'Short trip', 'Weekend']",0,1,1,1,0,1,2.9355846116024225,1.871674069145378,Miejskie i kulturowe
32ad5264-2d93-468d-84a0-f816c4833366,Puebla,Mexico,north_america,"Cobblestone streets filled with vibrant colors, lively markets, and the aroma of rich mole create an inviting and warm atmosphere.",18.833333,-98.0,"{""1"":{""avg"":14.4,""max"":23.2,""min"":6.3},""2"":{""avg"":16.5,""max"":25.6,""min"":7},""3"":{""avg"":18.4,""max"":27.9,""min"":9.1},""4"":{""avg"":20.1,""max"":29.9,""min"":11.8},""5"":{""avg"":20.4,""max"":28.8,""min"":12.7},""6"":{""avg"":19.1,""max"":26.9,""min"":12.7},""7"":{""avg"":18.2,""max"":25.8,""min"":11.9},""8"":{""avg"":18.3,""max"":25.6,""min"":12},""9"":{""avg"":17.8,""max"":25,""min"":12},""10"":{""avg"":17.3,""max"":24.9,""min"":10.6},""11"":{""avg"":16.3,""max"":25,""min"":8.2},""12"":{""avg"":15.2,""max"":23.3,""min"":6.6}}","[""Short trip"",""One week"",""Weekend""]",Mid-range,5,3,3,1,3,5,3,4,2,2,14.4,16.5,18.4,20.1,20.4,19.1,18.2,18.3,17.8,17.3,16.3,15.2,"['Short trip', 'One week', 'Weekend']",0,1,1,1,0,1,2.405730360770145,-0.33864544597934154,Miejskie i kulturowe
1a3cc3d3-d65f-481f-acc0-424bd9c3210e,Richmond,United States,north_america,"Historic streets lined with charming brick buildings, vibrant art scenes, and the gentle flow of the James River create a welcoming atmosphere.",37.5385087,-77.43428,"{""1"":{""avg"":3.9,""max"":9.3,""min"":-1.4},""2"":{""avg"":6.3,""max"":12.1,""min"":0.4},""3"":{""avg"":10.2,""max"":16.4,""min"":4},""4"":{""avg"":15.4,""max"":22,""min"":8.7},""5"":{""avg"":19.9,""max"":25.9,""min"":14.2},""6"":{""avg"":24.3,""max"":30.1,""min"":18.6},""7"":{""avg"":26.7,""max"":32.4,""min"":21.5},""8"":{""avg"":25.7,""max"":31.3,""min"":20.6},""9"":{""avg"":22.6,""max"":28.3,""min"":17.6},""10"":{""avg"":16.5,""max"":22.7,""min"":10.8},""11"":{""avg"":10.2,""max"":16.4,""min"":4.1},""12"":{""avg"":6.6,""max"":12.1,""min"":1.1}}","[""Short trip"",""Weekend"",""One week""]",Mid-range,4,3,3,2,3,4,3,3,3,2,3.9,6.3,10.2,15.4,19.9,24.3,26.7,25.7,22.6,16.5,10.2,6.6,"['Short trip', 'Weekend', 'One week']",0,1,1,1,0,2,0.5493666801635643,-0.40187796224710964,Spokojne kierunki kulturowe
5324f69c-3393-469d-b375-8f6e92fa085a,Bridgetown,Barbados,north_america,"Warm ocean breezes mingle with the rhythmic beats of calypso music, creating an inviting atmosphere perfect for unwinding and exploration.",13.0977832,-59.6184184,"{""1"":{""avg"":26.3,""max"":29.1,""min"":24.1},""2"":{""avg"":26,""max"":29,""min"":23.9},""3"":{""avg"":26.2,""max"":29.3,""min"":24},""4"":{""avg"":26.8,""max"":29.8,""min"":24.8},""5"":{""avg"":27.8,""max"":30.6,""min"":25.9},""6"":{""avg"":28.1,""max"":30.7,""min"":26.2},""7"":{""avg"":28,""max"":30.6,""min"":26},""8"":{""avg"":28,""max"":30.7,""min"":25.7},""9"":{""avg"":28.4,""max"":31.2,""min"":25.7},""10"":{""avg"":28.1,""max"":30.8,""min"":25.7},""11"":{""avg"":27.5,""max"":30.3,""min"":25},""12"":{""avg"":26.7,""max"":29.5,""min"":24.5}}","[""One week"",""Short trip"",""Weekend""]",Mid-range,3,3,4,5,4,4,4,3,2,2,26.3,26.0,26.2,26.8,27.8,28.1,28.0,28.0,28.4,28.1,27.5,26.7,"['One week', 'Short trip', 'Weekend']",0,1,1,1,0,3,0.12971458771712835,2.593644546999814,"Plaże, natura i relaks"
fe145875-322b-408f-8ce9-f4d04baf00a7,Oaxaca City,Mexico,north_america,Colorful streets filled with vibrant markets and the aroma of rich mole sauces create a warm and inviting cultural tapestry.,17.0604663,-96.7253575,"{""1"":{""avg"":18.9,""max"":29,""min"":9.9},""2"":{""avg"":20.3,""max"":30.8,""min"":10.3},""3"":{""avg"":22.1,""max"":32.8,""min"":12.6},""4"":{""avg"":23.3,""max"":33.9,""min"":13.9},""5"":{""avg"":23.5,""max"":32.9,""min"":15.7},""6"":{""avg"":22.1,""max"":30.2,""min"":15.8},""7"":{""avg"":21.7,""max"":29.6,""min"":14.7},""8"":{""avg"":21.4,""max"":29.2,""min"":14.8},""9"":{""avg"":21.4,""max"":28.9,""min"":14.8},""10"":{""avg"":20.9,""max"":28.9,""min"":13.7},""11"":{""avg"":19.9,""max"":29.2,""min"":11.4},""12"":{""avg"":18.8,""max"":28.6,""min"":9.6}}","[""Short trip"",""One week"",""Weekend""]",Mid-range,5,3,3,1,3,5,3,3,3,2,18.9,20.3,22.1,23.3,23.5,22.1,21.7,21.4,21.4,20.9,19.9,18.8,"['Short trip', 'One week', 'Weekend']",0,1,1,1,0,1,1.5708970607123893,-0.5961115149921807,Miejskie i kulturowe
bf232406-1a85-47a5-9287-6ba81272a3f0,San Sebastián,Spain,europe,"Golden beaches meet vibrant pintxo bars and lush green hills, creating a lively yet laid-back atmosphere perfect for unwinding and exploring.",43.3224219,-1.9838889,"{""1"":{""avg"":8.6,""max"":11.4,""min"":6},""2"":{""avg"":9.9,""max"":13,""min"":6.8},""3"":{""avg"":11,""max"":14.2,""min"":7.7},""4"":{""avg"":12.6,""max"":16,""min"":9.3},""5"":{""avg"":14.6,""max"":18.2,""min"":11.4},""6"":{""avg"":17.6,""max"":20.9,""min"":14.7},""7"":{""avg"":19.7,""max"":22.6,""min"":16.7},""8"":{""avg"":19.9,""max"":23.4,""min"":16.9},""9"":{""avg"":18.4,""max"":21.7,""min"":15.1},""10"":{""avg"":16.2,""max"":19.4,""min"":13.1},""11"":{""avg"":12.1,""max"":15,""min"":9.5},""12"":{""avg"":10.8,""max"":13.5,""min"":8.2}}","[""Short trip"",""Weekend"",""One week""]",Mid-range,4,3,3,5,4,5,3,3,2,2,8.6,9.9,11.0,12.6,14.6,17.6,19.7,19.9,18.4,16.2,12.1,10.8,"['Short trip', 'Weekend', 'One week']",0,1,1,1,0,1,1.5695474990536877,1.6208914044217653,Miejskie i kulturowe
2216dc6e-cb6a-4107-b6ea-dceebd9a53eb,Sedona,United States,north_america,"Red rock formations create a stunning backdrop for peaceful hikes, art galleries, and spiritual retreats, offering a serene escape from the everyday hustle.",34.8688613,-111.7614394,"{""1"":{""avg"":4.9,""max"":10.6,""min"":0.6},""2"":{""avg"":7.3,""max"":13.4,""min"":2.2},""3"":{""avg"":7,""max"":13.5,""min"":0.7},""4"":{""avg"":12.7,""max"":19.7,""min"":5.5},""5"":{""avg"":15.4,""max"":22.5,""min"":7.8},""6"":{""avg"":23.6,""max"":31,""min"":15.5},""7"":{""avg"":24.9,""max"":32.2,""min"":18.5},""8"":{""avg"":20.6,""max"":28.1,""min"":13.9},""9"":{""avg"":18.7,""max"":26.3,""min"":11.7},""10"":{""avg"":14.8,""max"":21.8,""min"":8.8},""11"":{""avg"":9.1,""max"":15.8,""min"":3.8},""12"":{""avg"":5.6,""max"":11.2,""min"":1.3}}","[""Short trip"",""Weekend""]",Mid-range,3,4,5,1,2,3,5,2,4,2,4.9,7.3,7.0,12.7,15.4,23.6,24.9,20.6,18.7,14.8,9.1,5.6,"['Short trip', 'Weekend']",0,1,1,0,0,0,-2.943593233685048,1.074260383522934,Natura i przygoda
5a944377-dccf-4cc1-9234-de053e9cc1d2,Cotonou,Benin,africa,"Bustling markets, vibrant street life, and warm coastal breezes create an inviting atmosphere filled with rich cultural experiences and local charm.",6.3676953,2.4252507,"{""1"":{""avg"":28.1,""max"":32.3,""min"":25.2},""2"":{""avg"":29.2,""max"":32.7,""min"":26.6},""3"":{""avg"":29.4,""max"":32.1,""min"":27.1},""4"":{""avg"":29.4,""max"":32.2,""min"":27},""5"":{""avg"":28.6,""max"":31.5,""min"":26.3},""6"":{""avg"":27.1,""max"":30,""min"":25.1},""7"":{""avg"":26.3,""max"":28.7,""min"":24.9},""8"":{""avg"":25.9,""max"":28.7,""min"":24.8},""9"":{""avg"":26.5,""max"":28.7,""min"":24.4},""10"":{""avg"":27.4,""max"":29.9,""min"":24.9},""11"":{""avg"":28.6,""max"":31.6,""min"":25.5},""12"":{""avg"":28.4,""max"":32.3,""min"":25.6}}","[""Short trip"",""Weekend""]",Budget,4,3,3,3,3,4,2,3,3,1,28.1,29.2,29.4,29.4,28.6,27.1,26.3,25.9,26.5,27.4,28.6,28.4,"['Short trip', 'Weekend']",0,1,1,0,0,2,0.5258689995631157,-0.9752182340231776,Spokojne kierunki kulturowe
9ea78120-75de-4bce-b095-fb0811a3294f,Sarajevo,Bosnia and Herzegovina,europe,"Cobblestone streets echo with the sound of church bells and the call to prayer, creating a unique blend of cultures and histories.",43.8519774,18.3866868,"{""1"":{""avg"":0.8,""max"":4.6,""min"":-2.7},""2"":{""avg"":4.2,""max"":9.4,""min"":0.1},""3"":{""avg"":6.6,""max"":12.7,""min"":1.8},""4"":{""avg"":11.1,""max"":17.8,""min"":5},""5"":{""avg"":15.3,""max"":22,""min"":9.7},""6"":{""avg"":20,""max"":27,""min"":13.8},""7"":{""avg"":22.4,""max"":29.9,""min"":15.3},""8"":{""avg"":21.8,""max"":29.6,""min"":15.3},""9"":{""avg"":17.2,""max"":24.1,""min"":11.4},""10"":{""avg"":12.4,""max"":17,""min"":6.7},""11"":{""avg"":6.8,""max"":11.2,""min"":3},""12"":{""avg"":2.4,""max"":5.7,""min"":-0.5}}","[""One week"",""Short trip"",""Weekend""]",Budget,4,3,3,1,3,4,3,3,3,1,0.8,4.2,6.6,11.1,15.3,20.0,22.4,21.8,17.2,12.4,6.8,2.4,"['One week', 'Short trip', 'Weekend']",0,1,1,1,0,2,0.6503769908434615,-0.7647156056578088,Spokojne kierunki kulturowe
dfed6949-406d-4064-8c2e-5c794ded2e27,Tirana,Albania,europe,"Vibrant streets filled with eclectic architecture, lively markets, and welcoming locals create an inviting atmosphere that feels both dynamic and laid-back.",41.3281482,19.8184435,"{""1"":{""avg"":7.1,""max"":13.2,""min"":2},""2"":{""avg"":9.2,""max"":15.6,""min"":3.8},""3"":{""avg"":11,""max"":18.5,""min"":5.6},""4"":{""avg"":14.6,""max"":21.5,""min"":8.6},""5"":{""avg"":18.9,""max"":25.3,""min"":13},""6"":{""avg"":23.8,""max"":30.8,""min"":18},""7"":{""avg"":26.6,""max"":34,""min"":20.2},""8"":{""avg"":26.3,""max"":34.4,""min"":19.7},""9"":{""avg"":22,""max"":29.6,""min"":16},""10"":{""avg"":17.4,""max"":24.8,""min"":11.8},""11"":{""avg"":12.9,""max"":19.5,""min"":7.8},""12"":{""avg"":8.5,""max"":15.2,""min"":3.9}}","[""Short trip"",""Weekend""]",Budget,3,3,3,2,3,3,3,3,2,1,7.1,9.2,11.0,14.6,18.9,23.8,26.6,26.3,22.0,17.4,12.9,8.5,"['Short trip', 'Weekend']",0,1,1,0,0,2,0.046383712982353165,-0.4565688931614935,Spokojne kierunki kulturowe
8221d5a5-e813-4993-9bf6-c2bac26d0cb8,Rio de Janeiro,Brazil,south_america,"Vibrant streets pulse with samba rhythms, stunning beaches meet lush mountains, and every corner offers a burst of color and life.",-22.9110137,-43.2093727,"{""1"":{""avg"":27.3,""max"":31.3,""min"":24.2},""2"":{""avg"":27,""max"":31.3,""min"":23.9},""3"":{""avg"":26.6,""max"":31,""min"":23.5},""4"":{""avg"":24.8,""max"":29.3,""min"":21.5},""5"":{""avg"":22.7,""max"":27.6,""min"":19.3},""6"":{""avg"":21.7,""max"":26.4,""min"":18.4},""7"":{""avg"":21.4,""max"":26.5,""min"":17.9},""8"":{""avg"":21.4,""max"":26.4,""min"":17.8},""9"":{""avg"":23.2,""max"":27.7,""min"":19.7},""10"":{""avg"":24.1,""max"":27.5,""min"":21},""11"":{""avg"":24.6,""max"":27.9,""min"":21.5},""12"":{""avg"":26,""max"":30,""min"":23.1}}","[""One week"",""Short trip""]",Mid-range,4,4,5,5,5,4,3,4,2,2,27.3,27.0,26.6,24.8,22.7,21.7,21.4,21.4,23.2,24.1,24.6,26.0,"['One week', 'Short trip']",0,0,1,1,0,3,0.5738513684431431,2.5515315670483814,"Plaże, natura i relaks"
056161c2-b2c6-40f9-8546-bef688dd90e7,Curitiba,Brazil,south_america,"Lush parks, innovative urban design, and a blend of cultures create a refreshing and vibrant cityscape that feels both modern and welcoming.",-25.4295963,-49.2712724,"{""1"":{""avg"":22.1,""max"":26.9,""min"":18.4},""2"":{""avg"":21.5,""max"":26.7,""min"":18},""3"":{""avg"":21,""max"":26.1,""min"":17.3},""4"":{""avg"":19,""max"":24.3,""min"":15.2},""5"":{""avg"":16.8,""max"":21.9,""min"":12.3},""6"":{""avg"":15.3,""max"":20.1,""min"":10.6},""7"":{""avg"":15.2,""max"":20.3,""min"":9.5},""8"":{""avg"":15.8,""max"":21.1,""min"":10.5},""9"":{""avg"":18.4,""max"":23.5,""min"":13.4},""10"":{""avg"":18.4,""max"":23.3,""min"":14.8},""11"":{""avg"":19.5,""max"":24.2,""min"":15.4},""12"":{""avg"":21.1,""max"":26.2,""min"":17.4}}","[""One week"",""Short trip"",""Weekend""]",Mid-range,4,3,4,1,3,4,3,4,3,2,22.1,21.5,21.0,19.0,16.8,15.3,15.2,15.8,18.4,18.4,19.5,21.1,"['One week', 'Short trip', 'Weekend']",0,1,1,1,0,2,0.6258729768253171,-0.4159833783393043,Spokojne kierunki kulturowe
12ffe1e2-6387-46d6-8bbb-267855faf5f8,Phnom Penh,Cambodia,asia,"Bustling streets filled with the aroma of street food, vibrant markets, and a rich tapestry of history create an unforgettable atmosphere.",11.5730391,104.857807,"{""1"":{""avg"":27.6,""max"":31.8,""min"":23.2},""2"":{""avg"":28.4,""max"":33.4,""min"":23.9},""3"":{""avg"":30,""max"":35.1,""min"":25.2},""4"":{""avg"":30.9,""max"":35.9,""min"":26.3},""5"":{""avg"":30.5,""max"":35.6,""min"":26.4},""6"":{""avg"":29.8,""max"":34.8,""min"":26},""7"":{""avg"":29.2,""max"":33.5,""min"":25.5},""8"":{""avg"":29.2,""max"":33.5,""min"":25.4},""9"":{""avg"":28.5,""max"":32.5,""min"":25.1},""10"":{""avg"":28.4,""max"":32.1,""min"":25},""11"":{""avg"":28.5,""max"":31.9,""min"":25},""12"":{""avg"":27.6,""max"":31.2,""min"":23.9}}","[""One week"",""Short trip"",""Weekend""]",Budget,4,3,2,1,3,4,2,3,2,1,27.6,28.4,30.0,30.9,30.5,29.8,29.2,29.2,28.5,28.4,28.5,27.6,"['One week', 'Short trip', 'Weekend']",0,1,1,1,0,2,1.58722693499881,-1.7921596791502412,Spokojne kierunki kulturowe
807e0033-d4ff-4257-bcbc-60da406b8e4d,Fès,Morocco,africa,"Winding alleys filled with vibrant souks, the aroma of spices, and the sound of artisans at work create an enchanting, timeless atmosphere.",34.0346534,-5.0161926,"{""1"":{""avg"":10.2,""max"":17,""min"":4.6},""2"":{""avg"":12,""max"":19.2,""min"":5.5},""3"":{""avg"":13.8,""max"":20.5,""min"":7.6},""4"":{""avg"":15.3,""max"":21.8,""min"":9.5},""5"":{""avg"":20.4,""max"":28.3,""min"":12.8},""6"":{""avg"":23.6,""max"":31.3,""min"":16.1},""7"":{""avg"":27.7,""max"":36.3,""min"":19.3},""8"":{""avg"":27.9,""max"":36.3,""min"":19.6},""9"":{""avg"":23.9,""max"":31.4,""min"":16.9},""10"":{""avg"":20.1,""max"":27.2,""min"":13.8},""11"":{""avg"":14.8,""max"":21.7,""min"":8.9},""12"":{""avg"":11.9,""max"":18.5,""min"":6.6}}","[""Short trip"",""One week""]",Budget,5,2,2,1,2,4,3,3,3,1,10.2,12.0,13.8,15.3,20.4,23.6,27.7,27.9,23.9,20.1,14.8,11.9,"['Short trip', 'One week']",0,0,1,1,0,2,1.5149224906235559,-2.0088791959614394,Spokojne kierunki kulturowe
ab9a9d64-58c2-4cb0-a9ad-81ed9b17cd69,Toronto,Canada,north_america,"Dynamic streets buzzing with diverse cultures, vibrant art scenes, and a skyline that hugs the shimmering lake make for an inviting urban experience.",43.6534817,-79.3839347,"{""1"":{""avg"":-2.9,""max"":0.3,""min"":-6.1},""2"":{""avg"":-2.5,""max"":1.1,""min"":-6.2},""3"":{""avg"":2.2,""max"":5.8,""min"":-1.5},""4"":{""avg"":7.5,""max"":11.4,""min"":3.6},""5"":{""avg"":14.8,""max"":19.5,""min"":10.2},""6"":{""avg"":19.2,""max"":24.1,""min"":15},""7"":{""avg"":22.9,""max"":27.4,""min"":18.4},""8"":{""avg"":22,""max"":26.3,""min"":17.9},""9"":{""avg"":18.9,""max"":23,""min"":14.7},""10"":{""avg"":11.8,""max"":15.4,""min"":8.2},""11"":{""avg"":5.4,""max"":8.2,""min"":2.2},""12"":{""avg"":0.8,""max"":3.6,""min"":-1.9}}","[""One week"",""Short trip"",""Weekend""]",Mid-range,4,3,3,2,4,4,3,5,2,2,-2.9,-2.5,2.2,7.5,14.8,19.2,22.9,22.0,18.9,11.8,5.4,0.8,"['One week', 'Short trip', 'Weekend']",0,1,1,1,0,1,2.19358748249284,0.4040544198822835,Miejskie i kulturowe
749963fe-2962-4ffe-b78a-391afdd6a7bf,Lucca,Italy,europe,"Wander through cobblestone streets surrounded by ancient walls, where charming piazzas and the aroma of fresh Italian cuisine fill the air.",44.017763900000006,10.454430026192636,"{""1"":{""avg"":-2.1,""max"":0.7,""min"":-3.7},""2"":{""avg"":-1.3,""max"":0.6,""min"":-3.7},""3"":{""avg"":-1.4,""max"":0.9,""min"":-4.1},""4"":{""avg"":1.7,""max"":3.8,""min"":-0.9},""5"":{""avg"":5.3,""max"":7.6,""min"":3.1},""6"":{""avg"":11.3,""max"":13.7,""min"":9.1},""7"":{""avg"":14.1,""max"":17.3,""min"":11.5},""8"":{""avg"":13,""max"":15.6,""min"":10.8},""9"":{""avg"":8.3,""max"":11.2,""min"":7},""10"":{""avg"":5.8,""max"":8.1,""min"":3.9},""11"":{""avg"":1.5,""max"":3.2,""min"":-1},""12"":{""avg"":0.1,""max"":1.6,""min"":-2.2}}","[""Day trip"",""Weekend"",""Short trip""]",Mid-range,4,2,3,2,2,4,3,3,4,2,-2.1,-1.3,-1.4,1.7,5.3,11.3,14.1,13.0,8.3,5.8,1.5,0.1,"['Day trip', 'Weekend', 'Short trip']",1,1,1,0,0,2,0.1476381393394478,-1.3079496120801293,Spokojne kierunki kulturowe
ab8dc374-5acd-430f-b940-7885899ef8c5,Edmonton,Canada,north_america,"Wide-open streets, a lively arts scene, and vibrant festivals create a welcoming atmosphere that feels both dynamic and comfortably laid-back.",53.5462055,-113.491241,"{""1"":{""avg"":-8.7,""max"":-4.1,""min"":-13.2},""2"":{""avg"":-8.9,""max"":-4.1,""min"":-13.8},""3"":{""avg"":-2.5,""max"":2.7,""min"":-7.8},""4"":{""avg"":4.6,""max"":10.2,""min"":-0.7},""5"":{""avg"":12.9,""max"":19.1,""min"":6.8},""6"":{""avg"":16.8,""max"":22.4,""min"":11.1},""7"":{""avg"":19.1,""max"":24.8,""min"":13.6},""8"":{""avg"":17.9,""max"":23.8,""min"":12.1},""9"":{""avg"":12.6,""max"":18.4,""min"":7.1},""10"":{""avg"":5.2,""max"":10.4,""min"":0.3},""11"":{""avg"":-2.7,""max"":1.5,""min"":-6.7},""12"":{""avg"":-8.4,""max"":-4.3,""min"":-12.4}}","[""One week"",""Short trip"",""Weekend""]",Mid-range,4,3,4,1,3,3,3,3,2,2,-8.7,-8.9,-2.5,4.6,12.9,16.8,19.1,17.9,12.6,5.2,-2.7,-8.4,"['One week', 'Short trip', 'Weekend']",0,1,1,1,0,2,0.11253053880237807,-0.8610530006802285,Spokojne kierunki kulturowe
3c6506e6-c494-4622-aba3-2ba895530c7a,Barcelona,Spain,europe,"Vibrant streets filled with Gaudí's whimsical architecture, lively tapas bars, and the warm Mediterranean breeze create an inviting and dynamic atmosphere.",41.3828939,2.1774322,"{""1"":{""avg"":8.9,""max"":14.5,""min"":4.6},""2"":{""avg"":10.3,""max"":15.8,""min"":5.9},""3"":{""avg"":12.7,""max"":17,""min"":9},""4"":{""avg"":14.3,""max"":19.1,""min"":10},""5"":{""avg"":18.2,""max"":22.8,""min"":14},""6"":{""avg"":22.9,""max"":27.5,""min"":18.5},""7"":{""avg"":25.8,""max"":30.2,""min"":21.3},""8"":{""avg"":25.7,""max"":30.4,""min"":21.5},""9"":{""avg"":22,""max"":26.6,""min"":17.7},""10"":{""avg"":18.2,""max"":23,""min"":14.2},""11"":{""avg"":13.2,""max"":18.3,""min"":9.2},""12"":{""avg"":10.1,""max"":15.6,""min"":6.1}}","[""Short trip"",""One week""]",Mid-range,5,3,3,4,5,5,3,5,2,2,8.9,10.3,12.7,14.3,18.2,22.9,25.8,25.7,22.0,18.2,13.2,10.1,"['Short trip', 'One week']",0,0,1,1,0,1,3.3041782359034553,1.7032472012242692,Miejskie i kulturowe
75c6f7c9-5c87-464a-9c28-c91ecd55da98,Banff,Canada,north_america,"Majestic mountains, crystal-clear lakes, and fresh alpine air create a breathtakingly serene atmosphere, perfect for nature lovers and adventure seekers alike.",51.175076,-115.5720773,"{""1"":{""avg"":-7.6,""max"":-2.8,""min"":-12.3},""2"":{""avg"":-6.9,""max"":-1.9,""min"":-12.4},""3"":{""avg"":-2.5,""max"":3.7,""min"":-8.3},""4"":{""avg"":2.8,""max"":9,""min"":-3.6},""5"":{""avg"":8.1,""max"":15.4,""min"":0.7},""6"":{""avg"":12.3,""max"":19.4,""min"":5.1},""7"":{""avg"":15.8,""max"":23.9,""min"":7.3},""8"":{""avg"":14.7,""max"":22.8,""min"":6.7},""9"":{""avg"":9.8,""max"":16.8,""min"":3},""10"":{""avg"":3.5,""max"":9.4,""min"":-2.2},""11"":{""avg"":-3.9,""max"":0.4,""min"":-7.6},""12"":{""avg"":-8.6,""max"":-4.5,""min"":-12.7}}","[""Long trip"",""One week"",""Short trip""]",Luxury,3,5,5,1,2,3,4,2,4,3,-7.6,-6.9,-2.5,2.8,8.1,12.3,15.8,14.7,9.8,3.5,-3.9,-8.6,"['Long trip', 'One week', 'Short trip']",0,0,1,1,1,0,-3.273980470370681,0.5253275545629829,Natura i przygoda
a4f86f85-430e-400a-bda5-315c7bdefd57,Maputo,Mozambique,africa,"Bustling markets, vibrant street life, and the rhythmic sounds of local music create a lively and colorful atmosphere to explore.",-25.966213,32.56745,"{""1"":{""avg"":26.8,""max"":31.4,""min"":23},""2"":{""avg"":26.9,""max"":31.3,""min"":23.1},""3"":{""avg"":26.3,""max"":31,""min"":22.1},""4"":{""avg"":24.3,""max"":29.6,""min"":19.8},""5"":{""avg"":22.3,""max"":28.4,""min"":17},""6"":{""avg"":20.2,""max"":26.3,""min"":14.4},""7"":{""avg"":19.7,""max"":26.5,""min"":13.9},""8"":{""avg"":20.9,""max"":27.5,""min"":15.6},""9"":{""avg"":22.4,""max"":28.5,""min"":17.3},""10"":{""avg"":23.4,""max"":28.5,""min"":18.7},""11"":{""avg"":24.7,""max"":30,""min"":20.6},""12"":{""avg"":26.5,""max"":31.1,""min"":22.4}}","[""Short trip"",""One week"",""Weekend""]",Mid-range,3,3,4,4,3,4,3,3,2,2,26.8,26.9,26.3,24.3,22.3,20.2,19.7,20.9,22.4,23.4,24.7,26.5,"['Short trip', 'One week', 'Weekend']",0,1,1,1,0,3,-0.08385377642500719,0.8897155845473885,"Plaże, natura i relaks"
a010e07c-cf4b-4cf9-8b08-40df2094addd,Dar es Salaam,Tanzania,africa,"Lively markets, vibrant street life, and the warm Indian Ocean breeze create a dynamic and welcoming atmosphere full of local charm.",-6.8160837,39.2803583,"{""1"":{""avg"":28.3,""max"":32.2,""min"":25.2},""2"":{""avg"":28.6,""max"":32.8,""min"":25.6},""3"":{""avg"":28.2,""max"":33,""min"":24.9},""4"":{""avg"":26.6,""max"":30.7,""min"":24},""5"":{""avg"":25.9,""max"":30.8,""min"":22.7},""6"":{""avg"":25.1,""max"":30.6,""min"":21.1},""7"":{""avg"":24.4,""max"":30,""min"":19.9},""8"":{""avg"":24.7,""max"":30.5,""min"":20},""9"":{""avg"":25.3,""max"":31.3,""min"":20.9},""10"":{""avg"":26.4,""max"":31.6,""min"":22},""11"":{""avg"":27.4,""max"":32.1,""min"":23.6},""12"":{""avg"":28.2,""max"":32.4,""min"":24.8}}","[""Short trip"",""Weekend"",""One week""]",Budget,4,3,4,4,3,4,3,3,2,1,28.3,28.6,28.2,26.6,25.9,25.1,24.4,24.7,25.3,26.4,27.4,28.2,"['Short trip', 'Weekend', 'One week']",0,1,1,1,0,3,0.3230829501033036,0.6428898023824428,"Plaże, natura i relaks"
61a3b6e3-f03f-42e4-b10d-80a3d1aec106,Hamilton,Bermuda,north_america,"Charming streets lined with pastel buildings and the gentle sea breeze create a laid-back, yet vibrant island atmosphere.",32.2942679,-64.7853167,"{""1"":{""avg"":18.6,""max"":20.9,""min"":15.8},""2"":{""avg"":18.5,""max"":21,""min"":15.9},""3"":{""avg"":18.5,""max"":20.8,""min"":15.7},""4"":{""avg"":19.9,""max"":22.4,""min"":17.3},""5"":{""avg"":22.3,""max"":24.7,""min"":19.9},""6"":{""avg"":25,""max"":27.4,""min"":22.7},""7"":{""avg"":27.2,""max"":29.7,""min"":24.9},""8"":{""avg"":28,""max"":30.4,""min"":25.5},""9"":{""avg"":27,""max"":29.3,""min"":24.4},""10"":{""avg"":24.6,""max"":26.9,""min"":22.1},""11"":{""avg"":21.8,""max"":24.1,""min"":19.4},""12"":{""avg"":19.8,""max"":22.1,""min"":17.1}}","[""Short trip"",""Weekend""]",Luxury,3,3,4,5,3,4,4,3,2,3,18.6,18.5,18.5,19.9,22.3,25.0,27.2,28.0,27.0,24.6,21.8,19.8,"['Short trip', 'Weekend']",0,1,1,0,0,3,-0.2623767171843529,2.188731143144855,"Plaże, natura i relaks"
5cf8ffe5-b559-43a9-a030-fcf73b09400b,Santiago de Chile,Chile,south_america,"A vibrant city where modern skyscrapers meet historic streets, offering stunning mountain views and a lively cultural scene full of energy.",-33.4377756,-70.6504502,"{""1"":{""avg"":21.5,""max"":30.2,""min"":14.2},""2"":{""avg"":20.9,""max"":30.6,""min"":13.9},""3"":{""avg"":19,""max"":28.7,""min"":12},""4"":{""avg"":15.2,""max"":23.2,""min"":9},""5"":{""avg"":11.6,""max"":19.4,""min"":6.1},""6"":{""avg"":9.2,""max"":16,""min"":4.4},""7"":{""avg"":8.6,""max"":16,""min"":3.5},""8"":{""avg"":10.4,""max"":18.2,""min"":4.8},""9"":{""avg"":12.6,""max"":20.6,""min"":6.4},""10"":{""avg"":15.3,""max"":23.5,""min"":8.5},""11"":{""avg"":18.5,""max"":26.9,""min"":10.8},""12"":{""avg"":20.8,""max"":28.9,""min"":12.8}}","[""One week"",""Short trip"",""Weekend""]",Mid-range,4,4,4,2,4,4,3,4,2,2,21.5,20.9,19.0,15.2,11.6,9.2,8.6,10.4,12.6,15.3,18.5,20.8,"['One week', 'Short trip', 'Weekend']",0,1,1,1,0,1,0.9265912069695365,0.8529259149044145,Miejskie i kulturowe
273ff2d2-80b8-4886-81e4-1908a11e6f5a,Shanghai,China,asia,"Vibrant streets pulse with energy, blending futuristic skyscrapers with ancient temples, while enticing aromas from street food stalls fill the air.",31.2312707,121.4700152,"{""1"":{""avg"":6.5,""max"":9.8,""min"":3.2},""2"":{""avg"":7.6,""max"":11.2,""min"":4.2},""3"":{""avg"":12.4,""max"":16.6,""min"":8.5},""4"":{""avg"":17.4,""max"":22,""min"":13.4},""5"":{""avg"":22,""max"":26.3,""min"":18.1},""6"":{""avg"":25.4,""max"":29.1,""min"":22.3},""7"":{""avg"":29.8,""max"":33.9,""min"":26.9},""8"":{""avg"":30,""max"":34.2,""min"":27.1},""9"":{""avg"":25.8,""max"":29.3,""min"":22.9},""10"":{""avg"":20.2,""max"":23.8,""min"":17},""11"":{""avg"":15,""max"":18.6,""min"":11.6},""12"":{""avg"":8.2,""max"":11.8,""min"":4.7}}","[""One week"",""Short trip""]",Mid-range,5,3,2,1,5,5,3,5,2,2,6.5,7.6,12.4,17.4,22.0,25.4,29.8,30.0,25.8,20.2,15.0,8.2,"['One week', 'Short trip']",0,0,1,1,0,1,4.04900937933133,0.4095549529352623,Miejskie i kulturowe
459b1d00-2b6e-4158-afe5-e091350990fe,Kathmandu,Nepal,asia,"Nestled in a valley surrounded by towering peaks, the city buzzes with vibrant markets, ancient temples, and the aroma of spices.",27.708317,85.3205817,"{""1"":{""avg"":10.4,""max"":18.6,""min"":4.7},""2"":{""avg"":13,""max"":21.4,""min"":6.7},""3"":{""avg"":16.7,""max"":25.5,""min"":10.6},""4"":{""avg"":20.2,""max"":28.9,""min"":13.7},""5"":{""avg"":21.8,""max"":28.4,""min"":16.5},""6"":{""avg"":24,""max"":29.5,""min"":19.9},""7"":{""avg"":23.7,""max"":28.6,""min"":20.9},""8"":{""avg"":23.6,""max"":29.2,""min"":20.6},""9"":{""avg"":23,""max"":28.5,""min"":19.5},""10"":{""avg"":20.1,""max"":26.9,""min"":15.3},""11"":{""avg"":15.3,""max"":22.9,""min"":9.7},""12"":{""avg"":11.3,""max"":19,""min"":5.7}}","[""Short trip"",""One week"",""Long trip""]",Budget,5,4,4,1,2,4,3,3,2,1,10.4,13.0,16.7,20.2,21.8,24.0,23.7,23.6,23.0,20.1,15.3,11.3,"['Short trip', 'One week', 'Long trip']",0,0,1,1,1,2,0.23305943700474333,-0.7101172276427437,Spokojne kierunki kulturowe
60ac5495-4952-41a0-a2e8-d321d2f23a4d,Auckland,New Zealand,oceania,"A lively harbor city where lush landscapes meet urban sophistication, offering a vibrant mix of cultures, flavors, and stunning coastal views.",-36.852095,174.7631803,"{""1"":{""avg"":20.1,""max"":23.6,""min"":16.4},""2"":{""avg"":20.3,""max"":24.1,""min"":16.8},""3"":{""avg"":18.8,""max"":22.6,""min"":15.2},""4"":{""avg"":16.6,""max"":20.1,""min"":13.3},""5"":{""avg"":14.3,""max"":17.9,""min"":11.2},""6"":{""avg"":12.4,""max"":15.5,""min"":9.5},""7"":{""avg"":11.5,""max"":14.8,""min"":8.6},""8"":{""avg"":11.7,""max"":15.2,""min"":8.5},""9"":{""avg"":13.3,""max"":16.9,""min"":9.9},""10"":{""avg"":14.4,""max"":17.6,""min"":11.5},""11"":{""avg"":16.4,""max"":19.9,""min"":13},""12"":{""avg"":18.8,""max"":22.4,""min"":15.4}}","[""Long trip"",""One week"",""Short trip""]",Mid-range,3,4,4,3,4,4,3,4,2,2,20.1,20.3,18.8,16.6,14.3,12.4,11.5,11.7,13.3,14.4,16.4,18.8,"['Long trip', 'One week', 'Short trip']",0,0,1,1,1,3,0.41864416976132834,1.4625893404800594,"Plaże, natura i relaks"
77b02e0f-770c-4fa7-b0a5-7cde588b203d,Québec City,Canada,north_america,"Cobblestone streets and historic architecture create a charming, old-world atmosphere, while the aroma of fresh pastries fills the crisp air.",46.8137431,-71.2084061,"{""1"":{""avg"":-9.4,""max"":-5.7,""min"":-13.5},""2"":{""avg"":-9.3,""max"":-4.4,""min"":-14.2},""3"":{""avg"":-3.5,""max"":1,""min"":-7.7},""4"":{""avg"":3.9,""max"":7.8,""min"":-0.7},""5"":{""avg"":12.6,""max"":18,""min"":6.9},""6"":{""avg"":17.4,""max"":22.3,""min"":11.9},""7"":{""avg"":20.7,""max"":25.7,""min"":15.1},""8"":{""avg"":19.8,""max"":24.4,""min"":14.4},""9"":{""avg"":15.8,""max"":20.2,""min"":10.1},""10"":{""avg"":8.5,""max"":12.6,""min"":4},""11"":{""avg"":1.3,""max"":4.1,""min"":-2.6},""12"":{""avg"":-5.1,""max"":-2.2,""min"":-8.7}}","[""Short trip"",""Weekend"",""One week""]",Mid-range,5,3,4,2,3,4,3,3,3,2,-9.4,-9.3,-3.5,3.9,12.6,17.4,20.7,19.8,15.8,8.5,1.3,-5.1,"['Short trip', 'Weekend', 'One week']",0,1,1,1,0,2,0.514503195303692,-0.4435244263551456,Spokojne kierunki kulturowe
ca07286f-3b0c-4fd3-acae-444e7514def0,Bogotá,Colombia,south_america,"A vibrant mix of colonial charm and modern energy, with bustling markets, rich history, and stunning mountain views that invigorate the senses.",4.6533816,-74.0836333,"{""1"":{""avg"":13.7,""max"":20.6,""min"":7.3},""2"":{""avg"":14.3,""max"":21,""min"":8.5},""3"":{""avg"":14.4,""max"":20.3,""min"":9.8},""4"":{""avg"":14.5,""max"":20.3,""min"":10.2},""5"":{""avg"":14.6,""max"":19.9,""min"":10.2},""6"":{""avg"":14.1,""max"":19.3,""min"":9.7},""7"":{""avg"":14,""max"":19.2,""min"":9.5},""8"":{""avg"":14,""max"":19.5,""min"":8.8},""9"":{""avg"":14,""max"":20.1,""min"":8.3},""10"":{""avg"":14.1,""max"":20.1,""min"":9},""11"":{""avg"":14.2,""max"":20,""min"":9.8},""12"":{""avg"":13.9,""max"":20.5,""min"":8}}","[""One week"",""Short trip"",""Weekend""]",Mid-range,4,3,3,1,4,4,3,4,2,2,13.7,14.3,14.4,14.5,14.6,14.1,14.0,14.0,14.0,14.1,14.2,13.9,"['One week', 'Short trip', 'Weekend']",0,1,1,1,0,1,1.8773015958026982,-0.10233613279001026,Miejskie i kulturowe
db0dcdf1-2bea-470f-935f-2c98bd125592,Avarua,Cook Islands,oceania,"Tropical breezes and stunning ocean views create a laid-back island vibe, inviting you to unwind and soak in the serene beauty.",-21.2074736,-159.7708145,"{""1"":{""avg"":26.6,""max"":29.1,""min"":23.9},""2"":{""avg"":26.7,""max"":29.7,""min"":23.9},""3"":{""avg"":26.8,""max"":30.2,""min"":23.7},""4"":{""avg"":26,""max"":29.1,""min"":23},""5"":{""avg"":24.8,""max"":27.7,""min"":22.2},""6"":{""avg"":23.6,""max"":26.8,""min"":20.6},""7"":{""avg"":22.9,""max"":26.1,""min"":20.5},""8"":{""avg"":22.7,""max"":25.9,""min"":19.9},""9"":{""avg"":23.1,""max"":26.1,""min"":20.3},""10"":{""avg"":23.4,""max"":26.6,""min"":20.5},""11"":{""avg"":24.6,""max"":27.3,""min"":21.8},""12"":{""avg"":25.7,""max"":28.5,""min"":23}}","[""One week"",""Short trip""]",Mid-range,3,3,4,5,2,3,4,2,4,2,26.6,26.7,26.8,26.0,24.8,23.6,22.9,22.7,23.1,23.4,24.6,25.7,"['One week', 'Short trip']",0,0,1,1,0,3,-2.4204217681719236,0.9970086376952378,"Plaże, natura i relaks"
ae02cf5f-1483-4054-9122-186c5eb08664,Izmir,Turkey,asia,"Coastal breezes carry the scent of the sea through bustling markets and lively streets, offering a vibrant yet laid-back Mediterranean vibe.",38.23166,27.02997,"{""1"":{""avg"":7.7,""max"":12.2,""min"":3.5},""2"":{""avg"":9.2,""max"":13.7,""min"":4.3},""3"":{""avg"":11.5,""max"":16.9,""min"":6.2},""4"":{""avg"":15.6,""max"":21.7,""min"":9.2},""5"":{""avg"":20.3,""max"":26.5,""min"":13.8},""6"":{""avg"":25.4,""max"":31.3,""min"":19.1},""7"":{""avg"":29,""max"":35,""min"":23},""8"":{""avg"":28.7,""max"":34.8,""min"":22.8},""9"":{""avg"":24.4,""max"":30.6,""min"":18.4},""10"":{""avg"":18.7,""max"":24.9,""min"":13.2},""11"":{""avg"":13.6,""max"":19.2,""min"":8.7},""12"":{""avg"":9.2,""max"":13.8,""min"":5.1}}","[""Short trip"",""Weekend"",""One week""]",Mid-range,4,3,3,4,3,4,3,4,2,2,7.7,9.2,11.5,15.6,20.3,25.4,29.0,28.7,24.4,18.7,13.6,9.2,"['Short trip', 'Weekend', 'One week']",0,1,1,1,0,1,1.1821793588615255,0.5812633935871278,Miejskie i kulturowe
ba4d54dd-0e8d-4039-aad9-1f246fdacadb,Skopje,North Macedonia,europe,"Wandering through eclectic streets, you'll encounter a blend of ancient history and modern quirks, with vibrant markets and grand statues at every turn.",41.9961816,21.4319213,"{""1"":{""avg"":1.5,""max"":6.5,""min"":-1.1},""2"":{""avg"":5.5,""max"":11.6,""min"":0.5},""3"":{""avg"":8.6,""max"":14.4,""min"":3.2},""4"":{""avg"":13.3,""max"":19.4,""min"":6.8},""5"":{""avg"":17.7,""max"":24.2,""min"":11.2},""6"":{""avg"":23,""max"":30.1,""min"":16.4},""7"":{""avg"":25.4,""max"":33,""min"":18.5},""8"":{""avg"":25.4,""max"":33.4,""min"":17.8},""9"":{""avg"":20,""max"":27.5,""min"":13.6},""10"":{""avg"":14.3,""max"":21.8,""min"":8.8},""11"":{""avg"":8.3,""max"":13.9,""min"":4.5},""12"":{""avg"":3.6,""max"":7.9,""min"":0.7}}","[""Weekend"",""Short trip""]",Budget,4,3,3,1,3,3,2,3,3,1,1.5,5.5,8.6,13.3,17.7,23.0,25.4,25.4,20.0,14.3,8.3,3.6,"['Weekend', 'Short trip']",0,1,1,0,0,2,0.2143062775822931,-2.1163233936751493,Spokojne kierunki kulturowe
38c4cd22-ea4a-4ae1-961b-939933868829,Cartagena,Colombia,south_america,"Winding cobblestone streets, vibrant colonial architecture, and the rhythmic sound of salsa create a lively and colorful coastal atmosphere.",10.4265566,-75.5441671,"{""1"":{""avg"":27.4,""max"":31.9,""min"":24},""2"":{""avg"":27.6,""max"":32.3,""min"":24.1},""3"":{""avg"":27.8,""max"":32.1,""min"":24.7},""4"":{""avg"":28.5,""max"":32.5,""min"":25.6},""5"":{""avg"":28.9,""max"":32.7,""min"":26.2},""6"":{""avg"":28.8,""max"":32.4,""min"":25.9},""7"":{""avg"":28.8,""max"":32.8,""min"":25.6},""8"":{""avg"":28.8,""max"":32.6,""min"":25.7},""9"":{""avg"":28.9,""max"":32.5,""min"":25.8},""10"":{""avg"":28.4,""max"":31.7,""min"":25.3},""11"":{""avg"":28,""max"":31.4,""min"":25.2},""12"":{""avg"":27.9,""max"":32.3,""min"":24.7}}","[""Short trip"",""Weekend"",""One week""]",Mid-range,5,3,3,4,4,4,3,4,2,2,27.4,27.6,27.8,28.5,28.9,28.8,28.8,28.8,28.9,28.4,28.0,27.9,"['Short trip', 'Weekend', 'One week']",0,1,1,1,0,1,1.9812073902913176,0.7393510152771413,Miejskie i kulturowe
32c4ac7c-550f-417c-afcc-a1dc2b183e8f,Dubrovnik,Croatia,europe,"Wander through ancient stone streets, bask in the Adriatic sun, and feel the blend of history and sea breeze at every corner.",42.6491029,18.0939501,"{""1"":{""avg"":8.9,""max"":12.3,""min"":4.8},""2"":{""avg"":9.8,""max"":13.7,""min"":5.4},""3"":{""avg"":11.8,""max"":15.3,""min"":7.9},""4"":{""avg"":14.1,""max"":17.7,""min"":9.7},""5"":{""avg"":18.7,""max"":22.1,""min"":14.2},""6"":{""avg"":23.9,""max"":27.5,""min"":19},""7"":{""avg"":26.3,""max"":29.8,""min"":21.7},""8"":{""avg"":26.9,""max"":30.4,""min"":22.6},""9"":{""avg"":22.6,""max"":26.2,""min"":18.4},""10"":{""avg"":18,""max"":21.9,""min"":13.7},""11"":{""avg"":14.3,""max"":17.9,""min"":10},""12"":{""avg"":10.4,""max"":13.6,""min"":6.8}}","[""Weekend"",""Short trip"",""Day trip""]",Mid-range,5,3,4,4,3,4,3,3,2,2,8.9,9.8,11.8,14.1,18.7,23.9,26.3,26.9,22.6,18.0,14.3,10.4,"['Weekend', 'Short trip', 'Day trip']",1,1,1,0,0,1,0.7300196766316146,0.3960640202174971,Miejskie i kulturowe
f139e95f-1d18-40b9-a7f0-f8d908c05e53,Bergen,Norway,europe,"Charming waterfront views, colorful wooden houses, and the fresh scent of sea air make this coastal city feel both cozy and invigorating.",60.3943055,5.3259192,"{""1"":{""avg"":2.5,""max"":4.7,""min"":0.4},""2"":{""avg"":3,""max"":5.7,""min"":0.7},""3"":{""avg"":4.3,""max"":7.7,""min"":1.8},""4"":{""avg"":7.1,""max"":11.5,""min"":3.4},""5"":{""avg"":11.4,""max"":15.9,""min"":7.6},""6"":{""avg"":14.5,""max"":19,""min"":11},""7"":{""avg"":15.4,""max"":19.6,""min"":12.2},""8"":{""avg"":15.3,""max"":19.4,""min"":12.4},""9"":{""avg"":13.4,""max"":17.1,""min"":10.4},""10"":{""avg"":9.1,""max"":12.4,""min"":6.6},""11"":{""avg"":5.6,""max"":8.1,""min"":3.5},""12"":{""avg"":4,""max"":6.1,""min"":1.7}}","[""Weekend"",""One week"",""Short trip""]",Luxury,4,4,5,2,3,3,3,3,4,3,2.5,3.0,4.3,7.1,11.4,14.5,15.4,15.3,13.4,9.1,5.6,4.0,"['Weekend', 'One week', 'Short trip']",0,1,1,1,0,0,-1.6732540554062172,-0.13361727248829267,Natura i przygoda
6a0bce48-86be-4f4c-9106-9308a936d565,Bocas del Toro,Panama,north_america,"Crystal-clear waters lap against palm-fringed beaches, while vibrant marine life and laid-back island vibes create an unforgettable tropical escape.",9.26847485,-81.99322424821933,"{""1"":{""avg"":25,""max"":28.5,""min"":22.6},""2"":{""avg"":24.9,""max"":28.1,""min"":22.6},""3"":{""avg"":25.5,""max"":28.7,""min"":23.1},""4"":{""avg"":26,""max"":29.1,""min"":23.8},""5"":{""avg"":26.9,""max"":29.9,""min"":24.7},""6"":{""avg"":26.6,""max"":29.6,""min"":24.6},""7"":{""avg"":26.2,""max"":29,""min"":24.2},""8"":{""avg"":26.5,""max"":29.4,""min"":24.2},""9"":{""avg"":26.7,""max"":29.6,""min"":24.4},""10"":{""avg"":26.4,""max"":29.3,""min"":24.3},""11"":{""avg"":25.7,""max"":28.6,""min"":23.7},""12"":{""avg"":25.1,""max"":28.5,""min"":22.8}}","[""Weekend"",""One week"",""Short trip""]",Mid-range,3,4,5,5,3,3,3,2,4,2,25.0,24.9,25.5,26.0,26.9,26.6,26.2,26.5,26.7,26.4,25.7,25.1,"['Weekend', 'One week', 'Short trip']",0,1,1,1,0,0,-2.8005179113442584,1.0581685306471555,Natura i przygoda
7c623237-bc71-4ba0-ae74-a64b0201eeba,Santo Domingo,Dominican Republic,north_america,"Lively streets filled with the sound of merengue, colonial architecture, and the aroma of local cuisine create an inviting and vibrant atmosphere.",18.4801972,-69.942111,"{""1"":{""avg"":24.8,""max"":29.4,""min"":21.1},""2"":{""avg"":24.6,""max"":29.4,""min"":21},""3"":{""avg"":25.2,""max"":29.7,""min"":21.2},""4"":{""avg"":25.7,""max"":29.6,""min"":22},""5"":{""avg"":26.7,""max"":30.7,""min"":23.5},""6"":{""avg"":27.4,""max"":31.1,""min"":24.3},""7"":{""avg"":27.6,""max"":31.5,""min"":23.9},""8"":{""avg"":27.7,""max"":32,""min"":24.5},""9"":{""avg"":27.8,""max"":32.1,""min"":24.3},""10"":{""avg"":26.9,""max"":31.5,""min"":23.7},""11"":{""avg"":26,""max"":30.5,""min"":22.8},""12"":{""avg"":25.4,""max"":30,""min"":22}}","[""Short trip"",""One week"",""Weekend""]",Mid-range,4,3,3,4,4,4,3,4,2,2,24.8,24.6,25.2,25.7,26.7,27.4,27.6,27.7,27.8,26.9,26.0,25.4,"['Short trip', 'One week', 'Weekend']",0,1,1,1,0,1,1.5742706637630066,0.986176797442087,Miejskie i kulturowe
198847d2-1823-4b9d-98dc-c9b9d22eb768,Baños,Ecuador,south_america,"Lush green mountains, steaming thermal pools, and the thrill of adventure sports create an exhilarating yet serene escape in this enchanting town.",-1.33191575,-78.26252853850661,"{""1"":{""avg"":20.6,""max"":24.5,""min"":17.2},""2"":{""avg"":20.5,""max"":24.3,""min"":17.6},""3"":{""avg"":20.7,""max"":24.5,""min"":17.7},""4"":{""avg"":20.6,""max"":24.4,""min"":17.6},""5"":{""avg"":20.5,""max"":24,""min"":17.8},""6"":{""avg"":19.5,""max"":23.2,""min"":16.6},""7"":{""avg"":19.5,""max"":23.5,""min"":16.3},""8"":{""avg"":19.6,""max"":24.2,""min"":15.8},""9"":{""avg"":20.4,""max"":25.3,""min"":16.2},""10"":{""avg"":20.8,""max"":25.4,""min"":17.1},""11"":{""avg"":20.6,""max"":24.8,""min"":17.2},""12"":{""avg"":20.5,""max"":24.4,""min"":17.1}}","[""Short trip"",""Weekend""]",Budget,3,5,5,1,3,3,4,2,4,1,20.6,20.5,20.7,20.6,20.5,19.5,19.5,19.6,20.4,20.8,20.6,20.5,"['Short trip', 'Weekend']",0,1,1,0,0,0,-2.8818891654692,0.9302409584179421,Natura i przygoda
24446934-6d3a-4d1d-89e6-82c8337fd26c,Cairo,Egypt,africa,"Bustling streets filled with vibrant markets, the aroma of spices, and the awe-inspiring sight of ancient pyramids create an unforgettable experience.",30.0443879,31.2357257,"{""1"":{""avg"":15,""max"":19,""min"":11.2},""2"":{""avg"":16.1,""max"":20.7,""min"":11.8},""3"":{""avg"":19.1,""max"":24.1,""min"":14.5},""4"":{""avg"":22.6,""max"":28.8,""min"":17},""5"":{""avg"":26.5,""max"":32.9,""min"":20.7},""6"":{""avg"":29.3,""max"":35.2,""min"":23.8},""7"":{""avg"":30.3,""max"":35.7,""min"":25.4},""8"":{""avg"":30.4,""max"":35.6,""min"":25.8},""9"":{""avg"":28.8,""max"":34,""min"":24.4},""10"":{""avg"":25.3,""max"":30,""min"":21.3},""11"":{""avg"":21,""max"":25.3,""min"":17.1},""12"":{""avg"":17.1,""max"":21,""min"":13.4}}","[""Short trip"",""One week""]",Budget,5,3,3,2,3,4,3,4,2,1,15.0,16.1,19.1,22.6,26.5,29.3,30.3,30.4,28.8,25.3,21.0,17.1,"['Short trip', 'One week']",0,0,1,1,0,1,1.7911367067496309,-0.3912376753992163,Miejskie i kulturowe
1c516349-193b-4421-9959-ad6cefe95efd,Iquitos,Peru,south_america,"Lush rainforests, vibrant markets, and the hum of riverboats create an atmosphere buzzing with life and natural wonder.",-3.749365,-73.2444145,"{""1"":{""avg"":26.2,""max"":31.9,""min"":23.1},""2"":{""avg"":26.2,""max"":31.9,""min"":23.2},""3"":{""avg"":26.1,""max"":31.4,""min"":23.1},""4"":{""avg"":26.2,""max"":31.5,""min"":23.2},""5"":{""avg"":25.8,""max"":31.2,""min"":22.9},""6"":{""avg"":25.6,""max"":31,""min"":22.2},""7"":{""avg"":25.5,""max"":31.3,""min"":21.9},""8"":{""avg"":26,""max"":32.6,""min"":21.6},""9"":{""avg"":26.8,""max"":33.6,""min"":22.4},""10"":{""avg"":26.7,""max"":32.8,""min"":22.8},""11"":{""avg"":26.6,""max"":32.4,""min"":23.2},""12"":{""avg"":26.1,""max"":31.4,""min"":23.2}}","[""One week"",""Short trip""]",Budget,3,5,5,1,2,3,2,2,4,1,26.2,26.2,26.1,26.2,25.8,25.6,25.5,26.0,26.8,26.7,26.6,26.1,"['One week', 'Short trip']",0,0,1,1,0,0,-3.118955210211784,-1.3470282758105512,Natura i przygoda
2ebb8f10-653a-47d5-a403-f7a441bbc0a4,Charlotte,United States,north_america,"Bustling streets lined with towering trees, vibrant arts scenes, and a warm Southern hospitality create a welcoming and lively atmosphere.",35.2272086,-80.8430827,"{""1"":{""avg"":6.2,""max"":11.6,""min"":0.3},""2"":{""avg"":9.2,""max"":15.1,""min"":3.2},""3"":{""avg"":12.8,""max"":18.9,""min"":6.4},""4"":{""avg"":16.9,""max"":23.2,""min"":10.2},""5"":{""avg"":21.3,""max"":27.2,""min"":15.4},""6"":{""avg"":25.3,""max"":31.1,""min"":19.6},""7"":{""avg"":27.1,""max"":33.3,""min"":21.8},""8"":{""avg"":26.2,""max"":32,""min"":21},""9"":{""avg"":23.4,""max"":29.1,""min"":18},""10"":{""avg"":17.8,""max"":24.2,""min"":11.2},""11"":{""avg"":11.7,""max"":17.9,""min"":5.2},""12"":{""avg"":8.5,""max"":14,""min"":2.8}}","[""Short trip"",""Weekend"",""One week""]",Mid-range,3,3,3,1,3,3,3,4,2,2,6.2,9.2,12.8,16.9,21.3,25.3,27.1,26.2,23.4,17.8,11.7,8.5,"['Short trip', 'Weekend', 'One week']",0,1,1,1,0,2,0.564690221032289,-0.675853627310598,Spokojne kierunki kulturowe
caf79b01-70b6-450b-9601-66fdadb8df39,Marseille,France,europe,"A lively port city with Mediterranean flair, bustling markets, and a mix of historic charm and modern vibrancy, offering endless exploration.",43.2961743,5.3699525,"{""1"":{""avg"":7.7,""max"":12.3,""min"":3.6},""2"":{""avg"":9.3,""max"":14.2,""min"":4.9},""3"":{""avg"":11.5,""max"":16.8,""min"":6.6},""4"":{""avg"":14.4,""max"":19.8,""min"":9.2},""5"":{""avg"":18.5,""max"":23.9,""min"":13.3},""6"":{""avg"":23.6,""max"":29.2,""min"":18.2},""7"":{""avg"":26.3,""max"":32.3,""min"":20.7},""8"":{""avg"":25.5,""max"":31.5,""min"":19.8},""9"":{""avg"":21.4,""max"":26.9,""min"":16.5},""10"":{""avg"":17.2,""max"":22.3,""min"":12.8},""11"":{""avg"":12,""max"":16.5,""min"":8.1},""12"":{""avg"":8.8,""max"":13.5,""min"":4.8}}","[""Short trip"",""Weekend"",""One week""]",Mid-range,4,3,3,3,4,4,3,4,2,2,7.7,9.3,11.5,14.4,18.5,23.6,26.3,25.5,21.4,17.2,12.0,8.8,"['Short trip', 'Weekend', 'One week']",0,1,1,1,0,1,1.6752809744429038,0.623339154031388,Miejskie i kulturowe
a93b9a93-c474-483c-9d27-8bb1f8b0090c,Malabo,Equatorial Guinea,africa,"Tropical breezes mingle with the vibrant energy of colorful markets and lively streets, offering a warm and welcoming cultural experience.",3.741877,8.7740663,"{""1"":{""avg"":27.7,""max"":32,""min"":24},""2"":{""avg"":28.3,""max"":32.4,""min"":24.7},""3"":{""avg"":27.9,""max"":31.8,""min"":24.5},""4"":{""avg"":27.8,""max"":31.7,""min"":24.5},""5"":{""avg"":27.3,""max"":31.1,""min"":24.3},""6"":{""avg"":26.3,""max"":29.8,""min"":23.6},""7"":{""avg"":25.8,""max"":29.1,""min"":23.6},""8"":{""avg"":25.6,""max"":28.6,""min"":23.4},""9"":{""avg"":25.8,""max"":29,""min"":23.6},""10"":{""avg"":26.1,""max"":29.5,""min"":23.6},""11"":{""avg"":26.8,""max"":30.4,""min"":23.9},""12"":{""avg"":27.5,""max"":31.6,""min"":23.9}}","[""Short trip"",""Weekend""]",Mid-range,3,3,4,3,2,3,2,2,4,2,27.7,28.3,27.9,27.8,27.3,26.3,25.8,25.6,25.8,26.1,26.8,27.5,"['Short trip', 'Weekend']",0,1,1,0,0,2,-2.063375886653232,-1.6010224794996946,Spokojne kierunki kulturowe
c7d691ad-b361-404d-a6e4-ab4f7a4120c8,Mbabane,Eswatini,africa,"Surrounded by lush mountains, the city offers a relaxed atmosphere where vibrant markets and friendly locals create an inviting experience.",-26.325745,31.144663,"{""1"":{""avg"":23.9,""max"":27.7,""min"":18.3},""2"":{""avg"":23.6,""max"":27.1,""min"":18.6},""3"":{""avg"":23,""max"":26.9,""min"":17.4},""4"":{""avg"":21.1,""max"":25.2,""min"":14.8},""5"":{""avg"":19.7,""max"":23.9,""min"":12.1},""6"":{""avg"":17.1,""max"":22.2,""min"":9.1},""7"":{""avg"":17.6,""max"":22.6,""min"":9.4},""8"":{""avg"":19.7,""max"":23.7,""min"":9.9},""9"":{""avg"":21.6,""max"":26.7,""min"":12.7},""10"":{""avg"":20.9,""max"":26,""min"":14.6},""11"":{""avg"":22.5,""max"":27.2,""min"":16.5},""12"":{""avg"":22.3,""max"":26.4,""min"":17.5}}","[""Short trip"",""Weekend""]",Budget,3,3,4,1,2,3,3,2,4,1,23.9,23.6,23.0,21.1,19.7,17.1,17.6,19.7,21.6,20.9,22.5,22.3,"['Short trip', 'Weekend']",0,1,1,0,0,0,-1.9388678953728864,-1.3905198511343257,Natura i przygoda
ad6338c1-1ad3-4f1c-8c78-26d7c86078fd,Sofia,Bulgaria,europe,"Charming streets lined with eclectic architecture and vibrant markets invite you to immerse in a blend of history, culture, and modern energy.",42.6977028,23.3217359,"{""1"":{""avg"":-0.2,""max"":4.6,""min"":-4.2},""2"":{""avg"":3.3,""max"":9.3,""min"":-1.5},""3"":{""avg"":6.1,""max"":11.6,""min"":0.6},""4"":{""avg"":11.2,""max"":18,""min"":4.9},""5"":{""avg"":15.5,""max"":21,""min"":9.5},""6"":{""avg"":19.9,""max"":26.3,""min"":13.7},""7"":{""avg"":22.5,""max"":29.7,""min"":15.3},""8"":{""avg"":22.4,""max"":29.6,""min"":15},""9"":{""avg"":17.8,""max"":24.8,""min"":11.1},""10"":{""avg"":11.8,""max"":18.8,""min"":5.8},""11"":{""avg"":6.6,""max"":12,""min"":2},""12"":{""avg"":2.1,""max"":6.5,""min"":-1.6}}","[""Short trip"",""Weekend"",""One week""]",Budget,4,3,3,1,3,4,3,3,2,1,-0.2,3.3,6.1,11.2,15.5,19.9,22.5,22.4,17.8,11.8,6.6,2.1,"['Short trip', 'Weekend', 'One week']",0,1,1,1,0,1,1.0679140935311782,-0.6508024459065643,Miejskie i kulturowe
6d6a0097-d1d4-40f0-b2ae-28d0c9ab9dfc,San Marino,San Marino,europe,"Perched atop rolling hills, this charming enclave offers medieval towers, cobblestone streets, and sweeping vistas, inviting a leisurely exploration of its storied past.",43.9458623,12.458306,"{""1"":{""avg"":5.5,""max"":9.7,""min"":1.1},""2"":{""avg"":7.3,""max"":11.5,""min"":2.7},""3"":{""avg"":9.6,""max"":14.2,""min"":3.4},""4"":{""avg"":13.2,""max"":17.8,""min"":7.5},""5"":{""avg"":17.8,""max"":22,""min"":12.6},""6"":{""avg"":23,""max"":27.4,""min"":17.2},""7"":{""avg"":25.6,""max"":29.6,""min"":19.6},""8"":{""avg"":25,""max"":29.3,""min"":19.4},""9"":{""avg"":20.7,""max"":25.2,""min"":15.8},""10"":{""avg"":16.2,""max"":20.1,""min"":11.6},""11"":{""avg"":10.8,""max"":14.3,""min"":6.6},""12"":{""avg"":6.4,""max"":10.3,""min"":2.3}}","[""Day trip"",""Weekend""]",Mid-range,4,2,3,1,2,3,2,3,4,2,5.5,7.3,9.6,13.2,17.8,23.0,25.6,25.0,20.7,16.2,10.8,6.4,"['Day trip', 'Weekend']",1,1,0,0,0,2,-0.1874222632418235,-3.022395043508169,Spokojne kierunki kulturowe
45c083b3-fc34-4d42-b74a-cd9dffe4156a,Berlin,Germany,europe,"Eclectic streets filled with history, art, and a dynamic cultural scene create an atmosphere that's both invigorating and deeply engaging.",52.510885,13.3989367,"{""1"":{""avg"":2.3,""max"":4.3,""min"":0.3},""2"":{""avg"":3.4,""max"":6.4,""min"":0.6},""3"":{""avg"":6.1,""max"":10.3,""min"":2},""4"":{""avg"":9.8,""max"":14.5,""min"":5.1},""5"":{""avg"":14.7,""max"":19.5,""min"":9.4},""6"":{""avg"":19.5,""max"":24.7,""min"":14},""7"":{""avg"":19.9,""max"":24.7,""min"":15},""8"":{""avg"":20.2,""max"":25.3,""min"":15.3},""9"":{""avg"":15.8,""max"":20.8,""min"":11.4},""10"":{""avg"":10.9,""max"":14.5,""min"":7.8},""11"":{""avg"":6.1,""max"":8.5,""min"":3.8},""12"":{""avg"":3.9,""max"":5.7,""min"":2}}","[""Short trip"",""Weekend"",""One week""]",Mid-range,5,3,2,1,5,4,3,5,2,2,2.3,3.4,6.1,9.8,14.7,19.5,19.9,20.2,15.8,10.9,6.1,3.9,"['Short trip', 'Weekend', 'One week']",0,1,1,1,0,1,3.5354260359907133,-0.005874919895311713,Miejskie i kulturowe
9f3e50a0-752d-42f5-b129-72d7880beab7,Helsinki,Finland,europe,"A blend of modern design and serene nature, where crisp air and cozy cafes invite you to unwind and explore.",60.1674881,24.9427473,"{""1"":{""avg"":-2.4,""max"":-0.5,""min"":-5.3},""2"":{""avg"":-1.7,""max"":0.2,""min"":-4.5},""3"":{""avg"":0.5,""max"":3.7,""min"":-2.6},""4"":{""avg"":4.9,""max"":8.8,""min"":1.4},""5"":{""avg"":11.3,""max"":15.7,""min"":7},""6"":{""avg"":16.4,""max"":20,""min"":12.5},""7"":{""avg"":18.1,""max"":21.8,""min"":14.9},""8"":{""avg"":17.5,""max"":21,""min"":14.4},""9"":{""avg"":13.1,""max"":16.2,""min"":10.2},""10"":{""avg"":7.4,""max"":10,""min"":5.2},""11"":{""avg"":3.3,""max"":5.3,""min"":0.9},""12"":{""avg"":0.1,""max"":1.7,""min"":-2.9}}","[""Short trip"",""One week"",""Weekend""]",Mid-range,4,3,4,2,3,4,4,4,3,2,-2.4,-1.7,0.5,4.9,11.3,16.4,18.1,17.5,13.1,7.4,3.3,0.1,"['Short trip', 'One week', 'Weekend']",0,1,1,1,0,3,0.44735003606597146,0.8830321802581619,"Plaże, natura i relaks"
8cc00822-8c1e-4446-ba89-0a35128ad69a,Warsaw,Poland,europe,"Historic streets blend with modern vibes, where cozy cafes and vibrant squares invite leisurely strolls and a taste of local culture.",52.2337172,21.071432235636493,"{""1"":{""avg"":0.2,""max"":2.6,""min"":-2.3},""2"":{""avg"":1.5,""max"":4.8,""min"":-1.6},""3"":{""avg"":4.4,""max"":9.3,""min"":1.1},""4"":{""avg"":9.5,""max"":14.8,""min"":4},""5"":{""avg"":14.8,""max"":20.1,""min"":9.2},""6"":{""avg"":19.7,""max"":25.2,""min"":14},""7"":{""avg"":20.4,""max"":25.7,""min"":15.3},""8"":{""avg"":20.7,""max"":26.1,""min"":15.4},""9"":{""avg"":15.6,""max"":20.8,""min"":10.8},""10"":{""avg"":10,""max"":14.1,""min"":6.2},""11"":{""avg"":4.8,""max"":7.4,""min"":2.3},""12"":{""avg"":2,""max"":4.2,""min"":-0.5}}","[""Weekend"",""One week"",""Short trip""]",Mid-range,4,2,3,1,4,4,3,4,2,2,0.2,1.5,4.4,9.5,14.8,19.7,20.4,20.7,15.6,10.0,4.8,2.0,"['Weekend', 'One week', 'Short trip']",0,1,1,1,0,1,2.28520146256778,-0.48958121901682605,Miejskie i kulturowe
be181851-282e-409b-9626-1da82ed060f5,Verona,Italy,europe,"Charming streets with a romantic vibe, historic architecture, and cozy piazzas invite leisurely strolls and delightful discoveries at every turn.",45.4424977,10.985737689444765,"{""1"":{""avg"":3.2,""max"":7.8,""min"":-1.1},""2"":{""avg"":6.2,""max"":12.1,""min"":1.3},""3"":{""avg"":9.4,""max"":15.6,""min"":2.5},""4"":{""avg"":13.6,""max"":19,""min"":7.4},""5"":{""avg"":18,""max"":22.8,""min"":12.4},""6"":{""avg"":23.5,""max"":29.5,""min"":17.5},""7"":{""avg"":25.8,""max"":31.4,""min"":19.6},""8"":{""avg"":25,""max"":31.1,""min"":19.3},""9"":{""avg"":20.1,""max"":26.2,""min"":15.2},""10"":{""avg"":14.8,""max"":20.3,""min"":10.7},""11"":{""avg"":8.6,""max"":13.3,""min"":4.9},""12"":{""avg"":4,""max"":9,""min"":0.9}}","[""Short trip"",""Weekend""]",Mid-range,5,2,3,1,3,4,3,4,3,2,3.2,6.2,9.4,13.6,18.0,23.5,25.8,25.0,20.1,14.8,8.6,4.0,"['Short trip', 'Weekend']",0,1,1,0,0,1,1.8825097815068925,-1.2552335647879755,Miejskie i kulturowe
3a70dff6-b805-4e41-accf-480d43ed6ba7,Annecy,France,europe,"Charming canals and cobblestone streets weave through a picturesque town, surrounded by stunning alpine views and the serene waters of a crystal-clear lake.",45.8992348,6.1288847,"{""1"":{""avg"":3,""max"":6.7,""min"":-0.1},""2"":{""avg"":4.7,""max"":9.7,""min"":0.7},""3"":{""avg"":8,""max"":13.5,""min"":2.5},""4"":{""avg"":10.4,""max"":16.4,""min"":4.6},""5"":{""avg"":14.9,""max"":20.5,""min"":9.3},""6"":{""avg"":19.6,""max"":25.7,""min"":13.1},""7"":{""avg"":22,""max"":28.7,""min"":14.8},""8"":{""avg"":21.4,""max"":28.2,""min"":14.6},""9"":{""avg"":16.8,""max"":23.1,""min"":10.9},""10"":{""avg"":12.3,""max"":17.8,""min"":7.8},""11"":{""avg"":6.8,""max"":10.9,""min"":3.2},""12"":{""avg"":3.2,""max"":6.8,""min"":0.3}}","[""Short trip"",""Weekend""]",Mid-range,4,4,5,3,3,4,3,3,4,2,3.0,4.7,8.0,10.4,14.9,19.6,22.0,21.4,16.8,12.3,6.8,3.2,"['Short trip', 'Weekend']",0,1,1,0,0,3,-1.2606810227454974,0.6446502437529804,"Plaże, natura i relaks"
2f3a6926-553f-4d7a-acf8-5b17af6f2e93,Colombo,Sri Lanka,asia,"Lively streets filled with the aroma of spices, historic temples, and a coastal breeze create a vibrant and welcoming atmosphere.",6.9388614,79.8542005,"{""1"":{""avg"":27.2,""max"":31.3,""min"":24},""2"":{""avg"":27.9,""max"":32.1,""min"":24.7},""3"":{""avg"":28.5,""max"":32.1,""min"":25.4},""4"":{""avg"":28.9,""max"":32.3,""min"":25.8},""5"":{""avg"":28.9,""max"":31.6,""min"":26.6},""6"":{""avg"":28.7,""max"":31,""min"":26.3},""7"":{""avg"":28.4,""max"":30.7,""min"":26.3},""8"":{""avg"":28.2,""max"":30.5,""min"":26.1},""9"":{""avg"":27.8,""max"":30.3,""min"":25.6},""10"":{""avg"":27.5,""max"":30.2,""min"":25.1},""11"":{""avg"":27.3,""max"":30.7,""min"":24.5},""12"":{""avg"":27.4,""max"":31.1,""min"":24.3}}","[""Short trip"",""One week"",""Weekend""]",Budget,4,3,3,3,3,4,3,4,2,1,27.2,27.9,28.5,28.9,28.9,28.7,28.4,28.2,27.8,27.5,27.3,27.4,"['Short trip', 'One week', 'Weekend']",0,1,1,1,0,1,1.2831896695414227,0.21842575017642865,Miejskie i kulturowe
25b9fbd9-78cb-4b0c-a050-2488c9431275,Fraser Island,Australia,oceania,"Endless stretches of sandy beaches, lush rainforests, and crystal-clear freshwater lakes create a serene escape filled with natural wonders and tranquility.",-25.24672,153.1468044,"{""1"":{""avg"":25.6,""max"":30.6,""min"":22.1},""2"":{""avg"":25.4,""max"":30.4,""min"":22},""3"":{""avg"":24.8,""max"":29.7,""min"":21.4},""4"":{""avg"":22.4,""max"":27.4,""min"":17.9},""5"":{""avg"":18.9,""max"":24.6,""min"":14.6},""6"":{""avg"":16.9,""max"":22.6,""min"":11.6},""7"":{""avg"":16.5,""max"":22.3,""min"":10.4},""8"":{""avg"":17.9,""max"":23.5,""min"":10.7},""9"":{""avg"":19.6,""max"":25.2,""min"":13.8},""10"":{""avg"":22,""max"":26.8,""min"":17.2},""11"":{""avg"":23.4,""max"":28.4,""min"":19.5},""12"":{""avg"":24.6,""max"":29.7,""min"":21.3}}","[""Short trip"",""Weekend"",""One week""]",Mid-range,2,5,5,5,1,2,3,1,4,2,25.6,25.4,24.8,22.4,18.9,16.9,16.5,17.9,19.6,22.0,23.4,24.6,"['Short trip', 'Weekend', 'One week']",0,1,1,1,0,0,-5.330416655151269,0.32342980923683023,Natura i przygoda
8394f9fd-03fe-4dca-9e73-4598909d2450,Dakar,Senegal,africa,"Bustling markets, rhythmic music, and vibrant street life create an energetic atmosphere that's both captivating and welcoming.",14.693425,-17.447938,"{""1"":{""avg"":22.5,""max"":27.2,""min"":20},""2"":{""avg"":21.6,""max"":26.3,""min"":19.1},""3"":{""avg"":21.4,""max"":25.3,""min"":18.8},""4"":{""avg"":22,""max"":25.9,""min"":19.7},""5"":{""avg"":23.3,""max"":27.1,""min"":21.5},""6"":{""avg"":26.1,""max"":29.2,""min"":24},""7"":{""avg"":27.6,""max"":30.5,""min"":25.6},""8"":{""avg"":28.1,""max"":30.8,""min"":25.9},""9"":{""avg"":28.1,""max"":30.9,""min"":25.4},""10"":{""avg"":28.5,""max"":31.6,""min"":25.7},""11"":{""avg"":26.8,""max"":30.5,""min"":23.9},""12"":{""avg"":24.5,""max"":29,""min"":21.8}}","[""One week"",""Short trip""]",Mid-range,4,3,3,4,3,4,3,3,2,2,22.5,21.6,21.4,22.0,23.3,26.1,27.6,28.1,28.1,28.5,26.8,24.5,"['One week', 'Short trip']",0,0,1,1,0,1,0.7648831614914867,0.43771048432553306,Miejskie i kulturowe
5f6b28e0-a6a1-4665-81ca-ebb074134424,Wadi Rum,Jordan,middle_east,"Expansive red sands and towering sandstone cliffs create a surreal landscape, inviting exploration and offering moments of profound tranquility under star-filled skies.",29.5084443,35.3362154,"{""1"":{""avg"":15.8,""max"":21.3,""min"":11},""2"":{""avg"":16.6,""max"":22.1,""min"":11.5},""3"":{""avg"":17.5,""max"":23.2,""min"":12},""4"":{""avg"":24.8,""max"":31.1,""min"":18.7},""5"":{""avg"":29.5,""max"":36.3,""min"":22.7},""6"":{""avg"":32.7,""max"":39.4,""min"":25.8},""7"":{""avg"":34.5,""max"":41,""min"":27.8},""8"":{""avg"":34,""max"":40.4,""min"":27.7},""9"":{""avg"":31.8,""max"":38,""min"":25.9},""10"":{""avg"":27.6,""max"":33.4,""min"":22.4},""11"":{""avg"":22.3,""max"":28,""min"":17.4},""12"":{""avg"":17.6,""max"":23.2,""min"":12.9}}","[""Short trip"",""One week""]",Mid-range,3,5,5,1,1,3,3,1,5,2,15.8,16.6,17.5,24.8,29.5,32.7,34.5,34.0,31.8,27.6,22.3,17.6,"['Short trip', 'One week']",0,0,1,1,0,0,-4.423392445250469,-1.0732298334915826,Natura i przygoda
d7e45496-f17a-4187-a9a5-ce30958370bf,Munich,Germany,europe,"Historic streets filled with the aroma of pretzels and beer, vibrant festivals, and a charming blend of tradition and modernity await.",48.1371079,11.5753822,"{""1"":{""avg"":1.8,""max"":5,""min"":-1.2},""2"":{""avg"":3.6,""max"":7.5,""min"":0.2},""3"":{""avg"":6.4,""max"":11.3,""min"":2.1},""4"":{""avg"":10.1,""max"":15.6,""min"":4.9},""5"":{""avg"":14,""max"":19.3,""min"":9},""6"":{""avg"":19,""max"":24.6,""min"":13.7},""7"":{""avg"":20.6,""max"":26.3,""min"":15.2},""8"":{""avg"":20.2,""max"":26,""min"":15},""9"":{""avg"":15.5,""max"":20.9,""min"":10.8},""10"":{""avg"":11.1,""max"":16,""min"":7.1},""11"":{""avg"":5.6,""max"":9.1,""min"":2.6},""12"":{""avg"":3.1,""max"":6.2,""min"":0.3}}","[""Day trip"",""Weekend"",""Short trip""]",Mid-range,5,3,3,1,4,4,3,5,2,2,1.8,3.6,6.4,10.1,14.0,19.0,20.6,20.2,15.5,11.1,5.6,3.1,"['Day trip', 'Weekend', 'Short trip']",1,1,1,0,0,1,2.701534519701048,-0.20560900569336138,Miejskie i kulturowe
139d05b0-435f-42e5-850f-3aa57ac0fefb,Freiburg,Germany,europe,"Charming cobblestone streets, lush greenery, and a welcoming vibe create a perfect blend of nature and history, inviting you to explore leisurely.",47.9960901,7.8494005,"{""1"":{""avg"":2.1,""max"":5.8,""min"":-1.1},""2"":{""avg"":4.2,""max"":8.5,""min"":0.6},""3"":{""avg"":6.6,""max"":11.8,""min"":2.1},""4"":{""avg"":9.5,""max"":15.2,""min"":4.1},""5"":{""avg"":13.5,""max"":19.1,""min"":8.1},""6"":{""avg"":18.2,""max"":24,""min"":12.6},""7"":{""avg"":19.8,""max"":25.9,""min"":14},""8"":{""avg"":19.6,""max"":25.8,""min"":14.1},""9"":{""avg"":15.2,""max"":21.1,""min"":10.4},""10"":{""avg"":11.2,""max"":16.3,""min"":7.1},""11"":{""avg"":5.9,""max"":9.8,""min"":2.5},""12"":{""avg"":3.7,""max"":7.4,""min"":0.5}}","[""Short trip"",""Weekend""]",Mid-range,4,3,5,1,3,3,3,3,4,2,2.1,4.2,6.6,9.5,13.5,18.2,19.8,19.6,15.2,11.2,5.9,3.7,"['Short trip', 'Weekend']",0,1,1,0,0,2,-1.1643438779612387,-0.8837000021258077,Spokojne kierunki kulturowe
155b4225-a616-4f5e-ad82-a692458165d1,Singapore,Singapore,asia,"A bustling cityscape where futuristic architecture meets lush green spaces, offering a vibrant blend of cultures and flavors at every corner.",1.2899175,103.8519072,"{""1"":{""avg"":27.4,""max"":31,""min"":25.1},""2"":{""avg"":27.8,""max"":31.8,""min"":25.1},""3"":{""avg"":28.5,""max"":32.7,""min"":25.6},""4"":{""avg"":28.9,""max"":32.9,""min"":25.9},""5"":{""avg"":29.2,""max"":32.6,""min"":26.5},""6"":{""avg"":28.7,""max"":31.6,""min"":26},""7"":{""avg"":28.8,""max"":31.6,""min"":26.4},""8"":{""avg"":28.6,""max"":31.5,""min"":26.2},""9"":{""avg"":28.6,""max"":31.7,""min"":26.2},""10"":{""avg"":28.7,""max"":32.3,""min"":25.9},""11"":{""avg"":28,""max"":31.9,""min"":25.4},""12"":{""avg"":27.8,""max"":31.6,""min"":25.4}}","[""One week"",""Short trip""]",Luxury,4,3,3,3,4,5,4,5,2,3,27.4,27.8,28.5,28.9,29.2,28.7,28.8,28.6,28.6,28.7,28.0,27.8,"['One week', 'Short trip']",0,0,1,1,0,1,2.5286478850741116,2.118499851310324,Miejskie i kulturowe
5ace1d13-c389-478b-927a-71d8f98a903d,Piran,Slovenia,europe,Charming cobblestone streets lead you through a town where the sea breeze mingles with the aroma of fresh seafood and vibrant markets.,45.5284919,13.5684485,"{""1"":{""avg"":5.7,""max"":9.6,""min"":2.4},""2"":{""avg"":7.3,""max"":11.4,""min"":3.6},""3"":{""avg"":10.6,""max"":14.8,""min"":6.9},""4"":{""avg"":13.4,""max"":18,""min"":8.2},""5"":{""avg"":17.8,""max"":22.5,""min"":12.7},""6"":{""avg"":22.8,""max"":27.9,""min"":17.2},""7"":{""avg"":24.9,""max"":30.4,""min"":18.9},""8"":{""avg"":24.6,""max"":30.2,""min"":18.8},""9"":{""avg"":20.5,""max"":25.8,""min"":16.4},""10"":{""avg"":15.6,""max"":20.2,""min"":11.8},""11"":{""avg"":10.8,""max"":14.9,""min"":7.2},""12"":{""avg"":6.9,""max"":11.1,""min"":3.6}}","[""Weekend"",""Short trip""]",Mid-range,4,3,4,4,3,4,3,3,4,2,5.7,7.3,10.6,13.4,17.8,22.8,24.9,24.6,20.5,15.6,10.8,6.9,"['Weekend', 'Short trip']",0,1,1,0,0,3,-0.5119912552721299,0.41506348287995376,"Plaże, natura i relaks"
771fda85-870b-4dcb-ad42-763aa6a6fbb0,Valletta,Malta,europe,Sun-drenched streets lined with baroque architecture and vibrant markets create a charming blend of history and lively Mediterranean spirit.,35.8989979,14.5136607,"{""1"":{""avg"":13,""max"":16.3,""min"":10.2},""2"":{""avg"":13.1,""max"":16.6,""min"":10},""3"":{""avg"":14.3,""max"":17.7,""min"":11.2},""4"":{""avg"":16.4,""max"":19.9,""min"":13},""5"":{""avg"":20,""max"":24.3,""min"":16.2},""6"":{""avg"":24.7,""max"":29.8,""min"":20.7},""7"":{""avg"":27.7,""max"":32.9,""min"":23.4},""8"":{""avg"":27.8,""max"":32.4,""min"":24},""9"":{""avg"":25.3,""max"":29.1,""min"":22.3},""10"":{""avg"":21.8,""max"":25.4,""min"":18.6},""11"":{""avg"":18.1,""max"":21.4,""min"":15.2},""12"":{""avg"":14.7,""max"":17.7,""min"":12.2}}","[""Short trip"",""Weekend""]",Mid-range,5,2,3,3,3,4,3,3,2,2,13.0,13.1,14.3,16.4,20.0,24.7,27.7,27.8,25.3,21.8,18.1,14.7,"['Short trip', 'Weekend']",0,1,1,0,0,1,1.680730065464776,-0.5591980274769277,Miejskie i kulturowe
12720905-6c3e-4a3f-a805-6b30460843b6,Thessaloniki,Greece,europe,"Lively waterfronts, aromatic tavernas, and ancient ruins blend seamlessly with a youthful energy that invites exploration and leisurely enjoyment.",40.6403167,22.9352716,"{""1"":{""avg"":6.4,""max"":11.1,""min"":3.1},""2"":{""avg"":8.6,""max"":13.1,""min"":3.9},""3"":{""avg"":11.1,""max"":15.9,""min"":6.1},""4"":{""avg"":14.9,""max"":19.6,""min"":8.7},""5"":{""avg"":19.9,""max"":24.9,""min"":13.5},""6"":{""avg"":25,""max"":30.4,""min"":19.1},""7"":{""avg"":27.8,""max"":33.2,""min"":21.8},""8"":{""avg"":27.3,""max"":32.9,""min"":21.4},""9"":{""avg"":22.9,""max"":28.3,""min"":17.5},""10"":{""avg"":17.3,""max"":23,""min"":12.7},""11"":{""avg"":12.8,""max"":17.2,""min"":9.2},""12"":{""avg"":8.4,""max"":12.6,""min"":5.4}}","[""Short trip"",""One week"",""Weekend""]",Mid-range,4,3,3,3,4,5,3,4,2,2,6.4,8.6,11.1,14.9,19.9,25.0,27.8,27.3,22.9,17.3,12.8,8.4,"['Short trip', 'One week', 'Weekend']",0,1,1,1,0,1,2.188864317783521,1.038769026861962,Miejskie i kulturowe
283c7ec9-07c6-4f35-a986-495aea46ee15,Georgetown,Guyana,south_america,"Lush greenery and colonial architecture meet vibrant local markets and a lively Caribbean vibe, offering a unique and welcoming atmosphere.",6.8137426,-58.1624465,"{""1"":{""avg"":27.1,""max"":29.6,""min"":24},""2"":{""avg"":27.2,""max"":29.4,""min"":24.4},""3"":{""avg"":27.6,""max"":30.2,""min"":24.6},""4"":{""avg"":28,""max"":30.6,""min"":24.9},""5"":{""avg"":27.6,""max"":30,""min"":24.9},""6"":{""avg"":27.4,""max"":30,""min"":24.6},""7"":{""avg"":27.7,""max"":30.7,""min"":24.5},""8"":{""avg"":28.4,""max"":31.3,""min"":24.8},""9"":{""avg"":29.2,""max"":31.9,""min"":25.3},""10"":{""avg"":29.1,""max"":32,""min"":25.3},""11"":{""avg"":28.2,""max"":31.1,""min"":24.7},""12"":{""avg"":27.4,""max"":29.8,""min"":24.1}}","[""Short trip"",""Weekend""]",Budget,4,4,5,2,3,3,3,3,4,1,27.1,27.2,27.6,28.0,27.6,27.4,27.7,28.4,29.2,29.1,28.2,27.4,"['Short trip', 'Weekend']",0,1,1,0,0,0,-1.6732540554062172,-0.13361727248829267,Natura i przygoda
2756e007-9330-4d8c-8e7c-1cb2bfd5a1fe,Jeju Island,South Korea,asia,"Lush green landscapes, volcanic craters, and serene beaches create a tranquil escape, perfect for soaking in natural beauty and peaceful vibes.",33.38034745,126.54825445912049,"{""1"":{""avg"":6.5,""max"":8.6,""min"":4},""2"":{""avg"":7.1,""max"":9.7,""min"":4.3},""3"":{""avg"":10.5,""max"":13.6,""min"":7.1},""4"":{""avg"":14.6,""max"":17.4,""min"":10.9},""5"":{""avg"":18.5,""max"":21.9,""min"":14.7},""6"":{""avg"":21.9,""max"":24.6,""min"":19.3},""7"":{""avg"":26.5,""max"":29.2,""min"":24.2},""8"":{""avg"":28,""max"":30.7,""min"":25.6},""9"":{""avg"":24,""max"":26.4,""min"":21.9},""10"":{""avg"":18.9,""max"":21.4,""min"":16.3},""11"":{""avg"":13.9,""max"":16.6,""min"":10.7},""12"":{""avg"":8.4,""max"":10.8,""min"":5.9}}","[""One week"",""Short trip""]",Mid-range,3,4,5,4,3,4,4,2,4,2,6.5,7.1,10.5,14.6,18.5,21.9,26.5,28.0,24.0,18.9,13.9,8.4,"['One week', 'Short trip']",0,0,1,1,0,3,-2.2634368874031927,2.0469386752537977,"Plaże, natura i relaks"
df9d25a4-a439-4fe3-9b2a-1f1caba531b9,Valencia,Spain,europe,"Sun-drenched streets lined with orange trees, vibrant markets, and a seamless blend of ancient history and modern art create a captivating atmosphere.",39.4697065,-0.3763353,"{""1"":{""avg"":11.5,""max"":17.5,""min"":7.7},""2"":{""avg"":12.5,""max"":18,""min"":8.6},""3"":{""avg"":14.2,""max"":19.4,""min"":10.4},""4"":{""avg"":15.9,""max"":20.9,""min"":12.1},""5"":{""avg"":19.8,""max"":24.3,""min"":15.6},""6"":{""avg"":23.6,""max"":27.8,""min"":19.7},""7"":{""avg"":26.7,""max"":30.4,""min"":23},""8"":{""avg"":26.9,""max"":30.8,""min"":23.3},""9"":{""avg"":23.6,""max"":28.2,""min"":20.1},""10"":{""avg"":20,""max"":25.1,""min"":16.5},""11"":{""avg"":15.3,""max"":21,""min"":11.8},""12"":{""avg"":12.7,""max"":18.6,""min"":9.2}}","[""Weekend"",""One week"",""Short trip""]",Mid-range,4,3,4,4,4,5,3,4,3,2,11.5,12.5,14.2,15.9,19.8,23.6,26.7,26.9,23.6,20.0,15.3,12.7,"['Weekend', 'One week', 'Short trip']",0,1,1,1,0,1,1.2285166930277238,1.4928728285783264,Miejskie i kulturowe
45ad5739-256e-4580-aead-6148dc11f958,Hoi An,Vietnam,asia,"Charming lantern-lit streets, bustling markets, and the scent of fresh herbs create an inviting atmosphere that feels both timeless and vibrant.",15.8795863,108.3319406,"{""1"":{""avg"":22.2,""max"":25.2,""min"":19.9},""2"":{""avg"":23.1,""max"":26.5,""min"":20.9},""3"":{""avg"":25.5,""max"":29.3,""min"":23.1},""4"":{""avg"":27.3,""max"":31.4,""min"":24.7},""5"":{""avg"":29.3,""max"":33.9,""min"":26.1},""6"":{""avg"":30.6,""max"":35.9,""min"":26.8},""7"":{""avg"":29.9,""max"":34.9,""min"":26.6},""8"":{""avg"":30,""max"":35.2,""min"":26.6},""9"":{""avg"":28.8,""max"":32.9,""min"":25.5},""10"":{""avg"":26.8,""max"":29.8,""min"":24.2},""11"":{""avg"":25.6,""max"":28.5,""min"":23.3},""12"":{""avg"":22.9,""max"":25.6,""min"":21.1}}","[""Short trip"",""Weekend""]",Budget,5,3,3,3,2,5,3,2,4,1,22.2,23.1,25.5,27.3,29.3,30.6,29.9,30.0,28.8,26.8,25.6,22.9,"['Short trip', 'Weekend']",0,1,1,0,0,2,0.14195183439335846,-0.5328157010385808,Spokojne kierunki kulturowe
333aa3ee-33b8-4db0-b7a4-6fe335b33f37,Kolkata,India,asia,"Bustling streets filled with the aroma of spices, vibrant markets, and colonial architecture create an inviting atmosphere full of life and history.",22.5726459,88.3638953,"{""1"":{""avg"":19.4,""max"":25.3,""min"":14.3},""2"":{""avg"":23.3,""max"":29.2,""min"":17.8},""3"":{""avg"":27.6,""max"":33.1,""min"":22.4},""4"":{""avg"":30.5,""max"":36,""min"":25.7},""5"":{""avg"":30.8,""max"":35.1,""min"":26.4},""6"":{""avg"":30.6,""max"":34.5,""min"":27.3},""7"":{""avg"":29.6,""max"":32.8,""min"":27.1},""8"":{""avg"":29.4,""max"":32.7,""min"":26.8},""9"":{""avg"":29.4,""max"":33.1,""min"":26.6},""10"":{""avg"":28.2,""max"":32.2,""min"":24.6},""11"":{""avg"":24.6,""max"":29.9,""min"":19.8},""12"":{""avg"":20.6,""max"":25.9,""min"":15.4}}","[""Short trip"",""One week"",""Weekend""]",Budget,5,2,3,1,3,5,3,4,2,1,19.4,23.3,27.6,30.5,30.8,30.6,29.6,29.4,29.4,28.2,24.6,20.6,"['Short trip', 'One week', 'Weekend']",0,1,1,1,0,1,2.813630227535227,-0.7258905322061573,Miejskie i kulturowe
c7b3c669-a693-485a-96ec-6b1147b80d11,Budapest,Hungary,europe,"Charming streets lined with historic architecture and lively ruin bars create a welcoming vibe, where tradition meets a vibrant, modern energy.",47.48138955,19.14609412691246,"{""1"":{""avg"":1,""max"":4.1,""min"":-2.1},""2"":{""avg"":4,""max"":8,""min"":0.3},""3"":{""avg"":7.3,""max"":13.1,""min"":2.8},""4"":{""avg"":12.2,""max"":17.8,""min"":6.4},""5"":{""avg"":16.7,""max"":22.1,""min"":11.5},""6"":{""avg"":21.9,""max"":27.4,""min"":16},""7"":{""avg"":23.6,""max"":29.4,""min"":17.5},""8"":{""avg"":23.3,""max"":29.3,""min"":17.6},""9"":{""avg"":18,""max"":23.6,""min"":12.7},""10"":{""avg"":12,""max"":17.1,""min"":7.4},""11"":{""avg"":6.3,""max"":9.9,""min"":3.1},""12"":{""avg"":2.3,""max"":5,""min"":-0.3}}","[""Short trip"",""One week"",""Weekend""]",Mid-range,5,3,3,1,5,4,5,4,2,2,1.0,4.0,7.3,12.2,16.7,21.9,23.6,23.3,18.0,12.0,6.3,2.3,"['Short trip', 'One week', 'Weekend']",0,1,1,1,0,1,2.5213043670735935,1.9281073192735374,Miejskie i kulturowe
17468e16-e2af-4354-964d-a941191771d7,Yogyakarta,Indonesia,asia,"A vibrant blend of traditional Javanese culture and modern energy, where bustling markets and ancient temples create a rich sensory tapestry.",-7.8011998,110.3646608,"{""1"":{""avg"":27.5,""max"":30.6,""min"":25.2},""2"":{""avg"":27.5,""max"":30.1,""min"":25.4},""3"":{""avg"":27.6,""max"":31.1,""min"":25.1},""4"":{""avg"":28,""max"":31.7,""min"":25.3},""5"":{""avg"":28.3,""max"":32.3,""min"":25},""6"":{""avg"":28,""max"":30.8,""min"":25.4},""7"":{""avg"":27.6,""max"":30.6,""min"":24.9},""8"":{""avg"":27.3,""max"":31.4,""min"":24.1},""9"":{""avg"":27.7,""max"":32.5,""min"":24.1},""10"":{""avg"":28.7,""max"":32.9,""min"":25.2},""11"":{""avg"":28.4,""max"":32.1,""min"":25.5},""12"":{""avg"":27.6,""max"":31,""min"":25.2}}","[""Short trip"",""One week"",""Weekend""]",Budget,5,3,4,2,3,4,3,3,3,1,27.5,27.5,27.6,28.0,28.3,28.0,27.6,27.3,27.7,28.7,28.4,27.6,"['Short trip', 'One week', 'Weekend']",0,1,1,1,0,2,0.514503195303692,-0.4435244263551456,Spokojne kierunki kulturowe
8418d235-a78e-43fc-bdae-3f7c45ac67ca,Monaco,Monaco,europe,"Glamorous streets lined with luxury cars and yachts, where the Mediterranean breeze mingles with the scent of high-end cuisine and opulence.",43.7323492,7.4276832,"{""1"":{""avg"":8.2,""max"":12.3,""min"":5.1},""2"":{""avg"":9.2,""max"":13.4,""min"":5.5},""3"":{""avg"":12.2,""max"":15.9,""min"":8.7},""4"":{""avg"":13.4,""max"":17.5,""min"":9.2},""5"":{""avg"":16.9,""max"":20.9,""min"":12.7},""6"":{""avg"":21.9,""max"":25.7,""min"":17.8},""7"":{""avg"":25,""max"":29.1,""min"":20.6},""8"":{""avg"":24.7,""max"":29.2,""min"":20.4},""9"":{""avg"":20.9,""max"":25.2,""min"":17},""10"":{""avg"":16.8,""max"":20.7,""min"":13.6},""11"":{""avg"":12.1,""max"":15.7,""min"":9.2},""12"":{""avg"":9,""max"":12.9,""min"":6}}","[""Weekend"",""Day trip""]",Luxury,4,2,3,3,5,4,3,5,2,3,8.2,9.2,12.2,13.4,16.9,21.9,25.0,24.7,20.9,16.8,12.1,9.0,"['Weekend', 'Day trip']",1,1,0,0,0,1,2.8925683434795055,0.7845603809211261,Miejskie i kulturowe
f3126fe6-bf7d-442c-951e-4c59aa34c417,Rome,Italy,europe,"Ancient ruins stand proudly amidst bustling piazzas, where the aroma of fresh pasta and the echoes of street musicians fill the air.",41.8933203,12.4829321,"{""1"":{""avg"":8.2,""max"":13,""min"":3.8},""2"":{""avg"":9.5,""max"":15.2,""min"":4.6},""3"":{""avg"":11.2,""max"":16.6,""min"":6.4},""4"":{""avg"":14.3,""max"":19.8,""min"":8.9},""5"":{""avg"":18.3,""max"":24,""min"":13},""6"":{""avg"":23.4,""max"":29.6,""min"":17.7},""7"":{""avg"":26.8,""max"":32.9,""min"":20.8},""8"":{""avg"":26.3,""max"":32.7,""min"":20.9},""9"":{""avg"":21.8,""max"":27.7,""min"":16.8},""10"":{""avg"":17.6,""max"":23.3,""min"":13.1},""11"":{""avg"":13,""max"":17.9,""min"":9},""12"":{""avg"":9.2,""max"":14.1,""min"":5}}","[""Short trip"",""One week""]",Mid-range,5,3,3,2,4,5,3,5,2,2,8.2,9.5,11.2,14.3,18.3,23.4,26.8,26.3,21.8,17.6,13.0,9.2,"['Short trip', 'One week']",0,0,1,1,0,1,3.114107552361768,0.5726585105479117,Miejskie i kulturowe
54ee0cc1-402d-42fc-a453-e5a7d5089247,Stockholm,Sweden,europe,"Charming waterfronts, crisp Nordic air, and a seamless blend of old-world charm and modern design create a unique and inviting atmosphere.",59.3251172,18.0710935,"{""1"":{""avg"":-0.7,""max"":1.5,""min"":-3.1},""2"":{""avg"":-0.2,""max"":2.3,""min"":-2.9},""3"":{""avg"":3.3,""max"":6,""min"":-0.3},""4"":{""avg"":5.6,""max"":10,""min"":1.3},""5"":{""avg"":11.5,""max"":16.4,""min"":6.2},""6"":{""avg"":16.9,""max"":21.5,""min"":11.8},""7"":{""avg"":17.6,""max"":22.4,""min"":13.4},""8"":{""avg"":17.3,""max"":21.6,""min"":13},""9"":{""avg"":13.2,""max"":17,""min"":9.4},""10"":{""avg"":7.9,""max"":10.8,""min"":4.8},""11"":{""avg"":3.8,""max"":5.7,""min"":1.4},""12"":{""avg"":0.8,""max"":2.8,""min"":-1.5}}","[""Weekend"",""One week"",""Short trip""]",Luxury,4,3,4,2,4,4,3,5,3,3,-0.7,-0.2,3.3,5.6,11.5,16.9,17.6,17.3,13.2,7.9,3.8,0.8,"['Weekend', 'One week', 'Short trip']",0,1,1,1,0,1,1.3342501684169399,0.4953205781879488,Miejskie i kulturowe
9226f6e6-02df-48b5-be28-c7d65ae84d5e,Taipei,Taiwan,asia,"Bustling night markets filled with tantalizing aromas, serene temples, and lush green hills create a vibrant and welcoming atmosphere.",25.0375198,121.5636796,"{""1"":{""avg"":16.9,""max"":20.2,""min"":14.4},""2"":{""avg"":17.5,""max"":21.3,""min"":14.7},""3"":{""avg"":19.8,""max"":23.9,""min"":16.5},""4"":{""avg"":23,""max"":27.2,""min"":19.6},""5"":{""avg"":26.2,""max"":30.3,""min"":23},""6"":{""avg"":29.3,""max"":33.6,""min"":26},""7"":{""avg"":30.8,""max"":35.5,""min"":27.4},""8"":{""avg"":30.2,""max"":34.8,""min"":26.9},""9"":{""avg"":28.5,""max"":32.5,""min"":25.5},""10"":{""avg"":25.1,""max"":28.2,""min"":22.8},""11"":{""avg"":22.6,""max"":25.6,""min"":20.2},""12"":{""avg"":18.5,""max"":21.4,""min"":16.1}}","[""Weekend"",""One week"",""Short trip""]",Mid-range,4,3,3,2,4,5,3,4,2,2,16.9,17.5,19.8,23.0,26.2,29.3,30.8,30.2,28.5,25.1,22.6,18.5,"['Weekend', 'One week', 'Short trip']",0,1,1,1,0,1,2.289874628463418,0.6759313834512628,Miejskie i kulturowe
a81ab0eb-12ab-4dd4-97c6-cc74e1c0cbaa,Tokyo,Japan,asia,"Neon-lit streets pulse with energy, while serene gardens and ancient temples offer a peaceful escape, creating a captivating blend of modernity and tradition.",35.6768601,139.7638947,"{""1"":{""avg"":5.9,""max"":10.2,""min"":2.6},""2"":{""avg"":7,""max"":11.5,""min"":3.1},""3"":{""avg"":10.8,""max"":15.5,""min"":6.6},""4"":{""avg"":15.2,""max"":20,""min"":11.3},""5"":{""avg"":19.8,""max"":24.5,""min"":15.6},""6"":{""avg"":22.6,""max"":26.6,""min"":19.6},""7"":{""avg"":26.6,""max"":30.7,""min"":23.6},""8"":{""avg"":27.9,""max"":32.1,""min"":25},""9"":{""avg"":24.2,""max"":28,""min"":21.4},""10"":{""avg"":18.4,""max"":22.3,""min"":15.3},""11"":{""avg"":13.4,""max"":17.6,""min"":10.3},""12"":{""avg"":8.2,""max"":12.5,""min"":5}}","[""Short trip"",""One week"",""Long trip""]",Luxury,5,2,2,1,5,5,3,5,1,3,5.9,7.0,10.8,15.2,19.8,22.6,26.6,27.9,24.2,18.4,13.4,8.2,"['Short trip', 'One week', 'Long trip']",0,0,1,1,1,1,4.874446348784128,0.13622302645969103,Miejskie i kulturowe
46a4a4b9-6bf0-4461-9c58-f1961e60a1e9,Noumea,New Caledonia,oceania,"A tropical blend of French sophistication and island charm, with vibrant markets, azure waters, and a laid-back, sun-soaked vibe.",-22.2745264,166.442419,"{""1"":{""avg"":26.1,""max"":29.4,""min"":23.5},""2"":{""avg"":26.8,""max"":30.1,""min"":24.3},""3"":{""avg"":26.2,""max"":29.4,""min"":23.8},""4"":{""avg"":24.7,""max"":27.6,""min"":22.3},""5"":{""avg"":22.7,""max"":25.8,""min"":20.3},""6"":{""avg"":21.4,""max"":24.5,""min"":19},""7"":{""avg"":20.8,""max"":24.1,""min"":18.1},""8"":{""avg"":20.5,""max"":23.9,""min"":17.6},""9"":{""avg"":21.5,""max"":24.9,""min"":18.5},""10"":{""avg"":23,""max"":26.6,""min"":20},""11"":{""avg"":24.1,""max"":27.7,""min"":21.2},""12"":{""avg"":25.9,""max"":29.2,""min"":23.1}}","[""Short trip"",""One week""]",Luxury,3,3,4,4,3,4,3,3,3,3,26.1,26.8,26.2,24.7,22.7,21.4,20.8,20.5,21.5,23.0,24.1,25.9,"['Short trip', 'One week']",0,0,1,1,0,3,-0.501390879112724,0.775802424796144,"Plaże, natura i relaks"
3945728c-0c92-4d4f-aef2-000b2e1a657f,Palermo,Italy,europe,"Sun-drenched streets filled with the aroma of street food, lively markets, and stunning architecture create an enchanting and vibrant atmosphere.",38.1112268,13.3524434,"{""1"":{""avg"":12.7,""max"":15,""min"":9.9},""2"":{""avg"":12.8,""max"":15.4,""min"":9.5},""3"":{""avg"":14.3,""max"":16.7,""min"":11.8},""4"":{""avg"":15.7,""max"":18.4,""min"":12.8},""5"":{""avg"":19.1,""max"":22.2,""min"":16.2},""6"":{""avg"":23.6,""max"":26.8,""min"":20.7},""7"":{""avg"":26.9,""max"":29.9,""min"":23.8},""8"":{""avg"":27.3,""max"":30.1,""min"":24.2},""9"":{""avg"":24.9,""max"":27.4,""min"":22.1},""10"":{""avg"":21.2,""max"":24,""min"":18.1},""11"":{""avg"":17.8,""max"":20.3,""min"":15},""12"":{""avg"":14.6,""max"":16.8,""min"":12}}","[""Short trip"",""One week"",""Weekend""]",Mid-range,4,2,3,3,3,5,3,4,2,2,12.7,12.8,14.3,15.7,19.1,23.6,26.9,27.3,24.9,21.2,17.8,14.6,"['Short trip', 'One week', 'Weekend']",0,1,1,1,0,1,2.2046728796471213,0.24661053678018677,Miejskie i kulturowe
33bfc52d-e48e-4738-be09-ddfa3cfb6603,Sicily,Italy,europe,"Sun-drenched landscapes, aromatic citrus groves, and vibrant markets create a sensory feast, while ancient ruins whisper stories of a rich, layered history.",37.587794,14.155048,"{""1"":{""avg"":6.1,""max"":8.3,""min"":3.2},""2"":{""avg"":7,""max"":10.3,""min"":4},""3"":{""avg"":7.6,""max"":10.4,""min"":4.6},""4"":{""avg"":11.2,""max"":14.4,""min"":7.1},""5"":{""avg"":15.8,""max"":19.8,""min"":11.2},""6"":{""avg"":22,""max"":26.8,""min"":18.1},""7"":{""avg"":25.6,""max"":30.6,""min"":20.2},""8"":{""avg"":23.8,""max"":28.5,""min"":20},""9"":{""avg"":19.9,""max"":24,""min"":16.4},""10"":{""avg"":15.6,""max"":19.3,""min"":12.7},""11"":{""avg"":11,""max"":13.7,""min"":8.5},""12"":{""avg"":7.8,""max"":10,""min"":5.5}}","[""Short trip"",""One week"",""Long trip""]",Mid-range,5,3,4,4,3,5,3,3,3,2,6.1,7.0,7.6,11.2,15.8,22.0,25.6,23.8,19.9,15.6,11.0,7.8,"['Short trip', 'One week', 'Long trip']",0,0,1,1,1,1,0.8260659172845147,0.6975807332968266,Miejskie i kulturowe
84861e0c-6b58-4b8f-a16e-ca371a9c01cd,Amman,Jordan,middle_east,"Bustling markets, aromatic spices, and ancient ruins create a vibrant atmosphere that blends history with the lively rhythms of modern life.",31.9515694,35.9239625,"{""1"":{""avg"":9.3,""max"":13.3,""min"":5.7},""2"":{""avg"":9.5,""max"":13.8,""min"":5.6},""3"":{""avg"":9.5,""max"":13.8,""min"":5.6},""4"":{""avg"":17.6,""max"":23.3,""min"":12.3},""5"":{""avg"":22.8,""max"":29,""min"":16.8},""6"":{""avg"":26,""max"":31.8,""min"":20.3},""7"":{""avg"":27.7,""max"":33.4,""min"":22.4},""8"":{""avg"":27.3,""max"":33.3,""min"":21.9},""9"":{""avg"":25.6,""max"":31.8,""min"":20.2},""10"":{""avg"":21.8,""max"":27.6,""min"":16.8},""11"":{""avg"":15.9,""max"":21,""min"":11.7},""12"":{""avg"":10.9,""max"":15,""min"":7.4}}","[""Short trip"",""One week"",""Weekend""]",Mid-range,4,3,3,1,3,4,3,4,2,2,9.3,9.5,9.5,17.6,22.8,26.0,27.7,27.3,25.6,21.8,15.9,10.9,"['Short trip', 'One week', 'Weekend']",0,1,1,1,0,1,1.485210290901217,-0.5072495366449696,Miejskie i kulturowe
4a16fb5b-86c8-483f-a0a2-d4b5619efd0e,Nairobi,Kenya,africa,"Bustling streets filled with colorful markets, the aroma of street food, and a lively mix of cultures create a dynamic urban experience.",-1.30261485,36.82884201813725,"{""1"":{""avg"":20.8,""max"":26.3,""min"":15.6},""2"":{""avg"":21.6,""max"":27.5,""min"":16.1},""3"":{""avg"":21.8,""max"":28,""min"":16.8},""4"":{""avg"":20.6,""max"":25.8,""min"":16.5},""5"":{""avg"":19.6,""max"":24.8,""min"":15.8},""6"":{""avg"":18.6,""max"":23.5,""min"":14},""7"":{""avg"":18,""max"":23,""min"":13.3},""8"":{""avg"":18.3,""max"":23.9,""min"":13.4},""9"":{""avg"":19.4,""max"":25.6,""min"":14.2},""10"":{""avg"":20.6,""max"":26.5,""min"":15.5},""11"":{""avg"":19.9,""max"":25.3,""min"":16.2},""12"":{""avg"":20,""max"":25.2,""min"":16}}","[""Short trip"",""One week"",""Weekend""]",Mid-range,4,4,5,1,3,3,3,4,2,2,20.8,21.6,21.8,20.6,19.6,18.6,18.0,18.3,19.4,20.6,19.9,20.0,"['Short trip', 'One week', 'Weekend']",0,1,1,1,0,2,-0.319873341980848,-0.12507568713490805,Spokojne kierunki kulturowe
426c4735-6fab-4da6-9c81-6307beb32236,Panama City,Panama,north_america,Humid evenings and skyscraper views contrast beautifully with colorful historic quarters and lush jungle landscapes within easy reach.,8.9714493,-79.5341802,"{""1"":{""avg"":27,""max"":31.9,""min"":23.2},""2"":{""avg"":27.4,""max"":32.6,""min"":23.4},""3"":{""avg"":27.7,""max"":32.8,""min"":23.7},""4"":{""avg"":27.9,""max"":32.6,""min"":24.4},""5"":{""avg"":27.4,""max"":31.3,""min"":24.7},""6"":{""avg"":27.1,""max"":30.3,""min"":24.7},""7"":{""avg"":27,""max"":30.9,""min"":24.5},""8"":{""avg"":26.9,""max"":30.5,""min"":24.2},""9"":{""avg"":26.7,""max"":30.2,""min"":24.2},""10"":{""avg"":26.5,""max"":29.8,""min"":24.1},""11"":{""avg"":26.4,""max"":29.9,""min"":24},""12"":{""avg"":26.9,""max"":31.4,""min"":23.6}}","[""Short trip"",""Weekend"",""One week""]",Mid-range,4,3,4,3,4,4,3,4,2,2,27.0,27.4,27.7,27.9,27.4,27.1,27.0,26.9,26.7,26.5,26.4,26.9,"['Short trip', 'Weekend', 'One week']",0,1,1,1,0,1,1.2334807630547209,0.8285184720882978,Miejskie i kulturowe
900f7bad-dc7e-4017-a6a9-16e3211d110b,Nagoya,Japan,asia,"A city where modern skyscrapers meet historic castles, offering a rich blend of tradition and innovation with a laid-back vibe.",35.1851045,136.8998438,"{""1"":{""avg"":4.6,""max"":9.2,""min"":0.5},""2"":{""avg"":5.6,""max"":10.2,""min"":1.1},""3"":{""avg"":10,""max"":15.3,""min"":5},""4"":{""avg"":15.1,""max"":20,""min"":10.1},""5"":{""avg"":19.8,""max"":24.9,""min"":14.8},""6"":{""avg"":23.1,""max"":27.4,""min"":19.1},""7"":{""avg"":27.1,""max"":31.3,""min"":23.8},""8"":{""avg"":28.6,""max"":33.1,""min"":25.3},""9"":{""avg"":24.9,""max"":29,""min"":21.8},""10"":{""avg"":18.7,""max"":23,""min"":14.9},""11"":{""avg"":13.1,""max"":17.7,""min"":9},""12"":{""avg"":7.1,""max"":11.1,""min"":2.8}}","[""Short trip"",""Weekend""]",Luxury,4,2,3,1,3,4,3,4,2,3,4.6,5.6,10.0,15.1,19.8,23.1,27.1,28.6,24.9,18.7,13.1,7.1,"['Short trip', 'Weekend']",0,1,1,0,0,1,1.8931101576662985,-0.8944946228717854,Miejskie i kulturowe
03c5ff46-5be3-423a-a2e1-f0ede04ca279,Fukuoka,Japan,asia,"Coastal breezes blend with vibrant city life, offering a friendly atmosphere, delicious street food, and a seamless mix of modern and traditional experiences.",33.6251241,130.6180016,"{""1"":{""avg"":5.9,""max"":10.1,""min"":2.4},""2"":{""avg"":6.7,""max"":11.4,""min"":3.2},""3"":{""avg"":10.6,""max"":15.8,""min"":6.5},""4"":{""avg"":15.1,""max"":20.4,""min"":10.7},""5"":{""avg"":19.6,""max"":24.6,""min"":15.1},""6"":{""avg"":23,""max"":27.5,""min"":19.5},""7"":{""avg"":27.2,""max"":31.3,""min"":24.4},""8"":{""avg"":28.1,""max"":32.7,""min"":25.2},""9"":{""avg"":24.3,""max"":28.6,""min"":21.4},""10"":{""avg"":18.3,""max"":23.3,""min"":15},""11"":{""avg"":12.9,""max"":18.3,""min"":9.2},""12"":{""avg"":7.5,""max"":12,""min"":4.6}}","[""Short trip"",""One week"",""Weekend""]",Mid-range,4,3,3,3,4,5,3,4,2,2,5.9,6.7,10.6,15.1,19.6,23.0,27.2,28.1,24.3,18.3,12.9,7.5,"['Short trip', 'One week', 'Weekend']",0,1,1,1,0,1,2.188864317783521,1.038769026861962,Miejskie i kulturowe
74275da0-d33c-4624-b50f-f3d254eaf9a8,Maseru,Lesotho,africa,"Surrounded by dramatic landscapes, this city offers a blend of bustling markets, friendly locals, and a unique cultural tapestry to explore.",-29.310054,27.478222,"{""1"":{""avg"":18.9,""max"":25.3,""min"":13.4},""2"":{""avg"":18.7,""max"":24.9,""min"":13.3},""3"":{""avg"":17.2,""max"":23.8,""min"":11.5},""4"":{""avg"":13.5,""max"":20.4,""min"":8},""5"":{""avg"":11.1,""max"":19.1,""min"":5.2},""6"":{""avg"":7.1,""max"":14.7,""min"":1.5},""7"":{""avg"":6.6,""max"":14.6,""min"":0.4},""8"":{""avg"":9.4,""max"":17.6,""min"":2.7},""9"":{""avg"":14.2,""max"":22.2,""min"":7.3},""10"":{""avg"":16.2,""max"":23.6,""min"":9.5},""11"":{""avg"":17.3,""max"":24.4,""min"":11.2},""12"":{""avg"":17.7,""max"":23.8,""min"":12.7}}","[""Short trip"",""Weekend""]",Budget,3,4,4,1,2,2,2,2,3,1,18.9,18.7,17.2,13.5,11.1,7.1,6.6,9.4,14.2,16.2,17.3,17.7,"['Short trip', 'Weekend']",0,1,1,0,0,0,-2.3653013727114196,-2.2409693931736063,Natura i przygoda
59358844-732e-44cc-8fc8-fd7266474a8f,Mexico City,Mexico,north_america,"Vibrant streets teeming with life, colorful markets, and the aroma of street food create an eclectic and exhilarating urban experience.",19.3207722,-99.1514677512441,"{""1"":{""avg"":14.4,""max"":22.3,""min"":8.2},""2"":{""avg"":15.9,""max"":24.5,""min"":8.9},""3"":{""avg"":18.2,""max"":27.2,""min"":10.7},""4"":{""avg"":20.3,""max"":28.6,""min"":14},""5"":{""avg"":19.9,""max"":27.6,""min"":13.3},""6"":{""avg"":18.5,""max"":25.1,""min"":13.2},""7"":{""avg"":17.1,""max"":23.2,""min"":12.6},""8"":{""avg"":17.2,""max"":23.5,""min"":13},""9"":{""avg"":17,""max"":22.9,""min"":13.1},""10"":{""avg"":16,""max"":22.2,""min"":11.5},""11"":{""avg"":15.5,""max"":22.6,""min"":9.9},""12"":{""avg"":14.4,""max"":21.6,""min"":8.7}}","[""Short trip"",""One week"",""Long trip""]",Mid-range,5,3,3,1,5,5,3,5,2,2,14.4,15.9,18.2,20.3,19.9,18.5,17.1,17.2,17.0,16.0,15.5,14.4,"['Short trip', 'One week', 'Long trip']",0,0,1,1,1,1,3.6072091679431466,0.614734270992172,Miejskie i kulturowe
ecfe7100-f347-4fc1-bae0-f7d38c9a82ac,Doha,Qatar,middle_east,"Modern architecture meets traditional souks, with the aroma of spices and the warm desert breeze creating a welcoming and vibrant atmosphere.",25.2856329,51.5264162,"{""1"":{""avg"":19.1,""max"":23.2,""min"":15.7},""2"":{""avg"":19.8,""max"":24,""min"":16},""3"":{""avg"":23.3,""max"":27.7,""min"":19.3},""4"":{""avg"":27.9,""max"":33.2,""min"":23.4},""5"":{""avg"":33.3,""max"":38.9,""min"":28.2},""6"":{""avg"":36.6,""max"":42.3,""min"":31.4},""7"":{""avg"":37.2,""max"":42.2,""min"":32.9},""8"":{""avg"":36.7,""max"":41.8,""min"":32.8},""9"":{""avg"":34.7,""max"":39.7,""min"":30.7},""10"":{""avg"":31.3,""max"":35.8,""min"":27.5},""11"":{""avg"":26.3,""max"":30.2,""min"":23},""12"":{""avg"":21.4,""max"":25.3,""min"":18.2}}","[""Short trip"",""Weekend"",""One week""]",Luxury,4,3,2,3,3,4,4,5,2,3,19.1,19.8,23.3,27.9,33.3,36.6,37.2,36.7,34.7,31.3,26.3,21.4,"['Short trip', 'Weekend', 'One week']",0,1,1,1,0,1,2.0647734482201963,1.0929772565678806,Miejskie i kulturowe
5e646c11-3635-4227-94f1-9c1872ce3ee8,Astana,Kazakhstan,asia,"Futuristic architecture and expansive boulevards create a surreal atmosphere, blending modernity with cultural depth, offering an intriguing and unique urban experience.",51.1159933,71.46770587485393,"{""1"":{""avg"":-13.8,""max"":-9.5,""min"":-17.7},""2"":{""avg"":-12,""max"":-7.2,""min"":-15.4},""3"":{""avg"":-5,""max"":-0.9,""min"":-9},""4"":{""avg"":7.5,""max"":13.3,""min"":2.1},""5"":{""avg"":15,""max"":21.9,""min"":9.2},""6"":{""avg"":19.6,""max"":25.3,""min"":13.4},""7"":{""avg"":21.6,""max"":27.7,""min"":16.2},""8"":{""avg"":19.3,""max"":25.3,""min"":13.6},""9"":{""avg"":12.4,""max"":17.7,""min"":7.4},""10"":{""avg"":4.6,""max"":9.7,""min"":1.1},""11"":{""avg"":-5.4,""max"":-1.6,""min"":-7.8},""12"":{""avg"":-11.2,""max"":-8.1,""min"":-14.7}}","[""Short trip"",""One week"",""Weekend""]",Mid-range,3,2,2,1,3,3,3,4,2,2,-13.8,-12.0,-5.0,7.5,15.0,19.6,21.6,19.3,12.4,4.6,-5.4,-11.2,"['Short trip', 'One week', 'Weekend']",0,1,1,1,0,1,1.4143902991855537,-1.2682780315943236,Miejskie i kulturowe
7a01b324-f2b0-4249-a575-16a5eaa65a33,Luang Prabang,Laos,asia,"Serene streets lined with French colonial architecture, vibrant night markets, and the gentle flow of the Mekong River create a peaceful, timeless charm.",19.8887438,102.135898,"{""1"":{""avg"":21.9,""max"":29.1,""min"":14.7},""2"":{""avg"":24.2,""max"":32.7,""min"":16.2},""3"":{""avg"":27,""max"":35.3,""min"":19.9},""4"":{""avg"":29.2,""max"":36.4,""min"":22.2},""5"":{""avg"":29.9,""max"":36.2,""min"":24.2},""6"":{""avg"":29.5,""max"":34.6,""min"":24.8},""7"":{""avg"":28.8,""max"":33.9,""min"":24.7},""8"":{""avg"":28.1,""max"":32.2,""min"":24.3},""9"":{""avg"":28.3,""max"":33,""min"":23.6},""10"":{""avg"":27.3,""max"":32.4,""min"":21.8},""11"":{""avg"":25.3,""max"":31.2,""min"":18.8},""12"":{""avg"":22.1,""max"":28.8,""min"":15.5}}","[""Short trip"",""Weekend""]",Budget,5,3,4,1,2,4,4,2,5,1,21.9,24.2,27.0,29.2,29.9,29.5,28.8,28.1,28.3,27.3,25.3,22.1,"['Short trip', 'Weekend']",0,1,1,0,0,2,-1.1064608317428126,-0.6464767871981205,Spokojne kierunki kulturowe
a5d58454-66d9-466a-870f-a490ad04b2fd,Oaxaca,Mexico,north_america,"Colorful markets, aromatic street food, and vibrant festivals create an immersive experience that feels both lively and deeply rooted in tradition.",17.0,-96.5,"{""1"":{""avg"":18.2,""max"":27.5,""min"":9.7},""2"":{""avg"":19.5,""max"":29.1,""min"":10.2},""3"":{""avg"":21.4,""max"":31.2,""min"":12.3},""4"":{""avg"":23.3,""max"":33.9,""min"":13.9},""5"":{""avg"":23.2,""max"":32.1,""min"":15.7},""6"":{""avg"":21.6,""max"":28.8,""min"":15.8},""7"":{""avg"":21,""max"":28.1,""min"":14.6},""8"":{""avg"":20.8,""max"":28,""min"":14.8},""9"":{""avg"":20.6,""max"":27.4,""min"":14.6},""10"":{""avg"":20.2,""max"":27.1,""min"":13.4},""11"":{""avg"":19.2,""max"":27.2,""min"":11.1},""12"":{""avg"":18.2,""max"":27,""min"":9.3}}","[""Short trip"",""One week"",""Weekend""]",Mid-range,5,3,4,2,3,5,3,3,3,2,18.2,19.5,21.4,23.3,23.2,21.6,21.0,20.8,20.6,20.2,19.2,18.2,"['Short trip', 'One week', 'Weekend']",0,1,1,1,0,1,1.028086538644309,-0.028094553524571637,Miejskie i kulturowe
b4770bbe-7d7e-400d-9e43-c208fad6fdee,Kaunas,Lithuania,europe,"Charming cobblestone streets, vibrant street art, and a laid-back vibe invite you to explore its rich history and creative energy.",54.8982139,23.9044817,"{""1"":{""avg"":-1.7,""max"":1,""min"":-3.2},""2"":{""avg"":-0.5,""max"":2.6,""min"":-2.7},""3"":{""avg"":2.5,""max"":7.1,""min"":-0.5},""4"":{""avg"":7.6,""max"":12.7,""min"":2.6},""5"":{""avg"":13.2,""max"":17.8,""min"":6.6},""6"":{""avg"":17.8,""max"":24.2,""min"":12.7},""7"":{""avg"":18.5,""max"":23.9,""min"":13.6},""8"":{""avg"":18.7,""max"":24.4,""min"":13.6},""9"":{""avg"":14,""max"":19.5,""min"":9.4},""10"":{""avg"":8.2,""max"":12.7,""min"":5.6},""11"":{""avg"":3.6,""max"":5.5,""min"":1.6},""12"":{""avg"":0.4,""max"":1.5,""min"":-2}}","[""Short trip"",""Weekend""]",Budget,4,2,3,1,3,3,3,3,3,1,-1.7,-0.5,2.5,7.6,13.2,17.8,18.5,18.7,14.0,8.2,3.6,0.4,"['Short trip', 'Weekend']",0,1,1,0,0,2,0.5446935142679259,-1.5673905647151987,Spokojne kierunki kulturowe
f33d7ecf-5952-4341-80cd-37c6d1b9b092,Podgorica,Montenegro,europe,"A blend of modern and traditional vibes, where lively streets meet serene parks, offering a warm and welcoming atmosphere.",42.4415238,19.2621081,"{""1"":{""avg"":6.5,""max"":10.9,""min"":3.1},""2"":{""avg"":9,""max"":13.8,""min"":4.4},""3"":{""avg"":12.1,""max"":17.5,""min"":6.8},""4"":{""avg"":15.8,""max"":20.1,""min"":9.4},""5"":{""avg"":20.3,""max"":24.9,""min"":14.2},""6"":{""avg"":25.8,""max"":31.2,""min"":19.4},""7"":{""avg"":29.4,""max"":35.2,""min"":22.6},""8"":{""avg"":28.8,""max"":34.5,""min"":22},""9"":{""avg"":23.2,""max"":29.3,""min"":17.8},""10"":{""avg"":17.3,""max"":22.8,""min"":12.6},""11"":{""avg"":12.3,""max"":16.9,""min"":8.5},""12"":{""avg"":8.2,""max"":12.1,""min"":5}}","[""Short trip"",""Weekend""]",Budget,3,3,4,2,3,3,3,3,3,1,6.5,9.0,12.1,15.8,20.3,25.8,29.4,28.8,23.2,17.3,12.3,8.2,"['Short trip', 'Weekend']",0,1,1,0,0,2,-0.8129536010935469,-0.3653027348558281,Spokojne kierunki kulturowe
99b5a71f-eead-4050-a7a4-df5e16a42c0b,Kuching,Malaysia,asia,"A blend of colonial charm and vibrant markets, with lush greenery and the gentle flow of the Sarawak River creating a serene atmosphere.",1.5597561,110.345397,"{""1"":{""avg"":26.4,""max"":30.6,""min"":23.8},""2"":{""avg"":26.4,""max"":30.5,""min"":23.8},""3"":{""avg"":26.9,""max"":31.5,""min"":23.8},""4"":{""avg"":27.3,""max"":32.7,""min"":24.1},""5"":{""avg"":27.6,""max"":32.9,""min"":24.4},""6"":{""avg"":27.3,""max"":32.6,""min"":23.9},""7"":{""avg"":27.6,""max"":32.8,""min"":23.9},""8"":{""avg"":27.3,""max"":32.7,""min"":23.8},""9"":{""avg"":27.2,""max"":32.5,""min"":23.9},""10"":{""avg"":26.9,""max"":32.4,""min"":23.8},""11"":{""avg"":26.7,""max"":32.1,""min"":23.8},""12"":{""avg"":26.6,""max"":31.4,""min"":23.8}}","[""Short trip"",""Weekend""]",Budget,4,3,4,2,3,4,3,3,4,1,26.4,26.4,26.9,27.3,27.6,27.3,27.6,27.3,27.2,26.9,26.7,26.6,"['Short trip', 'Weekend']",0,1,1,0,0,2,-0.30997063391233554,-0.3106118039414444,Spokojne kierunki kulturowe
6eeed41e-07f1-4e44-85d3-a04a06bb3500,Port Louis,Mauritius,africa,"A bustling port city where vibrant markets, colonial architecture, and the scent of street food create a lively and colorful atmosphere.",-20.1624522,57.5028044,"{""1"":{""avg"":24.2,""max"":28.5,""min"":22.4},""2"":{""avg"":24.2,""max"":27.6,""min"":21.9},""3"":{""avg"":24.2,""max"":28.1,""min"":22.3},""4"":{""avg"":23.4,""max"":27.5,""min"":21.7},""5"":{""avg"":21.5,""max"":25.4,""min"":20.1},""6"":{""avg"":19.7,""max"":23.7,""min"":18.1},""7"":{""avg"":18.9,""max"":22.8,""min"":17.2},""8"":{""avg"":19,""max"":23.6,""min"":17.3},""9"":{""avg"":19.8,""max"":24.3,""min"":17.9},""10"":{""avg"":20.9,""max"":25.9,""min"":18.8},""11"":{""avg"":22.3,""max"":26.9,""min"":20.1},""12"":{""avg"":23.6,""max"":27.4,""min"":21.5}}","[""Short trip"",""One week""]",Mid-range,4,3,4,5,3,4,3,3,2,2,24.2,24.2,24.2,23.4,21.5,19.7,18.9,19.0,19.8,20.9,22.3,23.6,"['Short trip', 'One week']",0,0,1,1,0,3,0.22207263942340652,1.005727445793142,"Plaże, natura i relaks"
5e2fff6d-15ae-4deb-80a8-6f18d730d9f8,Beira,Mozambique,africa,Warm ocean breezes mix with the vibrant energy of local markets and the relaxed charm of coastal streets lined with casuarina trees.,-19.828707,34.841782,"{""1"":{""avg"":28.1,""max"":31.9,""min"":24.6},""2"":{""avg"":28.2,""max"":32.3,""min"":24.4},""3"":{""avg"":27.3,""max"":30.8,""min"":23.7},""4"":{""avg"":26,""max"":29.8,""min"":22.2},""5"":{""avg"":23.6,""max"":28.3,""min"":19.3},""6"":{""avg"":21.8,""max"":26.2,""min"":18.3},""7"":{""avg"":20.9,""max"":26,""min"":16.2},""8"":{""avg"":22.2,""max"":27.1,""min"":17.4},""9"":{""avg"":23.5,""max"":27.9,""min"":19.4},""10"":{""avg"":25.1,""max"":29.4,""min"":21.2},""11"":{""avg"":26.9,""max"":31.2,""min"":23},""12"":{""avg"":27.8,""max"":31.5,""min"":23.8}}","[""Short trip"",""Weekend""]",Budget,3,3,3,3,2,3,2,2,3,1,28.1,28.2,27.3,26.0,23.6,21.8,20.9,22.2,23.5,25.1,26.9,27.8,"['Short trip', 'Weekend']",0,1,1,0,0,2,-1.2040385725773324,-1.6922886378053597,Spokojne kierunki kulturowe
3ecbe7bd-d9a0-4690-9ab2-5e143f92fe64,Salalah,Oman,middle_east,"Lush green landscapes meet the Arabian Sea, creating a serene atmosphere filled with the scent of frankincense and the sound of gentle waves.",17.0174945,54.1010923,"{""1"":{""avg"":23.9,""max"":27.9,""min"":20.2},""2"":{""avg"":24.4,""max"":28.3,""min"":20.9},""3"":{""avg"":26.7,""max"":30.5,""min"":23},""4"":{""avg"":28.8,""max"":32,""min"":25.8},""5"":{""avg"":30.2,""max"":33.2,""min"":28},""6"":{""avg"":29.8,""max"":32.2,""min"":28.1},""7"":{""avg"":26.6,""max"":28.4,""min"":25.4},""8"":{""avg"":25.7,""max"":27.5,""min"":24.5},""9"":{""avg"":27.3,""max"":30,""min"":25.4},""10"":{""avg"":27.5,""max"":30.9,""min"":24.2},""11"":{""avg"":27.1,""max"":31.1,""min"":23.5},""12"":{""avg"":25.3,""max"":29.4,""min"":21.6}}","[""One week"",""Short trip""]",Mid-range,3,3,5,4,2,3,3,2,4,2,23.9,24.4,26.7,28.8,30.2,29.8,26.6,25.7,27.3,27.5,27.1,25.3,"['One week', 'Short trip']",0,0,1,1,0,0,-2.683699038800761,-0.09682760284531856,Natura i przygoda
5af283b6-2a6b-4fb1-893d-953529dbad3b,Pretoria,South Africa,africa,"Wide tree-lined avenues and vibrant jacaranda blooms create a serene backdrop for exploring cultural landmarks and lively markets in a warm, welcoming atmosphere.",-25.7459277,28.1879101,"{""1"":{""avg"":22.8,""max"":27.5,""min"":18.5},""2"":{""avg"":22.7,""max"":27.6,""min"":18.4},""3"":{""avg"":21.9,""max"":27.5,""min"":16.7},""4"":{""avg"":18.6,""max"":24.6,""min"":13.2},""5"":{""avg"":15.9,""max"":23.3,""min"":9.3},""6"":{""avg"":12.4,""max"":20.3,""min"":5},""7"":{""avg"":12.7,""max"":21.1,""min"":4.9},""8"":{""avg"":16.1,""max"":24.2,""min"":8.3},""9"":{""avg"":19.9,""max"":27.2,""min"":12.4},""10"":{""avg"":22,""max"":28.1,""min"":15.4},""11"":{""avg"":22.6,""max"":28,""min"":17.1},""12"":{""avg"":22.7,""max"":27.5,""min"":18.2}}","[""Short trip"",""Weekend""]",Mid-range,4,3,4,1,3,4,3,4,2,2,22.8,22.7,21.9,18.6,15.9,12.4,12.7,16.1,19.9,22.0,22.6,22.7,"['Short trip', 'Weekend']",0,1,1,0,0,1,1.0434100795130339,-0.3020702185880598,Miejskie i kulturowe
cc659b5c-096d-4c4e-be39-a30676e948d9,Monterrey,Mexico,north_america,"Nestled between dramatic mountains, the city offers a vibrant blend of modern life and cultural richness, with lively streets and friendly locals.",25.6802019,-100.315258,"{""1"":{""avg"":14.5,""max"":20.9,""min"":8.5},""2"":{""avg"":16.7,""max"":23.6,""min"":9.8},""3"":{""avg"":20.7,""max"":27.4,""min"":14.2},""4"":{""avg"":24.1,""max"":31.6,""min"":18.3},""5"":{""avg"":27,""max"":33.3,""min"":21.6},""6"":{""avg"":28.4,""max"":34.6,""min"":22.8},""7"":{""avg"":28.3,""max"":34.7,""min"":23.1},""8"":{""avg"":28.8,""max"":35.4,""min"":23.1},""9"":{""avg"":26.2,""max"":31.8,""min"":21.4},""10"":{""avg"":22.4,""max"":28.2,""min"":17.1},""11"":{""avg"":18.1,""max"":23.8,""min"":12.8},""12"":{""avg"":16.2,""max"":22.8,""min"":10.1}}","[""Short trip"",""Weekend""]",Mid-range,4,3,4,1,4,4,3,4,2,2,14.5,16.7,20.7,24.1,27.0,28.4,28.3,28.8,26.2,22.4,18.1,16.2,"['Short trip', 'Weekend']",0,1,1,0,0,1,1.435501384414515,0.10284318526689953,Miejskie i kulturowe
976ddd49-62ec-4b58-8ef1-d079b2f6bcdf,Chisinau,Moldova,europe,"Tree-lined streets and Soviet-era architecture mix with lively markets and cozy wine bars, offering a unique and welcoming vibe.",47.0245117,28.8322923,"{""1"":{""avg"":-0.3,""max"":3.6,""min"":-3.2},""2"":{""avg"":1.8,""max"":6.9,""min"":-1.9},""3"":{""avg"":5.9,""max"":11.6,""min"":2.8},""4"":{""avg"":11.4,""max"":17,""min"":5.1},""5"":{""avg"":16.6,""max"":22.2,""min"":10},""6"":{""avg"":22,""max"":27.6,""min"":16.2},""7"":{""avg"":23.7,""max"":29.6,""min"":17.1},""8"":{""avg"":23.8,""max"":30,""min"":16.9},""9"":{""avg"":18.5,""max"":24.5,""min"":12.6},""10"":{""avg"":11.6,""max"":17.3,""min"":6.9},""11"":{""avg"":5.5,""max"":9.3,""min"":2},""12"":{""avg"":1.9,""max"":4.5,""min"":-1}}","[""Short trip"",""Weekend""]",Budget,3,2,3,1,3,3,2,3,3,1,-0.3,1.8,5.9,11.4,16.6,22.0,23.7,23.8,18.5,11.6,5.5,1.9,"['Short trip', 'Weekend']",0,1,1,0,0,2,0.21526941781906356,-2.2567426977370197,Spokojne kierunki kulturowe
2ea04a64-c0d2-4cad-8923-b83c11109f4b,Oslo,Norway,europe,"Modern architecture meets stunning natural landscapes, with serene fjords and vibrant city life offering a unique blend of tranquility and excitement.",59.9133301,10.7389701,"{""1"":{""avg"":-2,""max"":0.6,""min"":-4.4},""2"":{""avg"":-0.8,""max"":2.2,""min"":-3.4},""3"":{""avg"":1.9,""max"":6.1,""min"":-1.3},""4"":{""avg"":6.4,""max"":11.6,""min"":1.8},""5"":{""avg"":12,""max"":17.4,""min"":7},""6"":{""avg"":16.6,""max"":22,""min"":11.8},""7"":{""avg"":17.6,""max"":22.9,""min"":13.2},""8"":{""avg"":16.4,""max"":21.3,""min"":12.4},""9"":{""avg"":12.9,""max"":17.1,""min"":9.6},""10"":{""avg"":7.2,""max"":10.4,""min"":4.3},""11"":{""avg"":2.5,""max"":4.9,""min"":0.3},""12"":{""avg"":-0.7,""max"":1.5,""min"":-2.9}}","[""Weekend"",""One week"",""Short trip""]",Luxury,4,3,4,2,3,4,4,4,3,3,-2.0,-0.8,1.9,6.4,12.0,16.6,17.6,16.4,12.9,7.2,2.5,-0.7,"['Weekend', 'One week', 'Short trip']",0,1,1,1,0,3,0.44735003606597146,0.8830321802581619,"Plaże, natura i relaks"
c0ddb6a7-e9b0-480f-8e05-54b316638198,Paramaribo,Suriname,south_america,"Lush greenery, colonial architecture, and vibrant street markets create a lively atmosphere where tropical warmth meets cultural diversity.",5.82417645,-55.16628130970069,"{""1"":{""avg"":26.1,""max"":30.2,""min"":23.1},""2"":{""avg"":26.4,""max"":30.4,""min"":23.3},""3"":{""avg"":26.8,""max"":31,""min"":23.6},""4"":{""avg"":26.7,""max"":30.8,""min"":23.7},""5"":{""avg"":26.5,""max"":30.7,""min"":23.7},""6"":{""avg"":26.5,""max"":31.6,""min"":23.2},""7"":{""avg"":26.8,""max"":32.3,""min"":23.2},""8"":{""avg"":27.1,""max"":32.7,""min"":23.5},""9"":{""avg"":28.1,""max"":33.8,""min"":24.1},""10"":{""avg"":28.1,""max"":33.7,""min"":24.4},""11"":{""avg"":27.3,""max"":32.5,""min"":23.8},""12"":{""avg"":26.5,""max"":30.7,""min"":23.3}}","[""Short trip"",""Weekend""]",Budget,4,3,4,2,3,4,3,3,3,1,26.1,26.4,26.8,26.7,26.5,26.5,26.8,27.1,28.1,28.1,27.3,26.5,"['Short trip', 'Weekend']",0,1,1,0,0,2,0.10756646877538119,-0.1966986441901999,Spokojne kierunki kulturowe
5c528d71-fa3e-40c1-b8ac-0cc2724db702,Kotor,Montenegro,europe,"Winding cobblestone streets and ancient stone walls create a charming, timeless atmosphere, inviting you to explore hidden corners and scenic views.",42.4249205,18.7713332,"{""1"":{""avg"":7.6,""max"":12.6,""min"":2.6},""2"":{""avg"":8.8,""max"":14.2,""min"":3.6},""3"":{""avg"":11.2,""max"":16.5,""min"":6},""4"":{""avg"":13.7,""max"":19,""min"":7.6},""5"":{""avg"":17.5,""max"":22.4,""min"":11.6},""6"":{""avg"":23.1,""max"":28.5,""min"":16.3},""7"":{""avg"":25.7,""max"":31.5,""min"":18.2},""8"":{""avg"":25.5,""max"":31.2,""min"":19.3},""9"":{""avg"":21.6,""max"":27.2,""min"":15.6},""10"":{""avg"":16.5,""max"":22.6,""min"":11.1},""11"":{""avg"":12.8,""max"":18.2,""min"":7.9},""12"":{""avg"":9.7,""max"":14.5,""min"":5.3}}","[""Short trip"",""Weekend""]",Mid-range,4,3,4,3,2,3,3,2,4,2,7.6,8.8,11.2,13.7,17.5,23.1,25.7,25.5,21.6,16.5,12.8,9.7,"['Short trip', 'Weekend']",0,1,1,0,0,2,-1.7339517902043697,-0.9116703464778732,Spokojne kierunki kulturowe
007e1c9a-9bbf-4560-a8d5-4fb17176b300,Rabat,Morocco,africa,"A city where historic medinas meet modern boulevards, offering a serene coastal vibe with the scent of sea air and spices.",33.9851778,-6.8461433,"{""1"":{""avg"":12.1,""max"":18.2,""min"":6.2},""2"":{""avg"":13.1,""max"":19.6,""min"":8.1},""3"":{""avg"":14.2,""max"":19.9,""min"":8.8},""4"":{""avg"":16.3,""max"":21.5,""min"":10.5},""5"":{""avg"":18.7,""max"":24,""min"":12.8},""6"":{""avg"":20.7,""max"":25.5,""min"":15.4},""7"":{""avg"":22.7,""max"":27.2,""min"":18.3},""8"":{""avg"":23.2,""max"":28,""min"":18.4},""9"":{""avg"":21.5,""max"":26.7,""min"":16.5},""10"":{""avg"":19.6,""max"":25.7,""min"":14.2},""11"":{""avg"":15.6,""max"":21.6,""min"":10.3},""12"":{""avg"":13.4,""max"":19.3,""min"":8.2}}","[""Short trip"",""One week"",""Weekend""]",Budget,4,2,3,3,3,4,3,4,3,1,12.1,13.1,14.2,16.3,18.7,20.7,22.7,23.2,21.5,19.6,15.6,13.4,"['Short trip', 'One week', 'Weekend']",0,1,1,1,0,1,1.2735524336187873,-0.28273249580163173,Miejskie i kulturowe
34daf415-739f-45d7-a127-f47f0dcf63f9,Arequipa,Peru,south_america,Charming colonial architecture and vibrant plazas set against a backdrop of volcanic peaks create a captivating blend of history and natural beauty.,-16.3988667,-71.5369607,"{""1"":{""avg"":15.6,""max"":20,""min"":10.9},""2"":{""avg"":15.3,""max"":20,""min"":11.1},""3"":{""avg"":15.4,""max"":19.6,""min"":10.6},""4"":{""avg"":16.2,""max"":21,""min"":9.6},""5"":{""avg"":16.2,""max"":21.7,""min"":9},""6"":{""avg"":15.6,""max"":21.2,""min"":7.9},""7"":{""avg"":15.4,""max"":21.2,""min"":8},""8"":{""avg"":15.6,""max"":21.7,""min"":7.8},""9"":{""avg"":16.5,""max"":22,""min"":9},""10"":{""avg"":16.6,""max"":21.6,""min"":9.1},""11"":{""avg"":16.3,""max"":21.4,""min"":9.4},""12"":{""avg"":16.2,""max"":21.2,""min"":10.4}}","[""Weekend"",""One week"",""Short trip""]",Budget,4,3,4,1,3,4,3,3,3,1,15.6,15.3,15.4,16.2,16.2,15.6,15.4,15.6,16.5,16.6,16.3,16.2,"['Weekend', 'One week', 'Short trip']",0,1,1,1,0,2,0.20857677945527836,-0.559536287600899,Spokojne kierunki kulturowe
aa77dd0f-f294-4af2-9499-547652ef8472,Krakow,Poland,europe,"Charming cobblestone streets and lively squares invite exploration, while the rich history and vibrant culture create an inviting and warm atmosphere.",50.0619474,19.9368564,"{""1"":{""avg"":-0.4,""max"":2.9,""min"":-3.5},""2"":{""avg"":1.6,""max"":5.8,""min"":-2},""3"":{""avg"":4.3,""max"":10.2,""min"":-0.9},""4"":{""avg"":9.1,""max"":15,""min"":3.5},""5"":{""avg"":13.9,""max"":19.7,""min"":8.2},""6"":{""avg"":19.1,""max"":25,""min"":13.3},""7"":{""avg"":20,""max"":26,""min"":14.3},""8"":{""avg"":20,""max"":26.2,""min"":14.5},""9"":{""avg"":15.1,""max"":20.7,""min"":10.3},""10"":{""avg"":9.8,""max"":15.3,""min"":5.3},""11"":{""avg"":4.6,""max"":8.3,""min"":1.3},""12"":{""avg"":1.5,""max"":4.5,""min"":-1.5}}","[""Weekend"",""One week"",""Short trip""]",Mid-range,5,2,3,1,4,4,3,4,2,2,-0.4,1.6,4.3,9.1,13.9,19.1,20.0,20.0,15.1,9.8,4.6,1.5,"['Weekend', 'One week', 'Short trip']",0,1,1,1,0,1,2.6921381890960907,-0.7364070011817718,Miejskie i kulturowe
22724026-a52a-4591-ac15-5e3c1aad0bc6,Chiang Rai,Thailand,asia,"Quiet temples and vibrant markets blend with lush green landscapes, offering a serene yet culturally rich experience for the curious traveler.",19.7589517,99.6734592,"{""1"":{""avg"":20.5,""max"":28.3,""min"":14.5},""2"":{""avg"":22.3,""max"":31.3,""min"":15},""3"":{""avg"":25.5,""max"":34.5,""min"":18.1},""4"":{""avg"":27.4,""max"":35.6,""min"":21},""5"":{""avg"":28.4,""max"":35.1,""min"":23.5},""6"":{""avg"":27.8,""max"":33.1,""min"":24},""7"":{""avg"":27.3,""max"":32.2,""min"":23.8},""8"":{""avg"":26.7,""max"":31.3,""min"":23.4},""9"":{""avg"":26.7,""max"":31.8,""min"":23},""10"":{""avg"":25.6,""max"":31,""min"":21.5},""11"":{""avg"":23.8,""max"":30.3,""min"":18.7},""12"":{""avg"":21.2,""max"":28.3,""min"":15.3}}","[""Short trip"",""Weekend""]",Budget,4,3,4,1,2,4,3,2,4,1,20.5,22.3,25.5,27.4,28.4,27.8,27.3,26.7,26.7,25.6,23.8,21.2,"['Short trip', 'Weekend']",0,1,1,0,0,2,-1.0183478255039584,-1.2219157604686974,Spokojne kierunki kulturowe
96591192-71e5-48cd-bc25-dfc40ad0a497,Maastricht,Netherlands,europe,"Cobblestone streets and medieval architecture create a charming atmosphere, while lively squares and riverside paths invite leisurely exploration and relaxation.",50.85798545,5.6969881818221095,"{""1"":{""avg"":3.7,""max"":6,""min"":1},""2"":{""avg"":5.1,""max"":8.4,""min"":1.7},""3"":{""avg"":7,""max"":11.4,""min"":3},""4"":{""avg"":9.9,""max"":15,""min"":4.5},""5"":{""avg"":14.1,""max"":19.5,""min"":8.6},""6"":{""avg"":18.2,""max"":23.4,""min"":12.8},""7"":{""avg"":19.2,""max"":24.5,""min"":13.8},""8"":{""avg"":19.2,""max"":24.5,""min"":14},""9"":{""avg"":15.8,""max"":21,""min"":10.9},""10"":{""avg"":12,""max"":15.8,""min"":8.4},""11"":{""avg"":7.4,""max"":10.4,""min"":4.4},""12"":{""avg"":5.6,""max"":7.9,""min"":3}}","[""Weekend"",""Short trip""]",Mid-range,4,2,3,1,3,4,3,3,3,2,3.7,5.1,7.0,9.9,14.1,18.2,19.2,19.2,15.8,12.0,7.4,5.6,"['Weekend', 'Short trip']",0,1,1,0,0,2,1.0582768576085428,-1.1519606918846246,Spokojne kierunki kulturowe
8e9cdd1b-520b-4d7c-84d6-ce390886a60d,Christchurch,New Zealand,oceania,"A city reborn with innovative architecture and lush gardens, offering a mix of urban charm and stunning natural landscapes.",-43.530955,172.6364343,"{""1"":{""avg"":17.2,""max"":22,""min"":12.3},""2"":{""avg"":17,""max"":22.5,""min"":12.2},""3"":{""avg"":15,""max"":19.9,""min"":10.3},""4"":{""avg"":12.3,""max"":17.8,""min"":7},""5"":{""avg"":9.7,""max"":15,""min"":4.5},""6"":{""avg"":7.4,""max"":12.1,""min"":3.1},""7"":{""avg"":6.6,""max"":11.5,""min"":2},""8"":{""avg"":7.4,""max"":12.7,""min"":2.4},""9"":{""avg"":9.6,""max"":15.4,""min"":3.7},""10"":{""avg"":11.6,""max"":17,""min"":6.3},""11"":{""avg"":13.9,""max"":19,""min"":8.9},""12"":{""avg"":16,""max"":20.6,""min"":11.1}}","[""One week"",""Short trip""]",Mid-range,3,4,4,3,3,3,3,3,3,2,17.2,17.0,15.0,12.3,9.7,7.4,6.6,7.4,9.6,11.6,13.9,16.0,"['One week', 'Short trip']",0,0,1,1,0,3,-1.3218637785385257,0.38477999478168684,"Plaże, natura i relaks"
4050b3a8-bc31-4a00-a0bc-74ec708a8022,Gotland,Sweden,europe,"Charming cobblestone streets, medieval ruins, and serene coastal landscapes offer a peaceful escape with a touch of historical intrigue and natural beauty.",57.4174802,18.536957927499856,"{""1"":{""avg"":1.4,""max"":3,""min"":-0.5},""2"":{""avg"":1.3,""max"":3.2,""min"":-0.8},""3"":{""avg"":2.2,""max"":5.6,""min"":-1.1},""4"":{""avg"":5.3,""max"":9.1,""min"":1.6},""5"":{""avg"":10.4,""max"":14.7,""min"":5.4},""6"":{""avg"":15.5,""max"":19.8,""min"":10.9},""7"":{""avg"":17.4,""max"":20.9,""min"":13.4},""8"":{""avg"":17.3,""max"":20.9,""min"":13.5},""9"":{""avg"":14,""max"":17.1,""min"":10.7},""10"":{""avg"":9.3,""max"":11.5,""min"":6.8},""11"":{""avg"":5.9,""max"":7.3,""min"":4},""12"":{""avg"":3.2,""max"":4.6,""min"":1.4}}","[""Weekend"",""One week"",""Short trip""]",Mid-range,4,3,4,4,3,3,3,2,4,2,1.4,1.3,2.2,5.3,10.4,15.5,17.4,17.3,14.0,9.3,5.9,3.2,"['Weekend', 'One week', 'Short trip']",0,1,1,1,0,2,-1.4428707959827856,-0.14391929921221483,Spokojne kierunki kulturowe
51573d8c-89d4-469e-b1a6-5be6a389b9d9,St Ives,United Kingdom,europe,"Charming cobblestone streets wind through art galleries and quaint shops, with the salty sea breeze adding a refreshing touch to your stroll.",50.2149064,-5.4795083,"{""1"":{""avg"":7.4,""max"":9.4,""min"":5.2},""2"":{""avg"":7.6,""max"":9.6,""min"":5.4},""3"":{""avg"":8,""max"":10.5,""min"":5.7},""4"":{""avg"":9.6,""max"":12.7,""min"":6.8},""5"":{""avg"":11.9,""max"":15.2,""min"":9.2},""6"":{""avg"":14.6,""max"":17.7,""min"":11.9},""7"":{""avg"":16.2,""max"":19.3,""min"":13.6},""8"":{""avg"":16.3,""max"":19.2,""min"":13.8},""9"":{""avg"":14.9,""max"":17.6,""min"":12.5},""10"":{""avg"":12.6,""max"":14.9,""min"":10.4},""11"":{""avg"":10.1,""max"":11.9,""min"":8},""12"":{""avg"":9,""max"":10.8,""min"":7}}","[""Short trip"",""Weekend""]",Mid-range,4,3,4,5,3,3,3,2,4,2,7.4,7.6,8.0,9.6,11.9,14.6,16.2,16.3,14.9,12.6,10.1,9.0,"['Short trip', 'Weekend']",0,1,1,0,0,3,-1.5438811066626827,0.21891834419848435,"Plaże, natura i relaks"
248ce3f4-3c86-4ea3-91f2-0d69f703e1e4,Tromsø,Norway,europe,"Snow-draped landscapes and vibrant northern lights create a magical atmosphere, while the crisp Arctic air invigorates your senses and spirit.",69.6516345,18.9558585,"{""1"":{""avg"":-2.9,""max"":-0.9,""min"":-5},""2"":{""avg"":-2,""max"":0.1,""min"":-4.2},""3"":{""avg"":-1.6,""max"":1.3,""min"":-4.1},""4"":{""avg"":1.7,""max"":4.5,""min"":-1},""5"":{""avg"":5.9,""max"":9.1,""min"":2.9},""6"":{""avg"":9.8,""max"":13.1,""min"":6.9},""7"":{""avg"":12.9,""max"":16.7,""min"":9.5},""8"":{""avg"":12.2,""max"":15.7,""min"":9.2},""9"":{""avg"":8.8,""max"":11.9,""min"":6.2},""10"":{""avg"":3.7,""max"":5.8,""min"":1.7},""11"":{""avg"":0.9,""max"":2.7,""min"":-1},""12"":{""avg"":-1.4,""max"":0.6,""min"":-3.4}}","[""One week"",""Short trip""]",Luxury,3,4,5,2,3,3,3,3,4,3,-2.9,-2.0,-1.6,1.7,5.9,9.8,12.9,12.2,8.8,3.7,0.9,-1.4,"['One week', 'Short trip']",0,0,1,1,0,0,-2.080190781934528,0.113208509676653,Natura i przygoda
3aece1d2-640d-478c-97cb-7b2af24c0d4b,Granada,Nicaragua,north_america,"Cobblestone streets lined with colorful colonial buildings and the distant scent of tropical fruits create a charming, laid-back atmosphere.",11.9303801,-85.9535897,"{""1"":{""avg"":27,""max"":32.7,""min"":22},""2"":{""avg"":27.5,""max"":33.4,""min"":22.1},""3"":{""avg"":28.6,""max"":34.5,""min"":23},""4"":{""avg"":29.8,""max"":35.4,""min"":24.3},""5"":{""avg"":29.1,""max"":34.4,""min"":25},""6"":{""avg"":27.6,""max"":32.2,""min"":24.2},""7"":{""avg"":27.6,""max"":32.7,""min"":24.1},""8"":{""avg"":27.8,""max"":32.8,""min"":24},""9"":{""avg"":27.6,""max"":32.8,""min"":23.8},""10"":{""avg"":27.2,""max"":31.8,""min"":23.4},""11"":{""avg"":26.9,""max"":31.7,""min"":23.2},""12"":{""avg"":26.8,""max"":32,""min"":22.2}}","[""Weekend"",""Short trip""]",Budget,4,3,4,2,3,4,3,3,3,1,27.0,27.5,28.6,29.8,29.1,27.6,27.6,27.8,27.6,27.2,26.9,26.8,"['Weekend', 'Short trip']",0,1,1,0,0,2,0.10756646877538119,-0.1966986441901999,Spokojne kierunki kulturowe
9ebf736e-30eb-4a14-83f6-a171b29422dd,San Juan,Puerto Rico,north_america,"Cobblestone streets lined with colorful colonial buildings, lively salsa rhythms, and the scent of ocean breezes create a vibrant and welcoming atmosphere.",18.38423905,-66.05343997364733,"{""1"":{""avg"":25.7,""max"":28.9,""min"":22.9},""2"":{""avg"":25.6,""max"":28.8,""min"":22.7},""3"":{""avg"":25.8,""max"":29.1,""min"":22.8},""4"":{""avg"":26.6,""max"":30,""min"":23.7},""5"":{""avg"":27.8,""max"":31.3,""min"":24.7},""6"":{""avg"":28.5,""max"":32,""min"":25.7},""7"":{""avg"":28.6,""max"":31.7,""min"":25.9},""8"":{""avg"":28.9,""max"":31.9,""min"":26.1},""9"":{""avg"":28.9,""max"":32.2,""min"":26.1},""10"":{""avg"":28.5,""max"":31.9,""min"":25.7},""11"":{""avg"":27.4,""max"":30.5,""min"":24.6},""12"":{""avg"":26.5,""max"":29.5,""min"":23.8}}","[""Weekend"",""One week"",""Short trip""]",Mid-range,4,3,3,5,4,4,3,4,2,2,25.7,25.6,25.8,26.6,27.8,28.5,28.6,28.9,28.9,28.5,27.4,26.5,"['Weekend', 'One week', 'Short trip']",0,1,1,1,0,1,1.4732603530831094,1.3490144408527862,Miejskie i kulturowe
c6df2a0a-5804-4782-980c-b785baff6338,Salt Lake City,United States,north_america,"Surrounded by stunning mountains, this city offers a blend of vibrant urban life and serene natural beauty, perfect for outdoor enthusiasts.",40.7596198,-111.886797,"{""1"":{""avg"":0.3,""max"":4.6,""min"":-3.4},""2"":{""avg"":2.8,""max"":7.6,""min"":-1.7},""3"":{""avg"":7.6,""max"":13,""min"":2.3},""4"":{""avg"":11.4,""max"":17.3,""min"":5.5},""5"":{""avg"":16.6,""max"":22.8,""min"":10.4},""6"":{""avg"":24.1,""max"":31,""min"":16.7},""7"":{""avg"":28.6,""max"":35.6,""min"":21.4},""8"":{""avg"":26.5,""max"":33.5,""min"":19.6},""9"":{""avg"":21.2,""max"":28.2,""min"":14.3},""10"":{""avg"":12.9,""max"":19.4,""min"":6.9},""11"":{""avg"":5.6,""max"":11,""min"":0.6},""12"":{""avg"":0.4,""max"":4.7,""min"":-3.4}}","[""Short trip"",""Weekend"",""One week""]",Mid-range,3,4,5,1,3,3,4,3,4,2,0.3,2.8,7.6,11.4,16.6,24.1,28.6,26.5,21.2,12.9,5.6,0.4,"['Short trip', 'Weekend', 'One week']",0,1,1,1,0,0,-2.0566931013340795,0.6865487814527209,Natura i przygoda
2369b939-7343-43a5-939d-8883c2380da4,Asunción,Paraguay,south_america,"Stroll through sun-dappled streets, where lively markets and the scent of grilled meats create a warm, inviting atmosphere.",-25.2800459,-57.6343814,"{""1"":{""avg"":28.5,""max"":35.4,""min"":23.5},""2"":{""avg"":27.5,""max"":34.4,""min"":22.4},""3"":{""avg"":26.3,""max"":33.3,""min"":21.9},""4"":{""avg"":23.9,""max"":29.9,""min"":19.2},""5"":{""avg"":19.5,""max"":25.5,""min"":15.1},""6"":{""avg"":18.5,""max"":25.4,""min"":14.1},""7"":{""avg"":18.4,""max"":25.5,""min"":13.2},""8"":{""avg"":20.5,""max"":27.9,""min"":14.3},""9"":{""avg"":22.6,""max"":30.4,""min"":17.3},""10"":{""avg"":24.5,""max"":32,""min"":20},""11"":{""avg"":25.8,""max"":33,""min"":21},""12"":{""avg"":27.4,""max"":34.4,""min"":22}}","[""Weekend"",""Short trip""]",Budget,3,2,3,1,3,3,2,3,3,1,28.5,27.5,26.3,23.9,19.5,18.5,18.4,20.5,22.6,24.5,25.8,27.4,"['Weekend', 'Short trip']",0,1,1,0,0,2,0.21526941781906356,-2.2567426977370197,Spokojne kierunki kulturowe
43fc0ee7-5983-4c3c-af37-93f16a8561e1,Manila,Philippines,asia,"Bustling streets filled with vibrant jeepneys and the aroma of street food create an exciting, sensory-rich experience that's uniquely captivating.",14.5904492,120.9803621,"{""1"":{""avg"":26.9,""max"":29.9,""min"":24.2},""2"":{""avg"":27.3,""max"":30.6,""min"":24.2},""3"":{""avg"":28.6,""max"":32.4,""min"":25.2},""4"":{""avg"":30,""max"":34,""min"":26.4},""5"":{""avg"":30.6,""max"":34.4,""min"":27.2},""6"":{""avg"":29.7,""max"":33.2,""min"":26.4},""7"":{""avg"":28.7,""max"":32,""min"":25.8},""8"":{""avg"":28.8,""max"":31.6,""min"":26},""9"":{""avg"":28.7,""max"":31.8,""min"":25.8},""10"":{""avg"":28.7,""max"":31.7,""min"":25.8},""11"":{""avg"":28.6,""max"":31.8,""min"":25.5},""12"":{""avg"":27.6,""max"":30.7,""min"":24.9}}","[""Weekend"",""One week"",""Short trip""]",Budget,4,3,2,2,4,4,3,4,1,1,26.9,27.3,28.6,30.0,30.6,29.7,28.7,28.8,28.7,28.7,28.6,27.6,"['Weekend', 'One week', 'Short trip']",0,1,1,1,0,1,2.635628599198701,0.1692353523150235,Miejskie i kulturowe
20d1bd3e-dd04-4d5a-a734-32dea79ec466,Bern,Switzerland,europe,"Charming cobblestone streets wind through medieval architecture, while the gentle flow of the river creates a serene backdrop for leisurely exploration.",46.9484742,7.4521749,"{""1"":{""avg"":1.5,""max"":4.4,""min"":-1.3},""2"":{""avg"":3.2,""max"":7.6,""min"":-0.6},""3"":{""avg"":5.6,""max"":11.1,""min"":0.4},""4"":{""avg"":9.3,""max"":15.2,""min"":3.6},""5"":{""avg"":13.1,""max"":18.1,""min"":8.5},""6"":{""avg"":18.3,""max"":24,""min"":13},""7"":{""avg"":19.9,""max"":25.7,""min"":14.5},""8"":{""avg"":19.4,""max"":25.2,""min"":14.4},""9"":{""avg"":15.1,""max"":20.6,""min"":10.4},""10"":{""avg"":10.3,""max"":14.9,""min"":6.3},""11"":{""avg"":5,""max"":7.9,""min"":2.3},""12"":{""avg"":2.1,""max"":4.6,""min"":-0.4}}","[""Weekend"",""One week"",""Short trip""]",Luxury,4,3,4,1,3,4,4,4,3,3,1.5,3.2,5.6,9.3,13.1,18.3,19.9,19.4,15.1,10.3,5.0,2.1,"['Weekend', 'One week', 'Short trip']",0,1,1,1,0,1,0.5483603467458685,0.5201945368474628,Miejskie i kulturowe
4c62d957-8e4e-4558-beea-2bf8178c5463,Catania,Italy,europe,"Sun-soaked streets filled with the aroma of fresh seafood, lively markets, and the dramatic backdrop of a smoking volcano create a unique atmosphere.",37.5023612,15.0873718,"{""1"":{""avg"":10.3,""max"":16.2,""min"":4.9},""2"":{""avg"":11.2,""max"":16.7,""min"":5.6},""3"":{""avg"":12.1,""max"":18.5,""min"":6.5},""4"":{""avg"":15.4,""max"":21.1,""min"":9.9},""5"":{""avg"":19.1,""max"":24.6,""min"":13.4},""6"":{""avg"":23.9,""max"":29.2,""min"":18},""7"":{""avg"":27.4,""max"":32.8,""min"":20.9},""8"":{""avg"":27.1,""max"":32.3,""min"":21.2},""9"":{""avg"":24.4,""max"":29.5,""min"":19.3},""10"":{""avg"":20.3,""max"":25.5,""min"":15.5},""11"":{""avg"":15.8,""max"":20.8,""min"":11.3},""12"":{""avg"":11.7,""max"":17.5,""min"":7}}","[""Short trip"",""Weekend"",""One week""]",Mid-range,4,3,4,3,3,5,3,3,2,2,10.3,11.2,12.1,15.4,19.1,23.9,27.4,27.1,24.4,20.3,15.8,11.7,"['Short trip', 'Weekend', 'One week']",0,1,1,1,0,1,0.9376766041238177,0.6954820318023177,Miejskie i kulturowe
3b685f46-cdb6-497b-865e-2cd7657a6830,Davao,Philippines,asia,"Lush landscapes meet urban vibrancy, with bustling markets, serene parks, and the scent of tropical fruits filling the air.",7.0648306,125.6080623,"{""1"":{""avg"":27,""max"":31,""min"":24.1},""2"":{""avg"":27,""max"":31.4,""min"":23.8},""3"":{""avg"":28,""max"":32.8,""min"":24.3},""4"":{""avg"":28.7,""max"":33.6,""min"":24.7},""5"":{""avg"":29,""max"":33.3,""min"":25.5},""6"":{""avg"":28.1,""max"":32.3,""min"":24.7},""7"":{""avg"":27.9,""max"":31.7,""min"":24.7},""8"":{""avg"":28.1,""max"":32.2,""min"":24.6},""9"":{""avg"":28.3,""max"":32.5,""min"":24.9},""10"":{""avg"":28.1,""max"":32.7,""min"":24.5},""11"":{""avg"":28.1,""max"":32.7,""min"":24.7},""12"":{""avg"":27.6,""max"":31.9,""min"":24.4}}","[""Weekend"",""One week"",""Short trip""]",Budget,3,4,5,3,3,4,3,3,4,1,27.0,27.0,28.0,28.7,29.0,28.1,27.9,28.1,28.3,28.1,28.1,27.6,"['Weekend', 'One week', 'Short trip']",0,1,1,1,0,3,-1.6676177492738085,0.891476025917926,"Plaże, natura i relaks"
43b173aa-a4f5-4676-9434-bacadf6d49ff,Porto,Portugal,europe,"Charming riverside streets, vibrant tiles, and the rich aroma of port wine create a warm and inviting atmosphere perfect for leisurely exploration.",41.1494512,-8.6107884,"{""1"":{""avg"":10.2,""max"":14.6,""min"":6.7},""2"":{""avg"":11.4,""max"":15.5,""min"":8.1},""3"":{""avg"":12.7,""max"":17.9,""min"":8.8},""4"":{""avg"":14.1,""max"":18.1,""min"":10.6},""5"":{""avg"":16.4,""max"":20.5,""min"":12.8},""6"":{""avg"":17.9,""max"":21.8,""min"":14.5},""7"":{""avg"":20.1,""max"":24.7,""min"":16.1},""8"":{""avg"":20,""max"":24.7,""min"":15.9},""9"":{""avg"":18.7,""max"":23.5,""min"":15},""10"":{""avg"":16.8,""max"":21,""min"":13.6},""11"":{""avg"":13.2,""max"":16.6,""min"":10.5},""12"":{""avg"":11.4,""max"":15.4,""min"":8.6}}","[""Weekend"",""One week"",""Short trip""]",Mid-range,4,3,3,3,4,5,3,4,3,2,10.2,11.4,12.7,14.1,16.4,17.9,20.1,20.0,18.7,16.8,13.2,11.4,"['Weekend', 'One week', 'Short trip']",0,1,1,1,0,1,1.7713272150958042,0.9248558671107174,Miejskie i kulturowe
4fc0ec2d-41b6-44d1-9c67-16f9caf9a3f1,Azores,Portugal,europe,"Lush volcanic landscapes, tranquil ocean vistas, and charming villages create a serene atmosphere perfect for unwinding and connecting with nature.",37.80855645,-25.47313739124529,"{""1"":{""avg"":15.6,""max"":17.1,""min"":14},""2"":{""avg"":15,""max"":16.7,""min"":13.3},""3"":{""avg"":14.6,""max"":17.3,""min"":12.3},""4"":{""avg"":15.8,""max"":17.7,""min"":14},""5"":{""avg"":17.3,""max"":19.4,""min"":15.4},""6"":{""avg"":19.2,""max"":21.5,""min"":17.3},""7"":{""avg"":21.7,""max"":24.1,""min"":19.5},""8"":{""avg"":23,""max"":25.5,""min"":20.9},""9"":{""avg"":22.1,""max"":24.4,""min"":20.2},""10"":{""avg"":19.9,""max"":21.9,""min"":18.2},""11"":{""avg"":17.8,""max"":19.5,""min"":16.2},""12"":{""avg"":16.3,""max"":17.8,""min"":14.4}}","[""Long trip"",""One week"",""Short trip""]",Mid-range,3,4,5,3,2,4,3,2,5,2,15.6,15.0,14.6,15.8,17.3,19.2,21.7,23.0,22.1,19.9,17.8,16.3,"['Long trip', 'One week', 'Short trip']",0,0,1,1,1,0,-2.894542354233045,0.22909655305012758,Natura i przygoda
c6f2dcd7-e2f4-4b91-b737-717593827384,Freetown,Sierra Leone,africa,"Lively streets filled with vibrant markets, friendly locals, and the rhythmic sounds of the ocean create a welcoming and dynamic atmosphere.",8.479004,-13.26795,"{""1"":{""avg"":27.6,""max"":31.2,""min"":24.1},""2"":{""avg"":27.9,""max"":31.5,""min"":24.8},""3"":{""avg"":28.1,""max"":31.5,""min"":25.4},""4"":{""avg"":28.5,""max"":31.5,""min"":25.9},""5"":{""avg"":28.3,""max"":31.5,""min"":25.6},""6"":{""avg"":27.3,""max"":29.9,""min"":24.9},""7"":{""avg"":26.4,""max"":28.5,""min"":24.2},""8"":{""avg"":26.2,""max"":28.1,""min"":24.2},""9"":{""avg"":26.7,""max"":29.1,""min"":24.3},""10"":{""avg"":27.1,""max"":29.9,""min"":24.3},""11"":{""avg"":27.7,""max"":30.9,""min"":24.9},""12"":{""avg"":27.6,""max"":31.1,""min"":24.4}}","[""Weekend"",""Short trip""]",Budget,3,3,4,4,3,3,2,2,3,1,27.6,27.9,28.1,28.5,28.3,27.3,26.4,26.2,26.7,27.1,27.7,27.6,"['Weekend', 'Short trip']",0,1,1,0,0,2,-1.3547577897439314,-0.7193582724827916,Spokojne kierunki kulturowe
6e46b45f-19d2-43ff-9a08-f5c4b59e1f22,Laval,Quebec,north_america,"A blend of urban charm and natural beauty, with lush parks and vibrant cultural spots offering a refreshing escape from the city rush.",45.60558895,-73.73456014508847,"{""1"":{""avg"":-7.9,""max"":-4,""min"":-11.8},""2"":{""avg"":-7.2,""max"":-2.8,""min"":-11.8},""3"":{""avg"":-1.8,""max"":2.4,""min"":-6},""4"":{""avg"":6.3,""max"":11,""min"":1.5},""5"":{""avg"":14.7,""max"":20.2,""min"":9},""6"":{""avg"":19.4,""max"":24.4,""min"":14.2},""7"":{""avg"":22.6,""max"":27.4,""min"":17.7},""8"":{""avg"":21.5,""max"":26.1,""min"":16.8},""9"":{""avg"":17.4,""max"":22.2,""min"":12.4},""10"":{""avg"":10.2,""max"":14.6,""min"":5.8},""11"":{""avg"":2.7,""max"":6.3,""min"":-1.3},""12"":{""avg"":-3.3,""max"":0,""min"":-6.7}}","[""Weekend"",""Short trip""]",Mid-range,3,3,3,2,3,3,3,3,2,2,-7.9,-7.2,-1.8,6.3,14.7,19.4,22.6,21.5,17.4,10.2,2.7,-3.3,"['Weekend', 'Short trip']",0,1,1,0,0,2,0.046383712982353165,-0.4565688931614935,Spokojne kierunki kulturowe
7f92c683-b2a3-4058-a2dc-758c1d230a26,Saint-Denis,Réunion,africa,"A lively mix of Creole culture, bustling markets, and lush mountain backdrops create a vibrant and welcoming atmosphere full of discovery.",-20.8799889,55.448137,"{""1"":{""avg"":26.6,""max"":30.7,""min"":20.5},""2"":{""avg"":26.8,""max"":30.7,""min"":23.8},""3"":{""avg"":26.4,""max"":30.6,""min"":23.7},""4"":{""avg"":25.6,""max"":29.6,""min"":22.6},""5"":{""avg"":24,""max"":28,""min"":20.9},""6"":{""avg"":22.4,""max"":26.2,""min"":19.2},""7"":{""avg"":21.8,""max"":25.6,""min"":17.9},""8"":{""avg"":21.8,""max"":26,""min"":18.6},""9"":{""avg"":22.5,""max"":26.6,""min"":19.1},""10"":{""avg"":23.8,""max"":27.7,""min"":20.3},""11"":{""avg"":25,""max"":28.8,""min"":21.6},""12"":{""avg"":26.4,""max"":30.4,""min"":23.1}}","[""Weekend"",""One week"",""Short trip""]",Mid-range,4,4,5,4,3,4,3,3,3,2,26.6,26.8,26.4,25.6,24.0,22.4,21.8,21.8,22.5,23.8,25.0,26.4,"['Weekend', 'One week', 'Short trip']",0,1,1,1,0,3,-0.9441542307376779,1.121401046914924,"Plaże, natura i relaks"
6ceb9976-69b0-49a0-b91d-ac48234e2902,Constanta,Romania,europe,"Golden beaches meet historic architecture, offering a blend of sun-soaked relaxation and the charm of ancient ruins and lively promenades.",44.1767161,28.6507598,"{""1"":{""avg"":2.9,""max"":6.3,""min"":0},""2"":{""avg"":4.7,""max"":8.2,""min"":1.7},""3"":{""avg"":7,""max"":10.8,""min"":3.9},""4"":{""avg"":11.6,""max"":15.8,""min"":8},""5"":{""avg"":16.8,""max"":20.8,""min"":13.2},""6"":{""avg"":22.2,""max"":26.4,""min"":18.3},""7"":{""avg"":24.5,""max"":28.7,""min"":20.2},""8"":{""avg"":24.8,""max"":28.8,""min"":20.8},""9"":{""avg"":20.6,""max"":24.7,""min"":16.7},""10"":{""avg"":14.8,""max"":18.6,""min"":11.4},""11"":{""avg"":9.5,""max"":13,""min"":6.6},""12"":{""avg"":5.2,""max"":8.7,""min"":2.4}}","[""Weekend"",""Short trip""]",Budget,3,3,3,4,3,4,3,3,2,1,2.9,4.7,7.0,11.6,16.8,22.2,24.5,24.8,20.6,14.8,9.5,5.2,"['Weekend', 'Short trip']",0,1,1,0,0,3,0.35794643496317585,0.6845362664904787,"Plaże, natura i relaks"
80ed0bdd-62c4-4068-88c6-3eba6e3c4e46,Puerto Vallarta,Mexico,north_america,"Golden beaches meet the lush Sierra Madre mountains, creating a vibrant yet laid-back atmosphere filled with colorful markets and lively nightlife.",20.6407176,-105.220306,"{""1"":{""avg"":21,""max"":26.5,""min"":16.7},""2"":{""avg"":21.1,""max"":26.8,""min"":16.5},""3"":{""avg"":21.6,""max"":27.7,""min"":16.4},""4"":{""avg"":23,""max"":29.1,""min"":17.6},""5"":{""avg"":24.6,""max"":30.2,""min"":19.7},""6"":{""avg"":25.1,""max"":29.2,""min"":22.1},""7"":{""avg"":25.4,""max"":29,""min"":22.5},""8"":{""avg"":25.4,""max"":29.1,""min"":22.6},""9"":{""avg"":25,""max"":28.6,""min"":22.3},""10"":{""avg"":24.7,""max"":28.6,""min"":21.7},""11"":{""avg"":23.2,""max"":28,""min"":19.5},""12"":{""avg"":21.5,""max"":26.6,""min"":17.5}}","[""Short trip"",""Weekend"",""One week""]",Mid-range,3,4,4,5,4,4,4,3,3,2,21.0,21.1,21.6,23.0,24.6,25.1,25.4,25.4,25.0,24.7,23.2,21.5,"['Short trip', 'Weekend', 'One week']",0,1,1,1,0,3,-0.6957223817356701,2.8669764734753858,"Plaże, natura i relaks"
933a8b39-e129-41f3-b6ab-3f58d695536b,Cape Town,South Africa,africa,"A vibrant coastal city surrounded by rugged mountains and pristine beaches, offering laid-back afternoons, diverse cultures, and breathtaking views.",-33.9288301,18.4172197,"{""1"":{""avg"":21.8,""max"":27.2,""min"":16.8},""2"":{""avg"":21.4,""max"":27.2,""min"":16.8},""3"":{""avg"":19.8,""max"":25.2,""min"":15.4},""4"":{""avg"":17.5,""max"":22.9,""min"":12.8},""5"":{""avg"":15.3,""max"":20.3,""min"":10.8},""6"":{""avg"":13.5,""max"":18.5,""min"":9.4},""7"":{""avg"":12.4,""max"":17.4,""min"":8},""8"":{""avg"":12.8,""max"":17.9,""min"":8.2},""9"":{""avg"":14.3,""max"":19.1,""min"":9.5},""10"":{""avg"":17.1,""max"":22.9,""min"":12.1},""11"":{""avg"":18.6,""max"":24.1,""min"":13.8},""12"":{""avg"":20.4,""max"":25.8,""min"":15.7}}","[""Long trip"",""One week"",""Short trip""]",Mid-range,4,4,5,4,4,4,3,4,3,2,21.8,21.4,19.8,17.5,15.3,13.5,12.4,12.8,14.3,17.1,18.6,20.4,"['Long trip', 'One week', 'Short trip']",0,0,1,1,1,3,-0.13476672846615795,1.6698673600314782,"Plaże, natura i relaks"
1c1ede32-515d-4a46-8019-15e3196afd18,Castries,Saint Lucia,north_america,"Colorful markets, ocean breezes, and lively street music create a vibrant atmosphere, inviting you to explore and unwind at your own pace.",13.90904385,-60.97792414113452,"{""1"":{""avg"":25.5,""max"":28.5,""min"":23.1},""2"":{""avg"":25.6,""max"":28.6,""min"":23.2},""3"":{""avg"":25.9,""max"":29,""min"":23.4},""4"":{""avg"":26.7,""max"":29.8,""min"":24.2},""5"":{""avg"":27.5,""max"":30.5,""min"":25},""6"":{""avg"":27.7,""max"":30.6,""min"":25.3},""7"":{""avg"":27.6,""max"":30.4,""min"":25.1},""8"":{""avg"":27.8,""max"":30.5,""min"":25.4},""9"":{""avg"":28,""max"":31.1,""min"":25.3},""10"":{""avg"":27.7,""max"":30.7,""min"":25.1},""11"":{""avg"":27,""max"":29.9,""min"":24.6},""12"":{""avg"":26.2,""max"":29.1,""min"":23.8}}","[""Weekend"",""One week"",""Short trip""]",Mid-range,3,4,5,5,3,4,4,3,4,2,25.5,25.6,25.9,26.7,27.5,27.7,27.6,27.8,28.0,27.7,27.0,26.2,"['Weekend', 'One week', 'Short trip']",0,1,1,1,0,3,-1.9471510007130512,2.553329227926092,"Plaże, natura i relaks"
ef66a584-fc99-4c05-af1a-263a6f5cbacf,São Tomé,São Tomé and Príncipe,africa,"Lush rainforests, tranquil beaches, and the gentle rhythm of island life create a serene escape filled with natural beauty and warmth.",0.3389242,6.7313031,"{""1"":{""avg"":26.6,""max"":29.8,""min"":24.4},""2"":{""avg"":27.1,""max"":30.6,""min"":24.5},""3"":{""avg"":27.1,""max"":29.8,""min"":25.2},""4"":{""avg"":27.1,""max"":29.8,""min"":25},""5"":{""avg"":27.2,""max"":30.6,""min"":24.8},""6"":{""avg"":25.9,""max"":29,""min"":23.9},""7"":{""avg"":25,""max"":28.2,""min"":23},""8"":{""avg"":24.9,""max"":28.2,""min"":23},""9"":{""avg"":25.7,""max"":29.4,""min"":23.6},""10"":{""avg"":25.8,""max"":28.7,""min"":24.1},""11"":{""avg"":25.8,""max"":28.4,""min"":24.1},""12"":{""avg"":26.2,""max"":29.4,""min"":24.1}}","[""Long trip"",""One week"",""Short trip""]",Mid-range,3,4,5,4,2,3,3,2,4,2,26.6,27.1,27.1,27.1,27.2,25.9,25.0,24.9,25.7,25.8,25.8,26.2,"['Long trip', 'One week', 'Short trip']",0,0,1,1,1,0,-3.0915989055658426,0.29041748338149714,Natura i przygoda
f7c802c7-e3cb-4922-ae40-a14f5ea56907,Madrid,Spain,europe,"Vibrant streets filled with lively tapas bars, stunning architecture, and a rich tapestry of history create an inviting and energetic atmosphere.",40.4167047,-3.7035825,"{""1"":{""avg"":6.6,""max"":10.6,""min"":3},""2"":{""avg"":8.6,""max"":13.2,""min"":4.5},""3"":{""avg"":11.3,""max"":16,""min"":6.4},""4"":{""avg"":14,""max"":19.4,""min"":8.8},""5"":{""avg"":18.8,""max"":24.7,""min"":12.6},""6"":{""avg"":23.8,""max"":29.9,""min"":17.3},""7"":{""avg"":28.3,""max"":34.6,""min"":20.8},""8"":{""avg"":27.2,""max"":33.6,""min"":20.4},""9"":{""avg"":21.1,""max"":26.9,""min"":16.1},""10"":{""avg"":16.4,""max"":21,""min"":12.2},""11"":{""avg"":10.5,""max"":14.3,""min"":7.1},""12"":{""avg"":8,""max"":11.6,""min"":4.8}}","[""Weekend"",""One week"",""Short trip""]",Mid-range,5,3,2,1,5,5,3,5,2,2,6.6,8.6,11.3,14.0,18.8,23.8,28.3,27.2,21.1,16.4,10.5,8.0,"['Weekend', 'One week', 'Short trip']",0,1,1,1,0,1,4.04900937933133,0.4095549529352623,Miejskie i kulturowe
ddea7cd4-1b80-46f6-a51d-2649a27cba85,Nantes,France,europe,"A city where historic charm meets modern creativity, with cobblestone streets, vibrant art scenes, and the gentle flow of the Loire River.",47.2186371,-1.5541362,"{""1"":{""avg"":6.4,""max"":9.5,""min"":3.4},""2"":{""avg"":7.4,""max"":11.4,""min"":4},""3"":{""avg"":9.3,""max"":13.9,""min"":5.4},""4"":{""avg"":11.9,""max"":17.2,""min"":6.8},""5"":{""avg"":15.1,""max"":20.5,""min"":10.1},""6"":{""avg"":18.6,""max"":24.2,""min"":13.6},""7"":{""avg"":20.2,""max"":26.1,""min"":14.8},""8"":{""avg"":19.9,""max"":26.1,""min"":14.7},""9"":{""avg"":17.3,""max"":23.2,""min"":12.5},""10"":{""avg"":13.8,""max"":18.5,""min"":9.9},""11"":{""avg"":9.5,""max"":13.5,""min"":6.2},""12"":{""avg"":7.7,""max"":10.8,""min"":4.9}}","[""Weekend"",""One week"",""Short trip""]",Mid-range,4,2,3,2,3,4,3,4,3,2,6.4,7.4,9.3,11.9,15.1,18.6,20.2,19.9,17.3,13.8,9.5,7.7,"['Weekend', 'One week', 'Short trip']",0,1,1,1,0,1,1.3745627442986845,-0.6455701392123309,Miejskie i kulturowe
4ebafc38-97b9-485a-842f-df2e3fc08ab4,Victoria,Seychelles,africa,"Lush tropical landscapes meet the vibrant colors of bustling markets, offering a sensory feast of exotic flavors and warm ocean breezes.",-4.6232085,55.452359,"{""1"":{""avg"":27.5,""max"":30.2,""min"":25.2},""2"":{""avg"":28.1,""max"":30.9,""min"":25.8},""3"":{""avg"":28.7,""max"":31.8,""min"":26.2},""4"":{""avg"":28.7,""max"":31.8,""min"":26.1},""5"":{""avg"":28.5,""max"":31.2,""min"":26.2},""6"":{""avg"":27.5,""max"":29.8,""min"":25.6},""7"":{""avg"":26.4,""max"":28.6,""min"":24.7},""8"":{""avg"":26.4,""max"":28.7,""min"":24.7},""9"":{""avg"":27,""max"":29.6,""min"":25.1},""10"":{""avg"":27.7,""max"":30.4,""min"":25.5},""11"":{""avg"":27.7,""max"":30.9,""min"":25.2},""12"":{""avg"":27.6,""max"":30.6,""min"":25.3}}","[""One week"",""Short trip""]",Luxury,3,4,5,5,3,4,4,2,4,3,27.5,28.1,28.7,28.7,28.5,27.5,26.4,26.4,27.0,27.7,27.7,27.6,"['One week', 'Short trip']",0,0,1,1,0,3,-2.36444719808309,2.409776318664497,"Plaże, natura i relaks"
8ec82bed-8ce6-43b4-8318-4df1c2b36399,Ljubljana,Slovenia,europe,"Charming cobblestone streets, vibrant riverfront cafés, and lush green spaces offer a welcoming atmosphere that's both lively and relaxing.",46.0500268,14.5069289,"{""1"":{""avg"":1.6,""max"":5.3,""min"":-1.3},""2"":{""avg"":4.3,""max"":8.9,""min"":0.7},""3"":{""avg"":7.3,""max"":13.1,""min"":2.4},""4"":{""avg"":11.7,""max"":17.8,""min"":6.3},""5"":{""avg"":15.8,""max"":21.3,""min"":10.9},""6"":{""avg"":21.2,""max"":27.3,""min"":15.6},""7"":{""avg"":23,""max"":29.3,""min"":17.3},""8"":{""avg"":22.3,""max"":28.7,""min"":16.9},""9"":{""avg"":16.9,""max"":22.9,""min"":12.5},""10"":{""avg"":12.3,""max"":17.4,""min"":8.7},""11"":{""avg"":6.7,""max"":10.3,""min"":4},""12"":{""avg"":2.3,""max"":5.5,""min"":-0.3}}","[""Weekend"",""One week"",""Short trip""]",Mid-range,4,3,4,1,3,4,3,4,3,2,1.6,4.3,7.3,11.7,15.8,21.2,23.0,22.3,16.9,12.3,6.7,2.3,"['Weekend', 'One week', 'Short trip']",0,1,1,1,0,2,0.6258729768253171,-0.4159833783393043,Spokojne kierunki kulturowe
702003ed-543f-4431-acea-79b044373c31,Chengdu,China,asia,"A lively blend of spicy street food aromas, lush green parks, and the gentle charm of giant pandas creates an inviting, laid-back atmosphere.",30.6598628,104.0633717,"{""1"":{""avg"":8,""max"":11.3,""min"":4.9},""2"":{""avg"":10.2,""max"":13.8,""min"":6.6},""3"":{""avg"":15.4,""max"":19.6,""min"":11.6},""4"":{""avg"":19.7,""max"":24.5,""min"":15.2},""5"":{""avg"":23.1,""max"":27.5,""min"":18.6},""6"":{""avg"":25.7,""max"":30,""min"":22},""7"":{""avg"":27.5,""max"":31.9,""min"":23.8},""8"":{""avg"":27.9,""max"":32.8,""min"":24.3},""9"":{""avg"":23.6,""max"":27.1,""min"":20.8},""10"":{""avg"":18.4,""max"":21,""min"":15.8},""11"":{""avg"":14,""max"":17.1,""min"":11.4},""12"":{""avg"":8.7,""max"":11.7,""min"":6.1}}","[""Short trip"",""One week""]",Mid-range,5,3,4,1,3,5,3,4,2,2,8.0,10.2,15.4,19.7,23.1,25.7,27.5,27.9,23.6,18.4,14.0,8.7,"['Short trip', 'One week']",0,0,1,1,0,1,1.9639301493819619,-0.13346612792243157,Miejskie i kulturowe
7b317d9c-9f46-43cc-a3db-5a5072021732,Menorca,Spain,europe,"Golden beaches meet turquoise waters, offering a tranquil escape with gentle breezes, charming villages, and the scent of pine forests in the air.",39.949257200000005,4.0499641751186415,"{""1"":{""avg"":11.1,""max"":14.9,""min"":7.2},""2"":{""avg"":11.2,""max"":15.1,""min"":7},""3"":{""avg"":12.5,""max"":16.8,""min"":8.6},""4"":{""avg"":14.5,""max"":19.1,""min"":10.3},""5"":{""avg"":18.1,""max"":22.8,""min"":13.8},""6"":{""avg"":22.6,""max"":27.7,""min"":18.1},""7"":{""avg"":25.7,""max"":30.7,""min"":21.2},""8"":{""avg"":25.7,""max"":30.4,""min"":21.4},""9"":{""avg"":22.8,""max"":27.6,""min"":19.4},""10"":{""avg"":19.5,""max"":23.5,""min"":15.9},""11"":{""avg"":15.2,""max"":18.9,""min"":11.5},""12"":{""avg"":12.6,""max"":16.5,""min"":8.6}}","[""Short trip"",""Weekend"",""One week""]",Mid-range,3,3,4,5,3,4,4,2,4,2,11.1,11.2,12.5,14.5,18.1,22.6,25.7,25.7,22.8,19.5,15.2,12.6,"['Short trip', 'Weekend', 'One week']",0,1,1,1,0,3,-1.514747119929825,1.817351914380771,"Plaże, natura i relaks"
510ac85b-7867-4b58-bc21-130b533ae441,Stone Town,Tanzania,africa,"Winding alleys filled with vibrant markets, the aroma of spices, and the sound of distant waves create an atmosphere both lively and enchanting.",-6.16265285,39.18965515249984,"{""1"":{""avg"":28.5,""max"":32.5,""min"":25.2},""2"":{""avg"":28.8,""max"":33.4,""min"":25.5},""3"":{""avg"":28.8,""max"":33.4,""min"":25.5},""4"":{""avg"":27.5,""max"":30.9,""min"":25},""5"":{""avg"":27,""max"":30.6,""min"":24.6},""6"":{""avg"":26.5,""max"":30.1,""min"":23.5},""7"":{""avg"":25.7,""max"":29.4,""min"":22.8},""8"":{""avg"":25.6,""max"":29.7,""min"":22.2},""9"":{""avg"":26,""max"":30.6,""min"":22.4},""10"":{""avg"":26.8,""max"":31.1,""min"":23.1},""11"":{""avg"":27.4,""max"":31.5,""min"":24.2},""12"":{""avg"":28.1,""max"":31.9,""min"":24.9}}","[""Weekend"",""Short trip""]",Budget,5,3,3,4,3,4,3,3,3,1,28.5,28.8,28.8,27.5,27.0,26.5,25.7,25.6,26.0,26.8,27.4,28.1,"['Weekend', 'Short trip']",0,1,1,0,0,2,0.7542827853320809,0.07697154240934281,Spokojne kierunki kulturowe
3618d1dc-af2a-4646-94d2-5bc387158dbe,Johannesburg,South Africa,africa,"A bustling urban landscape with vibrant street art, diverse culinary delights, and a palpable energy that captures the essence of modern African city life.",-26.205,28.049722,"{""1"":{""avg"":20.3,""max"":26,""min"":15.1},""2"":{""avg"":19.8,""max"":25.3,""min"":14.9},""3"":{""avg"":19.1,""max"":25,""min"":13.7},""4"":{""avg"":16.1,""max"":22,""min"":10.5},""5"":{""avg"":14.1,""max"":20.4,""min"":7.9},""6"":{""avg"":10.8,""max"":17.5,""min"":4.5},""7"":{""avg"":10.7,""max"":17.8,""min"":4},""8"":{""avg"":14.3,""max"":21.4,""min"":7.1},""9"":{""avg"":17.6,""max"":25.3,""min"":10.4},""10"":{""avg"":19.1,""max"":26.3,""min"":12.2},""11"":{""avg"":19.7,""max"":26.2,""min"":14.1},""12"":{""avg"":20.3,""max"":25.6,""min"":15.3}}","[""One week"",""Short trip""]",Mid-range,4,3,3,1,4,4,3,5,2,2,20.3,19.8,19.1,16.1,14.1,10.8,10.7,14.3,17.6,19.1,19.7,20.3,"['One week', 'Short trip']",0,0,1,1,0,1,2.2945977931727373,0.04121677647158443,Miejskie i kulturowe
b5c78cdb-4482-4686-9aa8-10d848aaf90d,Busan,South Korea,asia,"Coastal breezes mix with the scent of street food, while vibrant markets and serene temples create a lively yet calming atmosphere.",35.1799528,129.0752365,"{""1"":{""avg"":3.8,""max"":8.6,""min"":-0.1},""2"":{""avg"":5.2,""max"":9.9,""min"":0.8},""3"":{""avg"":10.1,""max"":14.7,""min"":6},""4"":{""avg"":14.3,""max"":18.6,""min"":10.4},""5"":{""avg"":18.5,""max"":22.5,""min"":14.6},""6"":{""avg"":21.7,""max"":25.3,""min"":19.1},""7"":{""avg"":25.2,""max"":28.6,""min"":23.2},""8"":{""avg"":27.2,""max"":30.8,""min"":24.9},""9"":{""avg"":23.1,""max"":26.9,""min"":20.8},""10"":{""avg"":18.1,""max"":22.5,""min"":14.4},""11"":{""avg"":12.6,""max"":17.1,""min"":8},""12"":{""avg"":5.7,""max"":9.7,""min"":1.3}}","[""Weekend"",""One week"",""Short trip""]",Mid-range,4,3,4,4,4,5,3,4,2,2,3.8,5.2,10.1,14.3,18.5,21.7,25.2,27.2,23.1,18.1,12.6,5.7,"['Weekend', 'One week', 'Short trip']",0,1,1,1,0,1,1.6460537957154406,1.6067859883295708,Miejskie i kulturowe
f8cceb46-257d-4b51-b34a-4cba69ace227,Koh Lanta,Thailand,asia,"Golden beaches, gentle waves, and lush greenery create a serene escape where you can unwind and soak in the tranquil island vibe.",13.8212743,100.6306935,"{""1"":{""avg"":27.3,""max"":31.9,""min"":23},""2"":{""avg"":28.5,""max"":33.5,""min"":24.5},""3"":{""avg"":30.2,""max"":35.3,""min"":26.6},""4"":{""avg"":30.9,""max"":35.7,""min"":27.5},""5"":{""avg"":30.7,""max"":35.5,""min"":27.3},""6"":{""avg"":30.1,""max"":34.5,""min"":26.7},""7"":{""avg"":29.5,""max"":33.5,""min"":26.2},""8"":{""avg"":29.4,""max"":33.4,""min"":26.1},""9"":{""avg"":28.8,""max"":32.9,""min"":25.6},""10"":{""avg"":28.5,""max"":32.5,""min"":25.4},""11"":{""avg"":28.6,""max"":32.4,""min"":25.1},""12"":{""avg"":27.4,""max"":31.5,""min"":23.4}}","[""Weekend"",""One week"",""Short trip""]",Budget,3,4,4,5,3,4,4,2,4,1,27.3,28.5,30.2,30.9,30.7,30.1,29.5,29.4,28.8,28.5,28.6,27.4,"['Weekend', 'One week', 'Short trip']",0,1,1,1,0,3,-1.9226469866949067,2.204597000607587,"Plaże, natura i relaks"
623961cc-5553-4afa-842e-4af31b2a305c,Mumbai,India,asia,"A bustling metropolis where vibrant street life, aromatic food stalls, and historic landmarks blend with a dynamic energy that never sleeps.",19.054999,72.8692035,"{""1"":{""avg"":25.6,""max"":30.6,""min"":18.2},""2"":{""avg"":27,""max"":32.4,""min"":19.2},""3"":{""avg"":28.9,""max"":33.4,""min"":22.3},""4"":{""avg"":30,""max"":33.9,""min"":25},""5"":{""avg"":30.9,""max"":33.9,""min"":27.3},""6"":{""avg"":29.5,""max"":32.8,""min"":26.4},""7"":{""avg"":28.1,""max"":30.2,""min"":25.2},""8"":{""avg"":28,""max"":30.2,""min"":25.4},""9"":{""avg"":28.1,""max"":30.7,""min"":24.8},""10"":{""avg"":29.6,""max"":33.5,""min"":24.7},""11"":{""avg"":29,""max"":34,""min"":22.2},""12"":{""avg"":26.9,""max"":32.1,""min"":19.9}}","[""Short trip"",""One week""]",Mid-range,5,3,2,3,4,5,3,5,1,2,25.6,27.0,28.9,30.0,30.9,29.5,28.1,28.0,28.1,29.6,29.0,26.9,"['Short trip', 'One week']",0,0,1,1,0,1,3.872434555757771,0.8442299956529455,Miejskie i kulturowe
37247be1-606e-4142-a129-bf5d3efbd197,Istanbul,Turkey,europe,"A captivating blend of East and West, with vibrant bazaars, aromatic spices, historic mosques, and the serene Bosphorus weaving through daily life.",41.006381,28.9758715,"{""1"":{""avg"":7.4,""max"":9.8,""min"":4.8},""2"":{""avg"":7.6,""max"":10.4,""min"":4.8},""3"":{""avg"":9.6,""max"":12.9,""min"":6.6},""4"":{""avg"":13.5,""max"":17.5,""min"":9.8},""5"":{""avg"":17.9,""max"":21.9,""min"":14.5},""6"":{""avg"":23.3,""max"":27.2,""min"":19.7},""7"":{""avg"":26.1,""max"":30.3,""min"":22.4},""8"":{""avg"":26.4,""max"":30.4,""min"":23.1},""9"":{""avg"":22.9,""max"":26.5,""min"":19.6},""10"":{""avg"":17.8,""max"":21,""min"":14.7},""11"":{""avg"":13.9,""max"":16.7,""min"":11.1},""12"":{""avg"":9.7,""max"":12.1,""min"":7.2}}","[""Long trip"",""One week"",""Short trip""]",Mid-range,5,3,3,2,4,5,3,5,2,2,7.4,7.6,9.6,13.5,17.9,23.3,26.1,26.4,22.9,17.8,13.9,9.7,"['Long trip', 'One week', 'Short trip']",0,0,1,1,1,1,3.114107552361768,0.5726585105479117,Miejskie i kulturowe
72a44cc1-8aff-4424-95a0-81afd9aa6db1,Seville,Spain,europe,"Sun-drenched plazas, the aroma of orange blossoms, and the passionate rhythm of flamenco create an enchanting and lively atmosphere.",37.3886303,-5.9953403,"{""1"":{""avg"":10.5,""max"":16.6,""min"":5.9},""2"":{""avg"":12.5,""max"":18.9,""min"":7.5},""3"":{""avg"":14.9,""max"":21,""min"":8.9},""4"":{""avg"":17.5,""max"":23.8,""min"":11.8},""5"":{""avg"":21.6,""max"":28.7,""min"":15.1},""6"":{""avg"":24.9,""max"":32,""min"":18.3},""7"":{""avg"":28,""max"":35.8,""min"":21},""8"":{""avg"":28.3,""max"":36.1,""min"":21.3},""9"":{""avg"":24.6,""max"":31.8,""min"":18.5},""10"":{""avg"":20.7,""max"":27.2,""min"":15.6},""11"":{""avg"":14.9,""max"":20.9,""min"":10.4},""12"":{""avg"":12,""max"":17.9,""min"":7.7}}","[""Weekend"",""One week"",""Short trip""]",Mid-range,5,3,2,1,4,5,3,4,2,2,10.5,12.5,14.9,17.5,21.6,24.9,28.0,28.3,24.6,20.7,14.9,12.0,"['Weekend', 'One week', 'Short trip']",0,1,1,1,0,1,3.23962187705981,-0.13891136018129174,Miejskie i kulturowe
e90eff18-779e-4ad9-8f75-944a034c0600,Bangkok,Thailand,asia,Busy streets filled with vibrant markets and aromatic street food stalls create an exhilarating atmosphere that's both chaotic and captivating.,13.7524938,100.4935089,"{""1"":{""avg"":27.8,""max"":33,""min"":23.9},""2"":{""avg"":28.7,""max"":33.9,""min"":25.1},""3"":{""avg"":30.1,""max"":35.2,""min"":27.2},""4"":{""avg"":30.8,""max"":36,""min"":28},""5"":{""avg"":30.8,""max"":36.1,""min"":27.7},""6"":{""avg"":30.1,""max"":35,""min"":26.9},""7"":{""avg"":29.4,""max"":34,""min"":26.3},""8"":{""avg"":29.3,""max"":33.8,""min"":26.4},""9"":{""avg"":28.7,""max"":33.5,""min"":25.7},""10"":{""avg"":28.6,""max"":33.3,""min"":25.7},""11"":{""avg"":28.9,""max"":33.5,""min"":25.6},""12"":{""avg"":27.9,""max"":32.6,""min"":24}}","[""Long trip"",""One week""]",Budget,5,3,2,2,5,5,4,5,1,1,27.8,28.7,30.1,30.8,30.8,30.1,29.4,29.3,28.7,28.6,28.9,27.9,"['Long trip', 'One week']",0,0,0,1,1,1,4.288023541259701,1.822483671283973,Miejskie i kulturowe
5eb2414d-ccc4-4665-b86a-f463c43a9c1b,Belfast,United Kingdom,europe,"Cozy pubs, historic streets, and the lively spirit of its people create an inviting and culturally rich atmosphere full of stories.",54.596391,-5.9301829,"{""1"":{""avg"":5.4,""max"":7.7,""min"":3},""2"":{""avg"":5.8,""max"":8.3,""min"":3.2},""3"":{""avg"":6.3,""max"":10.3,""min"":3.8},""4"":{""avg"":8.4,""max"":12.1,""min"":5.2},""5"":{""avg"":11.7,""max"":15.9,""min"":8.2},""6"":{""avg"":14.3,""max"":18.2,""min"":11.3},""7"":{""avg"":15.4,""max"":18.8,""min"":12.4},""8"":{""avg"":15.4,""max"":18.7,""min"":12.4},""9"":{""avg"":13.6,""max"":16.7,""min"":10.8},""10"":{""avg"":10.8,""max"":13.7,""min"":8.1},""11"":{""avg"":7.8,""max"":10.3,""min"":5.3},""12"":{""avg"":6.6,""max"":8.8,""min"":4.3}}","[""Weekend"",""One week"",""Short trip""]",Mid-range,4,3,3,2,3,4,3,4,2,2,5.4,5.8,6.3,8.4,11.7,14.3,15.4,15.4,13.6,10.8,7.8,6.6,"['Weekend', 'One week', 'Short trip']",0,1,1,1,0,1,1.3841999802213198,-0.1444118932342705,Miejskie i kulturowe
d9f5aa87-6ce6-4675-b55c-e64635035d90,Odessa,Ukraine,europe,"Charming cobblestone streets, lively markets, and the gentle sea breeze create a relaxed yet vibrant atmosphere perfect for unwinding and exploring.",46.4843023,30.7322878,"{""1"":{""avg"":0.6,""max"":3.8,""min"":-2.2},""2"":{""avg"":2.3,""max"":5.5,""min"":-0.8},""3"":{""avg"":5.6,""max"":9.3,""min"":2.3},""4"":{""avg"":10.6,""max"":14.2,""min"":6.8},""5"":{""avg"":16.1,""max"":20,""min"":11.9},""6"":{""avg"":22,""max"":26.7,""min"":17.6},""7"":{""avg"":24.2,""max"":29.4,""min"":19.5},""8"":{""avg"":24.5,""max"":29.5,""min"":19.6},""9"":{""avg"":19.3,""max"":23.9,""min"":14.9},""10"":{""avg"":12.9,""max"":16.7,""min"":9.2},""11"":{""avg"":7,""max"":10,""min"":4.2},""12"":{""avg"":3.1,""max"":5.7,""min"":0.6}}","[""Weekend"",""One week"",""Short trip""]",Budget,4,3,3,4,4,4,3,4,2,1,0.6,2.3,5.6,10.6,16.1,22.0,24.2,24.5,19.3,12.9,7.0,3.1,"['Weekend', 'One week', 'Short trip']",0,1,1,1,0,1,1.5742706637630066,0.986176797442087,Miejskie i kulturowe
2ad8ee24-69aa-4e79-8b48-b459779c5987,Zanzibar Town,Tanzania,africa,Winding streets filled with the aroma of spices and the sound of Swahili music create an enchanting and vibrant atmosphere.,-6.15956165,39.2009686,"{""1"":{""avg"":28.5,""max"":32.5,""min"":25.2},""2"":{""avg"":28.8,""max"":33.4,""min"":25.5},""3"":{""avg"":28.8,""max"":33.4,""min"":25.5},""4"":{""avg"":27.5,""max"":30.9,""min"":25},""5"":{""avg"":27,""max"":30.6,""min"":24.6},""6"":{""avg"":26.5,""max"":30.1,""min"":23.5},""7"":{""avg"":25.7,""max"":29.4,""min"":22.8},""8"":{""avg"":25.6,""max"":29.7,""min"":22.2},""9"":{""avg"":26,""max"":30.6,""min"":22.4},""10"":{""avg"":26.8,""max"":31.1,""min"":23.1},""11"":{""avg"":27.4,""max"":31.5,""min"":24.2},""12"":{""avg"":28.1,""max"":31.9,""min"":24.9}}","[""Weekend"",""One week"",""Short trip""]",Mid-range,4,3,4,5,3,4,3,3,4,2,28.5,28.8,28.8,27.5,27.0,26.5,25.7,25.6,26.0,26.8,27.4,28.1,"['Weekend', 'One week', 'Short trip']",0,1,1,1,0,3,-0.6130015659520269,0.777901126290653,"Plaże, natura i relaks"
3b81e08f-9410-4898-9781-432030bad762,Antananarivo,Madagascar,africa,"Bustling streets filled with lively markets and the aroma of street food create an energetic vibe, surrounded by rolling hills and unique architecture.",-18.9100122,47.5255809,"{""1"":{""avg"":21.1,""max"":26.9,""min"":17.3},""2"":{""avg"":21.1,""max"":27,""min"":17.2},""3"":{""avg"":21,""max"":26.9,""min"":17.1},""4"":{""avg"":19.9,""max"":26.2,""min"":15.8},""5"":{""avg"":17.6,""max"":23.9,""min"":13.2},""6"":{""avg"":15.4,""max"":21.4,""min"":11.2},""7"":{""avg"":14.7,""max"":21.2,""min"":10},""8"":{""avg"":15.6,""max"":22.6,""min"":10.5},""9"":{""avg"":17.1,""max"":24.4,""min"":11.2},""10"":{""avg"":19.7,""max"":27.4,""min"":14},""11"":{""avg"":21,""max"":28.4,""min"":15.7},""12"":{""avg"":21.3,""max"":27.9,""min"":16.8}}","[""Short trip"",""One week""]",Budget,4,4,5,2,3,3,2,3,4,1,21.1,21.1,21.0,19.9,17.6,15.4,14.7,15.6,17.1,19.7,21.0,21.3,"['Short trip', 'One week']",0,0,1,1,0,2,-1.5957414253267685,-1.0697951876750598,Spokojne kierunki kulturowe
f64d6a04-bf5b-49e9-860f-665d6e7d6ada,Krabi,Thailand,asia,"Turquoise waters lap against limestone cliffs, while vibrant markets and serene beaches invite you to unwind and explore at your own pace.",8.0634637,98.9162345,"{""1"":{""avg"":26.6,""max"":32.9,""min"":22.4},""2"":{""avg"":27,""max"":33.8,""min"":22.4},""3"":{""avg"":27.9,""max"":35,""min"":23},""4"":{""avg"":28,""max"":34.7,""min"":24},""5"":{""avg"":28.1,""max"":33.8,""min"":24.8},""6"":{""avg"":27.6,""max"":32.4,""min"":24.6},""7"":{""avg"":27,""max"":31.5,""min"":24.3},""8"":{""avg"":26.8,""max"":31.1,""min"":24},""9"":{""avg"":26.2,""max"":30.7,""min"":23.6},""10"":{""avg"":26.2,""max"":31.4,""min"":23.2},""11"":{""avg"":25.7,""max"":30.9,""min"":22.9},""12"":{""avg"":25.9,""max"":31.3,""min"":22.5}}","[""Weekend"",""One week"",""Short trip""]",Budget,3,4,5,5,3,4,4,2,4,1,26.6,27.0,27.9,28.0,28.1,27.6,27.0,26.8,26.2,26.2,25.7,25.9,"['Weekend', 'One week', 'Short trip']",0,1,1,1,0,3,-2.36444719808309,2.409776318664497,"Plaże, natura i relaks"
d76e7f44-80ab-4a92-918c-80c918d1ae88,Lomé,Togo,africa,"Bustling markets filled with vibrant textiles and the scent of spices create an energetic atmosphere, while palm-lined beaches offer serene escapes.",6.130419,1.215829,"{""1"":{""avg"":28.4,""max"":33,""min"":25.5},""2"":{""avg"":29.3,""max"":33.1,""min"":26.6},""3"":{""avg"":29.4,""max"":32.9,""min"":27},""4"":{""avg"":29.1,""max"":32.5,""min"":26.3},""5"":{""avg"":28.6,""max"":32,""min"":25.8},""6"":{""avg"":27.1,""max"":30.2,""min"":24.6},""7"":{""avg"":26.2,""max"":29.2,""min"":24.5},""8"":{""avg"":25.8,""max"":28.8,""min"":23.9},""9"":{""avg"":26.5,""max"":29.6,""min"":24.2},""10"":{""avg"":27.4,""max"":30.6,""min"":24.7},""11"":{""avg"":28.6,""max"":32.1,""min"":25.7},""12"":{""avg"":28.6,""max"":33.2,""min"":25.2}}","[""Weekend"",""Short trip""]",Budget,3,3,3,3,2,3,2,3,3,1,28.4,29.3,29.4,29.1,28.6,27.1,26.2,25.8,26.5,27.4,28.6,28.6,"['Weekend', 'Short trip']",0,1,1,0,0,2,-0.7867423752072935,-1.548735728543765,Spokojne kierunki kulturowe
184fc244-2725-4a56-894d-bbb80ef207e7,Port of Spain,Trinidad and Tobago,north_america,"Bustling streets filled with lively music and vibrant colors offer a sensory feast, where Caribbean culture and urban energy intertwine seamlessly.",10.6572678,-61.5180173,"{""1"":{""avg"":25.9,""max"":31,""min"":21.9},""2"":{""avg"":26,""max"":31.3,""min"":22},""3"":{""avg"":26.6,""max"":32.1,""min"":22.4},""4"":{""avg"":27.4,""max"":32.6,""min"":23.6},""5"":{""avg"":27.7,""max"":32.7,""min"":24.4},""6"":{""avg"":27.3,""max"":31.9,""min"":24.1},""7"":{""avg"":27.4,""max"":32.1,""min"":24.1},""8"":{""avg"":27.6,""max"":32.8,""min"":23.9},""9"":{""avg"":27.8,""max"":33.3,""min"":24.1},""10"":{""avg"":27.5,""max"":32.7,""min"":23.9},""11"":{""avg"":26.9,""max"":32,""min"":23.6},""12"":{""avg"":26.3,""max"":31.2,""min"":22.6}}","[""Weekend"",""One week"",""Short trip""]",Mid-range,4,3,3,4,4,5,3,4,2,2,25.9,26.0,26.6,27.4,27.7,27.3,27.4,27.6,27.8,27.5,26.9,26.3,"['Weekend', 'One week', 'Short trip']",0,1,1,1,0,1,2.087854007103624,1.401606670272661,Miejskie i kulturowe
aeb41503-ee2c-4678-aa67-33b816e31f68,Muscat,Oman,middle_east,"Golden desert landscapes meet the azure sea, creating a serene backdrop for exploring traditional souks, grand mosques, and coastal promenades.",23.5882019,58.3829448,"{""1"":{""avg"":21.6,""max"":25.6,""min"":17.2},""2"":{""avg"":23,""max"":26.7,""min"":18.9},""3"":{""avg"":25.8,""max"":29.9,""min"":21.7},""4"":{""avg"":30.1,""max"":34.7,""min"":25.9},""5"":{""avg"":34.6,""max"":39.3,""min"":29.9},""6"":{""avg"":35,""max"":39.4,""min"":31.7},""7"":{""avg"":33.7,""max"":37.1,""min"":30.9},""8"":{""avg"":32.3,""max"":36.1,""min"":29.2},""9"":{""avg"":31.5,""max"":35.4,""min"":28.2},""10"":{""avg"":30,""max"":34.3,""min"":26},""11"":{""avg"":26.3,""max"":30.5,""min"":22},""12"":{""avg"":22.9,""max"":26.7,""min"":18.3}}","[""One week"",""Short trip"",""Weekend""]",Mid-range,4,3,4,4,2,4,3,3,4,2,21.6,23.0,25.8,30.1,34.6,35.0,33.7,32.3,31.5,30.0,26.3,22.9,"['One week', 'Short trip', 'Weekend']",0,1,1,1,0,2,-0.9040825601736111,0.01015007902499452,Spokojne kierunki kulturowe
671ba175-2610-4435-a449-61f29c414d68,Kyiv,Ukraine,europe,"Strolling through lively squares and historic streets, you'll feel the vibrant energy of a city rich in culture and warm hospitality.",50.4500336,30.5241361,"{""1"":{""avg"":-2,""max"":0.4,""min"":-4.5},""2"":{""avg"":-0.6,""max"":2.2,""min"":-3.6},""3"":{""avg"":4.2,""max"":8.1,""min"":1.3},""4"":{""avg"":10.3,""max"":15.4,""min"":5.4},""5"":{""avg"":15.5,""max"":20.8,""min"":10},""6"":{""avg"":21,""max"":26.4,""min"":15.6},""7"":{""avg"":21.8,""max"":27.2,""min"":16.6},""8"":{""avg"":21.8,""max"":27.8,""min"":16.1},""9"":{""avg"":16.5,""max"":22.2,""min"":11.5},""10"":{""avg"":9.5,""max"":14,""min"":5.7},""11"":{""avg"":3.2,""max"":5.7,""min"":0.8},""12"":{""avg"":0,""max"":2,""min"":-2}}","[""Weekend"",""One week"",""Short trip""]",Budget,4,3,3,1,4,4,3,4,2,1,-2.0,-0.6,4.2,10.3,15.5,21.0,21.8,21.8,16.5,9.5,3.2,0.0,"['Weekend', 'One week', 'Short trip']",0,1,1,1,0,1,1.8773015958026982,-0.10233613279001026,Miejskie i kulturowe
128e077c-0b2e-43dc-a395-59dcb2fdabe7,Galle,Sri Lanka,asia,"Charming cobblestone streets, colonial architecture, and the salty breeze of the ocean create a serene and timeless atmosphere.",6.0328139,80.214955,"{""1"":{""avg"":27.4,""max"":31.4,""min"":24.2},""2"":{""avg"":28.2,""max"":32,""min"":24.9},""3"":{""avg"":28.8,""max"":32.5,""min"":25.3},""4"":{""avg"":29.2,""max"":33,""min"":25.8},""5"":{""avg"":29.3,""max"":32.1,""min"":26.8},""6"":{""avg"":29.1,""max"":31.7,""min"":26.8},""7"":{""avg"":28.8,""max"":31.3,""min"":26.6},""8"":{""avg"":28.6,""max"":31.1,""min"":26.5},""9"":{""avg"":28.3,""max"":31.1,""min"":25.9},""10"":{""avg"":27.8,""max"":31,""min"":25.3},""11"":{""avg"":27.5,""max"":31.2,""min"":24.6},""12"":{""avg"":27.5,""max"":31.2,""min"":24.5}}","[""Short trip"",""Weekend""]",Budget,4,3,4,4,2,4,3,3,4,1,27.4,28.2,28.8,29.2,29.3,29.1,28.8,28.6,28.3,27.8,27.5,27.5,"['Short trip', 'Weekend']",0,1,1,0,0,2,-0.9040825601736111,0.01015007902499452,Spokojne kierunki kulturowe
3abbee3b-52a2-45cc-b745-9720f49fd72a,Gdansk,Poland,europe,"Charming cobblestone streets and vibrant maritime history meet the salty breeze of the Baltic, creating a welcoming and lively coastal atmosphere.",54.42880315,18.79832701217957,"{""1"":{""avg"":0.8,""max"":2.6,""min"":-1},""2"":{""avg"":1.8,""max"":4.1,""min"":-0.5},""3"":{""avg"":4.5,""max"":7.5,""min"":1.5},""4"":{""avg"":7.1,""max"":10.9,""min"":3.5},""5"":{""avg"":12,""max"":15.8,""min"":8},""6"":{""avg"":17.4,""max"":21.5,""min"":13.2},""7"":{""avg"":18.5,""max"":22.3,""min"":14.8},""8"":{""avg"":19,""max"":22.9,""min"":15},""9"":{""avg"":15.1,""max"":19,""min"":11.4},""10"":{""avg"":10,""max"":12.9,""min"":7.2},""11"":{""avg"":5.4,""max"":7.2,""min"":3.4},""12"":{""avg"":2.3,""max"":3.9,""min"":0.5}}","[""Short trip"",""Weekend""]",Mid-range,4,2,3,3,3,4,3,4,2,2,0.8,1.8,4.5,7.1,12.0,17.4,18.5,19.0,15.1,10.0,5.4,2.3,"['Short trip', 'Weekend']",0,1,1,0,0,1,1.6910895363065042,-0.16881933605038724,Miejskie i kulturowe
fe273668-236b-47ac-a87d-f02f36cd6181,Miami,United States,north_america,"Vibrant streets pulsate with Latin beats, ocean breezes carry the scent of salt and sunscreen, and art deco architecture adds a nostalgic charm.",25.7741728,-80.19362,"{""1"":{""avg"":20.8,""max"":25.1,""min"":16.6},""2"":{""avg"":22.5,""max"":26.7,""min"":18.7},""3"":{""avg"":23.7,""max"":28,""min"":20},""4"":{""avg"":25.5,""max"":29.5,""min"":22},""5"":{""avg"":27,""max"":30.9,""min"":23.6},""6"":{""avg"":28.3,""max"":32.2,""min"":25},""7"":{""avg"":29.3,""max"":33.1,""min"":25.8},""8"":{""avg"":29.2,""max"":33,""min"":25.8},""9"":{""avg"":28.7,""max"":32.5,""min"":25.3},""10"":{""avg"":27.2,""max"":30.7,""min"":24.1},""11"":{""avg"":24.6,""max"":28.3,""min"":21.3},""12"":{""avg"":22.7,""max"":26.5,""min"":19.1}}","[""Weekend"",""One week"",""Short trip""]",Luxury,3,3,3,5,5,4,4,4,2,3,20.8,22.5,23.7,25.5,27.0,28.3,29.3,29.2,28.7,27.2,24.6,22.7,"['Weekend', 'One week', 'Short trip']",0,1,1,1,0,3,1.3809023013768316,2.9369315420594586,"Plaże, natura i relaks"
c6da2d98-abce-490d-8f70-5eea8253bf62,Svalbard,Norway,europe,"Vast, icy landscapes and the ethereal glow of the northern lights create a surreal, almost otherworldly experience, inviting deep reflection and awe.",78.7198519,20.3493328,"{""1"":{""avg"":-11.1,""max"":-8.3,""min"":-13.9},""2"":{""avg"":-9.5,""max"":-6.7,""min"":-12.3},""3"":{""avg"":-8,""max"":-5.5,""min"":-10.5},""4"":{""avg"":-11.1,""max"":-8.3,""min"":-14.4},""5"":{""avg"":-4.2,""max"":-2.2,""min"":-6.3},""6"":{""avg"":1.4,""max"":3,""min"":-0.2},""7"":{""avg"":5.3,""max"":7.3,""min"":3.2},""8"":{""avg"":4.4,""max"":6,""min"":2.8},""9"":{""avg"":1.1,""max"":2.5,""min"":-0.5},""10"":{""avg"":-2.6,""max"":-1.2,""min"":-4.2},""11"":{""avg"":-6.7,""max"":-4.6,""min"":-8.8},""12"":{""avg"":-8.2,""max"":-5.8,""min"":-10.9}}","[""One week"",""Long trip""]",Luxury,2,5,5,1,1,2,2,1,5,3,-11.1,-9.5,-8.0,-11.1,-4.2,1.4,5.3,4.4,1.1,-2.6,-6.7,-8.2,"['One week', 'Long trip']",0,0,0,1,1,0,-5.266399885039949,-2.178011839343978,Natura i przygoda
1a9464a8-353a-4572-aac3-297de01aa6da,Lapland,Finland,europe,"Snow-draped landscapes, shimmering northern lights, and cozy log cabins create a magical atmosphere perfect for winter adventures and quiet reflection.",67.69291045,26.728214183162983,"{""1"":{""avg"":-13,""max"":-8.6,""min"":-18},""2"":{""avg"":-10,""max"":-6,""min"":-14.8},""3"":{""avg"":-6.1,""max"":-1,""min"":-11.4},""4"":{""avg"":-0.3,""max"":4.5,""min"":-5.4},""5"":{""avg"":6.6,""max"":11.6,""min"":1.3},""6"":{""avg"":13,""max"":18,""min"":7.8},""7"":{""avg"":15.7,""max"":20.7,""min"":10.6},""8"":{""avg"":13.3,""max"":18.2,""min"":8.7},""9"":{""avg"":8.1,""max"":12.1,""min"":4.4},""10"":{""avg"":0.5,""max"":3.2,""min"":-2.2},""11"":{""avg"":-5.2,""max"":-2.5,""min"":-8.4},""12"":{""avg"":-9.1,""max"":-5.5,""min"":-13.7}}","[""Short trip"",""One week"",""Long trip""]",Luxury,3,4,5,1,2,3,3,2,5,3,-13.0,-10.0,-6.1,-0.3,6.6,13.0,15.7,13.3,8.1,0.5,-5.2,-9.1,"['Short trip', 'One week', 'Long trip']",0,0,1,1,1,0,-3.2061050762138676,-0.9120086066018446,Natura i przygoda
4959b5b0-bc55-450f-a2c5-9076efac17a7,Tunis,Tunisia,africa,"Wander through bustling souks and historic medinas, where the scent of spices and the call to prayer create an enchanting atmosphere.",36.8002068,10.1857757,"{""1"":{""avg"":12.4,""max"":16.7,""min"":8.6},""2"":{""avg"":13,""max"":18.4,""min"":8.8},""3"":{""avg"":14.6,""max"":19.9,""min"":10.4},""4"":{""avg"":17.4,""max"":22.3,""min"":12.7},""5"":{""avg"":20.9,""max"":26.4,""min"":16},""6"":{""avg"":25.7,""max"":31.6,""min"":20.6},""7"":{""avg"":29,""max"":35.8,""min"":23.4},""8"":{""avg"":28.7,""max"":34.6,""min"":23.7},""9"":{""avg"":26,""max"":31.4,""min"":21.9},""10"":{""avg"":22,""max"":27.1,""min"":17.6},""11"":{""avg"":17.2,""max"":22.4,""min"":13.4},""12"":{""avg"":13.7,""max"":18.6,""min"":10.4}}","[""Weekend"",""Short trip""]",Budget,4,3,3,3,3,4,3,3,2,1,12.4,13.0,14.6,17.4,20.9,25.7,29.0,28.7,26.0,22.0,17.2,13.7,"['Weekend', 'Short trip']",0,1,1,0,0,1,0.8658934721713839,0.074872840914834,Miejskie i kulturowe
9bb1538a-f6b4-450f-812f-20d1ebc2c6eb,San Francisco,United States,north_america,"Fog-kissed hills, eclectic neighborhoods, and the scent of fresh sea air create an inviting and dynamic atmosphere that's both laid-back and vibrant.",37.7792588,-122.4193286,"{""1"":{""avg"":11.1,""max"":15.3,""min"":6.8},""2"":{""avg"":11.9,""max"":17,""min"":7},""3"":{""avg"":12.9,""max"":17.5,""min"":8.4},""4"":{""avg"":14.1,""max"":19.2,""min"":9.8},""5"":{""avg"":15.1,""max"":20.1,""min"":11.5},""6"":{""avg"":17.1,""max"":22.5,""min"":13.1},""7"":{""avg"":17.5,""max"":22.6,""min"":14},""8"":{""avg"":18.4,""max"":23.6,""min"":14.8},""9"":{""avg"":18.5,""max"":24.4,""min"":14},""10"":{""avg"":17,""max"":23.3,""min"":11.5},""11"":{""avg"":13,""max"":18.3,""min"":7.6},""12"":{""avg"":10.8,""max"":15,""min"":6.2}}","[""Weekend"",""One week"",""Short trip""]",Luxury,5,3,4,3,4,5,3,5,2,3,11.1,11.9,12.9,14.1,15.1,17.1,17.5,18.4,18.5,17.0,13.0,10.8,"['Weekend', 'One week', 'Short trip']",0,1,1,1,0,1,2.5712970302936875,1.1406754720155208,Miejskie i kulturowe
0e639efe-ac01-44b3-8716-2da67148d47c,Boston,United States,north_america,"Historic streets meet modern innovation, offering a mix of charming neighborhoods, rich history, and vibrant cultural scenes that invite exploration and discovery.",42.3554334,-71.060511,"{""1"":{""avg"":-0.1,""max"":3.6,""min"":-3.8},""2"":{""avg"":0.7,""max"":5,""min"":-3.8},""3"":{""avg"":4,""max"":8.2,""min"":0.1},""4"":{""avg"":9.2,""max"":13.6,""min"":5.2},""5"":{""avg"":15.1,""max"":20,""min"":10.7},""6"":{""avg"":20.2,""max"":24.9,""min"":15.8},""7"":{""avg"":23.9,""max"":28.4,""min"":19.8},""8"":{""avg"":23.4,""max"":27.9,""min"":19.4},""9"":{""avg"":19.6,""max"":23.6,""min"":15.7},""10"":{""avg"":13.8,""max"":17.8,""min"":9.9},""11"":{""avg"":7.7,""max"":11.8,""min"":3.6},""12"":{""avg"":3,""max"":6.6,""min"":-0.6}}","[""Weekend"",""One week"",""Short trip""]",Luxury,5,2,3,2,4,4,3,5,2,3,-0.1,0.7,4.0,9.2,15.1,20.2,23.9,23.4,19.6,13.8,7.7,3.0,"['Weekend', 'One week', 'Short trip']",0,1,1,1,0,1,3.0084240757862326,-0.2300164485094781,Miejskie i kulturowe
3b9ab1a4-a090-45f5-b101-a73f33a67a6c,Rotorua,New Zealand,oceania,"Steam rises from bubbling mud pools and the air is filled with the scent of sulfur, creating a unique geothermal wonderland.",-38.1381493,176.252922,"{""1"":{""avg"":17.1,""max"":21.5,""min"":13.7},""2"":{""avg"":17.2,""max"":21.4,""min"":14},""3"":{""avg"":15.6,""max"":19.6,""min"":12.5},""4"":{""avg"":13,""max"":16.5,""min"":10.3},""5"":{""avg"":10.6,""max"":13.7,""min"":8.3},""6"":{""avg"":8.3,""max"":11.1,""min"":6.2},""7"":{""avg"":7.4,""max"":10.3,""min"":5.2},""8"":{""avg"":7.9,""max"":11.1,""min"":5.3},""9"":{""avg"":9.5,""max"":13.1,""min"":6.7},""10"":{""avg"":11.1,""max"":15.1,""min"":8.1},""11"":{""avg"":13.1,""max"":17.5,""min"":9.7},""12"":{""avg"":15.4,""max"":19.5,""min"":12.2}}","[""Short trip"",""Weekend""]",Mid-range,4,4,5,2,3,3,5,3,3,2,17.1,17.2,15.6,13.0,10.6,8.3,7.4,7.9,9.5,11.1,13.1,15.4,"['Short trip', 'Weekend']",0,1,1,0,0,3,-1.4107422128773974,1.852651717636486,"Plaże, natura i relaks"
f52d85c4-fee6-4b7b-a181-fa7b0c8adaa0,El Chaltén,Argentina,south_america,"Nestled amidst rugged peaks and vast landscapes, this charming village offers a sense of tranquility and awe-inspiring natural beauty.",-49.3319564,-72.8860438,"{""1"":{""avg"":4.9,""max"":8.1,""min"":1.7},""2"":{""avg"":6,""max"":9.7,""min"":2.6},""3"":{""avg"":4.1,""max"":7.4,""min"":1.2},""4"":{""avg"":1.5,""max"":4.4,""min"":-1},""5"":{""avg"":-0.8,""max"":1.4,""min"":-2.9},""6"":{""avg"":-3,""max"":-1,""min"":-5},""7"":{""avg"":-3.5,""max"":-1.2,""min"":-5.6},""8"":{""avg"":-2.9,""max"":-0.1,""min"":-5.2},""9"":{""avg"":-1.2,""max"":1.8,""min"":-3.8},""10"":{""avg"":0.5,""max"":3.4,""min"":-2.2},""11"":{""avg"":1.9,""max"":4.7,""min"":-0.9},""12"":{""avg"":3.4,""max"":6.3,""min"":0.5}}","[""Long trip"",""One week"",""Short trip""]",Budget,2,5,5,1,2,3,3,1,4,1,4.9,6.0,4.1,1.5,-0.8,-3.0,-3.5,-2.9,-1.2,0.5,1.9,3.4,"['Long trip', 'One week', 'Short trip']",0,0,1,1,1,0,-4.020700764189582,-0.3075774877204332,Natura i przygoda
4387a20c-e5eb-437f-9afc-23c940594043,Christiansted,U.S. Virgin Islands,north_america,"Charming streets lined with pastel-hued buildings, ocean breezes carrying the scent of salt, and a laid-back Caribbean vibe invite relaxation.",17.7439481,-64.7079823,"{""1"":{""avg"":25.7,""max"":28.9,""min"":23.1},""2"":{""avg"":25.5,""max"":28.8,""min"":23},""3"":{""avg"":25.7,""max"":29,""min"":23},""4"":{""avg"":26.5,""max"":29.6,""min"":23.8},""5"":{""avg"":27.8,""max"":30.7,""min"":25.2},""6"":{""avg"":28.7,""max"":31.6,""min"":26.3},""7"":{""avg"":28.8,""max"":31.6,""min"":26.6},""8"":{""avg"":28.9,""max"":31.7,""min"":26.6},""9"":{""avg"":28.8,""max"":31.9,""min"":26.2},""10"":{""avg"":28.3,""max"":31.3,""min"":25.8},""11"":{""avg"":27.3,""max"":30.4,""min"":24.9},""12"":{""avg"":26.2,""max"":29.3,""min"":23.8}}","[""Weekend"",""Short trip""]",Mid-range,3,4,4,5,3,4,3,2,4,2,25.7,25.5,25.7,26.5,27.8,28.7,28.8,28.9,28.8,28.3,27.3,26.2,"['Weekend', 'Short trip']",0,1,1,0,0,3,-1.8451343566154583,1.2684190854208197,"Plaże, natura i relaks"
558816ef-9f17-4b93-a221-8aac47d03f00,Houston,United States,north_america,"A sprawling city where vibrant cultural districts, lively food scenes, and lush parks create a welcoming atmosphere full of discovery and warmth.",29.7589382,-95.3676974,"{""1"":{""avg"":12.1,""max"":17.4,""min"":6.9},""2"":{""avg"":14.7,""max"":20.1,""min"":9.6},""3"":{""avg"":18.6,""max"":24.4,""min"":13.1},""4"":{""avg"":21.3,""max"":26.5,""min"":16.1},""5"":{""avg"":25.2,""max"":30.1,""min"":20.8},""6"":{""avg"":28.2,""max"":33.3,""min"":24},""7"":{""avg"":29.4,""max"":34.6,""min"":25},""8"":{""avg"":29.5,""max"":35.2,""min"":24.9},""9"":{""avg"":27.2,""max"":32.6,""min"":22.7},""10"":{""avg"":22.8,""max"":28.4,""min"":17.7},""11"":{""avg"":17.4,""max"":22.8,""min"":12.3},""12"":{""avg"":14.7,""max"":20,""min"":9.7}}","[""Weekend"",""One week"",""Short trip""]",Mid-range,4,3,3,2,4,5,3,5,2,2,12.1,14.7,18.6,21.3,25.2,28.2,29.4,29.5,27.2,22.8,17.4,14.7,"['Weekend', 'One week', 'Short trip']",0,1,1,1,0,1,2.707170825833457,0.8194842927128575,Miejskie i kulturowe
968021b5-7a8a-4e1e-bd31-574dd60a9975,San Diego,United States,north_america,"Sun-drenched beaches, vibrant neighborhoods, and an easygoing vibe invite you to savor ocean breezes and explore diverse, lively cultural spots.",32.7174202,-117.162772,"{""1"":{""avg"":14.4,""max"":19.3,""min"":9.7},""2"":{""avg"":14.8,""max"":19.5,""min"":10.4},""3"":{""avg"":15.9,""max"":19.8,""min"":12.3},""4"":{""avg"":17.3,""max"":21.1,""min"":14.1},""5"":{""avg"":17.7,""max"":20.4,""min"":15.5},""6"":{""avg"":19.4,""max"":22.2,""min"":17.2},""7"":{""avg"":21.6,""max"":24.7,""min"":19.5},""8"":{""avg"":22.8,""max"":26,""min"":20.4},""9"":{""avg"":22.5,""max"":26.1,""min"":19.7},""10"":{""avg"":20.5,""max"":24.9,""min"":16.7},""11"":{""avg"":17.2,""max"":22.4,""min"":12.2},""12"":{""avg"":14.5,""max"":19.4,""min"":9.8}}","[""Short trip"",""Weekend"",""One week""]",Mid-range,4,4,4,5,4,4,4,4,3,2,14.4,14.8,15.9,17.3,17.7,19.4,21.6,22.8,22.5,20.5,17.2,14.5,"['Short trip', 'Weekend', 'One week']",0,1,1,1,0,3,0.1285105421626798,2.763703600572035,"Plaże, natura i relaks"
59d1b605-e2ed-4069-ab3b-b279346d1582,Ladakh,India,asia,"Rugged landscapes with towering mountains and serene monasteries create a tranquil yet awe-inspiring atmosphere, perfect for those seeking adventure and peace.",34.0242098,77.2036739,"{""1"":{""avg"":-5.9,""max"":-0.5,""min"":-11.3},""2"":{""avg"":-3.3,""max"":3,""min"":-9.6},""3"":{""avg"":3.1,""max"":9.7,""min"":-3.4},""4"":{""avg"":6.6,""max"":12.8,""min"":0.3},""5"":{""avg"":10.8,""max"":17.5,""min"":4.1},""6"":{""avg"":14.8,""max"":21.7,""min"":7.8},""7"":{""avg"":18.8,""max"":25.7,""min"":11.8},""8"":{""avg"":18.6,""max"":25.6,""min"":11.6},""9"":{""avg"":15,""max"":22.4,""min"":7.7},""10"":{""avg"":7,""max"":13.9,""min"":0},""11"":{""avg"":0.5,""max"":6.8,""min"":-5.7},""12"":{""avg"":-4.3,""max"":1.6,""min"":-10.2}}","[""Long trip"",""One week""]",Budget,4,5,5,1,1,3,3,1,5,1,-5.9,-3.3,3.1,6.6,10.8,14.8,18.8,18.6,15.0,7.0,0.5,-4.3,"['Long trip', 'One week']",0,0,0,1,1,0,-4.016455718722158,-1.3200556156565282,Natura i przygoda
c1df028c-84c0-404a-a0c0-4f65e1b25357,Chefchaouen,Morocco,africa,"Wander through winding blue-washed alleys, breathe in the fresh mountain air, and feel a serene calm envelop you in this charming town.",35.1700832,-5.2766582971063976,"{""1"":{""avg"":13.5,""max"":18.2,""min"":9.8},""2"":{""avg"":14.1,""max"":18.5,""min"":11.2},""3"":{""avg"":15.2,""max"":19.6,""min"":11.6},""4"":{""avg"":17,""max"":21.4,""min"":13.2},""5"":{""avg"":19.7,""max"":24.5,""min"":15.4},""6"":{""avg"":22.9,""max"":27.6,""min"":19},""7"":{""avg"":25.8,""max"":30.8,""min"":21.7},""8"":{""avg"":26,""max"":31,""min"":22.5},""9"":{""avg"":23.7,""max"":28.2,""min"":20.1},""10"":{""avg"":20.7,""max"":25.1,""min"":17.5},""11"":{""avg"":16.9,""max"":21.5,""min"":13.6},""12"":{""avg"":14.7,""max"":19.2,""min"":11.2}}","[""Short trip"",""Weekend""]",Budget,4,3,4,1,2,4,3,2,4,1,13.5,14.1,15.2,17.0,19.7,22.9,25.8,26.0,23.7,20.7,16.9,14.7,"['Short trip', 'Weekend']",0,1,1,0,0,2,-1.0183478255039584,-1.2219157604686974,Spokojne kierunki kulturowe
b53ea9ad-2c8b-4467-9764-1edb3b922ea4,Lviv,Ukraine,europe,"Cobblestone streets, charming coffeehouses, and a rich tapestry of history and culture create a warm and inviting atmosphere for exploration.",49.841952,24.0315921,"{""1"":{""avg"":-1.2,""max"":1.6,""min"":-4.6},""2"":{""avg"":0.5,""max"":4,""min"":-3.6},""3"":{""avg"":3.5,""max"":8.2,""min"":-2.4},""4"":{""avg"":9,""max"":14.8,""min"":3.2},""5"":{""avg"":13.9,""max"":19.3,""min"":8},""6"":{""avg"":18.6,""max"":24.5,""min"":12.9},""7"":{""avg"":19.6,""max"":25.6,""min"":13.9},""8"":{""avg"":19.8,""max"":26.4,""min"":13.7},""9"":{""avg"":14.9,""max"":20.7,""min"":9.7},""10"":{""avg"":9.2,""max"":14.4,""min"":4.8},""11"":{""avg"":3.8,""max"":7.1,""min"":0.5},""12"":{""avg"":0.6,""max"":3.1,""min"":-2.3}}","[""Weekend"",""One week"",""Short trip""]",Budget,5,2,3,1,3,4,3,3,3,1,-1.2,0.5,3.5,9.0,13.9,18.6,19.6,19.8,14.9,9.2,3.8,0.6,"['Weekend', 'One week', 'Short trip']",0,1,1,1,0,2,1.4652135841368537,-1.3987864740495703,Spokojne kierunki kulturowe
54425ba9-ac85-490b-8064-4260eb382f2c,Nashville,United States,north_america,"Lively streets filled with music and friendly faces, where the aroma of Southern cuisine mingles with the vibrant energy of live performances.",36.1622767,-86.7742984,"{""1"":{""avg"":4.6,""max"":9.7,""min"":-0.6},""2"":{""avg"":7.4,""max"":13,""min"":1.8},""3"":{""avg"":12,""max"":18,""min"":5.8},""4"":{""avg"":16.1,""max"":22.4,""min"":9.7},""5"":{""avg"":21.2,""max"":27.4,""min"":15.3},""6"":{""avg"":25.6,""max"":31.6,""min"":19.6},""7"":{""avg"":27.4,""max"":33.2,""min"":22.2},""8"":{""avg"":26.3,""max"":32.1,""min"":21},""9"":{""avg"":23.5,""max"":29.8,""min"":17.7},""10"":{""avg"":17.5,""max"":24.1,""min"":11.2},""11"":{""avg"":11,""max"":17.2,""min"":4.9},""12"":{""avg"":7.9,""max"":13.1,""min"":2.5}}","[""Short trip"",""Weekend"",""One week""]",Mid-range,4,2,2,1,5,4,3,4,2,2,4.6,7.4,12.0,16.1,21.2,25.6,27.4,26.3,23.5,17.5,11.0,7.9,"['Short trip', 'Weekend', 'One week']",0,1,1,1,0,1,3.119092978857445,-0.28984713321877664,Miejskie i kulturowe
af0c0c0e-6e3a-4157-8219-cdbd7fb23a81,Cleveland,United States,north_america,"A city where industrial roots meet cultural renaissance, offering lively arts scenes, lakefront breezes, and a welcoming Midwestern charm.",41.4996574,-81.6936772,"{""1"":{""avg"":-0.8,""max"":2.3,""min"":-3.7},""2"":{""avg"":0.3,""max"":4.1,""min"":-3.5},""3"":{""avg"":4.5,""max"":9.4,""min"":-0.2},""4"":{""avg"":9.8,""max"":14.2,""min"":6.1},""5"":{""avg"":16.3,""max"":20.2,""min"":12.8},""6"":{""avg"":21.5,""max"":24.9,""min"":18.3},""7"":{""avg"":24.4,""max"":27.3,""min"":21.2},""8"":{""avg"":23.7,""max"":27,""min"":20.3},""9"":{""avg"":21,""max"":24.3,""min"":17.7},""10"":{""avg"":14.6,""max"":18.7,""min"":10.6},""11"":{""avg"":7.8,""max"":11.2,""min"":4.4},""12"":{""avg"":3.2,""max"":6.4,""min"":0.1}}","[""Short trip"",""Weekend""]",Mid-range,4,2,3,2,3,4,3,3,2,2,-0.8,0.3,4.5,9.8,16.3,21.5,24.4,23.7,21.0,14.6,7.8,3.2,"['Short trip', 'Weekend']",0,1,1,0,0,1,1.3748036496163625,-0.6752098887226811,Miejskie i kulturowe
b4a73043-c9d4-40b3-83df-1ead4d144b4c,Ronda,Spain,europe,Dramatic cliffs and a historic stone bridge create a breathtaking backdrop for wandering cobblestone streets and savoring local wines in sunlit plazas.,36.7421339,-5.1665916,"{""1"":{""avg"":10.1,""max"":16.3,""min"":4.3},""2"":{""avg"":11.8,""max"":19,""min"":5.6},""3"":{""avg"":13.7,""max"":21.5,""min"":7.1},""4"":{""avg"":16.6,""max"":23.3,""min"":10},""5"":{""avg"":20.6,""max"":29.1,""min"":13.1},""6"":{""avg"":24.1,""max"":32.2,""min"":16.2},""7"":{""avg"":27.8,""max"":36.1,""min"":19.3},""8"":{""avg"":28.1,""max"":36.5,""min"":20.2},""9"":{""avg"":24.2,""max"":31.7,""min"":17.5},""10"":{""avg"":20.3,""max"":27.2,""min"":14.1},""11"":{""avg"":14.4,""max"":20.5,""min"":9.1},""12"":{""avg"":11.6,""max"":17.5,""min"":6.4}}","[""Weekend"",""Short trip"",""Day trip""]",Mid-range,4,3,4,1,2,4,3,2,4,2,10.1,11.8,13.7,16.6,20.6,24.1,27.8,28.1,24.2,20.3,14.4,11.6,"['Weekend', 'Short trip', 'Day trip']",1,1,1,0,0,2,-1.0183478255039584,-1.2219157604686974,Spokojne kierunki kulturowe
577b9315-b7a1-489f-9f37-c705858b1162,London,United Kingdom,europe,"Iconic landmarks, bustling markets, and a rich tapestry of culture create a vibrant atmosphere that feels both historic and ever-evolving.",51.4893335,-0.1440550845276872,"{""1"":{""avg"":4.6,""max"":7.3,""min"":1.9},""2"":{""avg"":6.1,""max"":8.8,""min"":3.4},""3"":{""avg"":8.1,""max"":12,""min"":4.4},""4"":{""avg"":9.6,""max"":13.8,""min"":5.6},""5"":{""avg"":13,""max"":17.4,""min"":8.6},""6"":{""avg"":16.5,""max"":21,""min"":11.9},""7"":{""avg"":18.2,""max"":22.7,""min"":13.6},""8"":{""avg"":17.7,""max"":22.1,""min"":13.5},""9"":{""avg"":15.2,""max"":19.3,""min"":11.3},""10"":{""avg"":12,""max"":15.1,""min"":9},""11"":{""avg"":7.9,""max"":10.4,""min"":5.3},""12"":{""avg"":6.9,""max"":8.9,""min"":4.8}}","[""Long trip"",""One week"",""Short trip""]",Luxury,5,2,3,1,5,5,3,5,2,3,4.6,6.1,8.1,9.6,13.0,16.5,18.2,17.7,15.2,12.0,7.9,6.9,"['Long trip', 'One week', 'Short trip']",0,0,1,1,1,1,4.015109034708228,0.22748918476535623,Miejskie i kulturowe
a658f5c4-f1b4-4592-9bcd-823956973b8d,Rochester,United States,north_america,"Charming and unhurried, with scenic river views, vibrant arts, and a welcoming community vibe that makes you feel right at home.",43.157285,-77.615214,"{""1"":{""avg"":-2.8,""max"":0.8,""min"":-6.6},""2"":{""avg"":-1.8,""max"":2.6,""min"":-6.5},""3"":{""avg"":2.3,""max"":7.1,""min"":-2.4},""4"":{""avg"":8,""max"":13.4,""min"":2.7},""5"":{""avg"":15.2,""max"":21,""min"":9.2},""6"":{""avg"":19.9,""max"":25.5,""min"":14.1},""7"":{""avg"":22.7,""max"":28.3,""min"":17.2},""8"":{""avg"":21.8,""max"":27.3,""min"":16.5},""9"":{""avg"":18.3,""max"":24,""min"":12.9},""10"":{""avg"":12,""max"":16.9,""min"":7},""11"":{""avg"":5.6,""max"":9.8,""min"":1.1},""12"":{""avg"":1.2,""max"":4.5,""min"":-2.2}}","[""Short trip"",""Weekend""]",Mid-range,3,2,3,2,3,3,3,3,3,2,-2.8,-1.8,2.3,8.0,15.2,19.9,22.7,21.8,18.3,12.0,5.6,1.2,"['Short trip', 'Weekend']",0,1,1,0,0,2,0.03674647705971784,-0.9577271391395539,Spokojne kierunki kulturowe
7880793a-92c4-4f87-a64a-f238fe4ef46e,Namibia,Namibia,africa,"Vast desert landscapes meet rugged coastlines, creating a sense of awe and solitude, while vibrant wildlife offers thrilling encounters in nature.",-23.2335499,17.3231107,"{""1"":{""avg"":23.9,""max"":32.3,""min"":17.8},""2"":{""avg"":23.7,""max"":32,""min"":17.6},""3"":{""avg"":22.5,""max"":30.8,""min"":16.6},""4"":{""avg"":20.5,""max"":28.7,""min"":14.1},""5"":{""avg"":18.3,""max"":26.5,""min"":11.6},""6"":{""avg"":14.8,""max"":22.7,""min"":7.5},""7"":{""avg"":15,""max"":23.7,""min"":8},""8"":{""avg"":17.9,""max"":26.2,""min"":10.5},""9"":{""avg"":21.8,""max"":29.8,""min"":13.8},""10"":{""avg"":24.3,""max"":32.1,""min"":17},""11"":{""avg"":24.8,""max"":33,""min"":17.7},""12"":{""avg"":24.6,""max"":32.5,""min"":18.1}}","[""Long trip"",""One week""]",Mid-range,3,5,5,2,2,3,3,2,5,2,23.9,23.7,22.5,20.5,18.3,14.8,15.0,17.9,21.8,24.3,24.8,24.6,"['Long trip', 'One week']",0,0,0,1,1,0,-3.7150152536588466,-0.16192587696432964,Natura i przygoda
d521e276-3af5-4538-b17b-a1c8836d15b7,Memphis,United States,north_america,"Blues music fills the air as you wander through lively streets, savoring the aroma of smoky barbecue and the warmth of Southern hospitality.",35.1460249,-90.0517638,"{""1"":{""avg"":5.6,""max"":10.4,""min"":0.9},""2"":{""avg"":8,""max"":13.2,""min"":2.9},""3"":{""avg"":13.2,""max"":18.5,""min"":7.8},""4"":{""avg"":17,""max"":22.5,""min"":11.6},""5"":{""avg"":22.4,""max"":27.7,""min"":17.4},""6"":{""avg"":26.7,""max"":31.9,""min"":21.7},""7"":{""avg"":28.4,""max"":33.4,""min"":23.8},""8"":{""avg"":27.6,""max"":32.7,""min"":22.8},""9"":{""avg"":25.2,""max"":30.6,""min"":20},""10"":{""avg"":18.8,""max"":24.6,""min"":13.2},""11"":{""avg"":12.1,""max"":17.7,""min"":6.7},""12"":{""avg"":8.8,""max"":13.6,""min"":4}}","[""Short trip"",""Weekend"",""One week""]",Mid-range,4,3,2,1,4,4,3,3,2,2,5.6,8.0,13.2,17.0,22.4,26.7,28.4,27.6,25.2,18.8,12.1,8.8,"['Short trip', 'Weekend', 'One week']",0,1,1,1,0,1,1.9018056098208427,-0.4510683601085148,Miejskie i kulturowe
bee0bdaf-43b3-4d6e-80a3-eebf8cccb1cc,Ashgabat,Turkmenistan,asia,"Marble-clad buildings rise against a backdrop of desert landscapes, offering a surreal blend of modernity and tradition with a touch of mystery.",37.9404648,58.3823487,"{""1"":{""avg"":4.4,""max"":9.6,""min"":-0.2},""2"":{""avg"":6.7,""max"":12,""min"":2.6},""3"":{""avg"":12.3,""max"":18,""min"":7.4},""4"":{""avg"":18.6,""max"":24.4,""min"":13.2},""5"":{""avg"":25,""max"":30.6,""min"":18.6},""6"":{""avg"":31.2,""max"":37,""min"":24.4},""7"":{""avg"":33,""max"":39,""min"":26.4},""8"":{""avg"":30.6,""max"":36.7,""min"":23.5},""9"":{""avg"":25.3,""max"":31.8,""min"":18.3},""10"":{""avg"":17.1,""max"":23.4,""min"":11.6},""11"":{""avg"":10,""max"":15.9,""min"":5.7},""12"":{""avg"":5.1,""max"":9.7,""min"":1.2}}","[""One week"",""Short trip""]",Luxury,3,2,2,1,2,3,2,3,4,3,4.4,6.7,12.3,18.6,25.0,31.2,33.0,30.6,25.3,17.1,10.0,5.1,"['One week', 'Short trip']",0,0,1,1,0,2,-0.1525587783819512,-2.980748579400133,Spokojne kierunki kulturowe
456e0998-8b34-4b5a-8898-fdd801f472a4,Tulum,Mexico,north_america,"Pristine beaches with turquoise waters meet ancient ruins and vibrant jungle, creating an inviting blend of relaxation and adventure.",20.429647,-87.6529306,"{""1"":{""avg"":23.9,""max"":30.9,""min"":18.5},""2"":{""avg"":24.9,""max"":32.4,""min"":18.9},""3"":{""avg"":26.8,""max"":34.8,""min"":20.4},""4"":{""avg"":28.8,""max"":36.8,""min"":22.2},""5"":{""avg"":29.2,""max"":36.9,""min"":23.7},""6"":{""avg"":28.7,""max"":35.5,""min"":24.1},""7"":{""avg"":28.8,""max"":36.1,""min"":23.9},""8"":{""avg"":28.6,""max"":36,""min"":23.7},""9"":{""avg"":28.5,""max"":35.8,""min"":23.6},""10"":{""avg"":27.2,""max"":33.9,""min"":22.7},""11"":{""avg"":25.7,""max"":32.1,""min"":20.9},""12"":{""avg"":24.8,""max"":30.8,""min"":19.2}}","[""One week"",""Short trip"",""Weekend""]",Mid-range,3,4,4,5,3,4,5,2,4,2,23.9,24.9,26.8,28.8,29.2,28.7,28.8,28.6,28.5,27.2,25.7,24.8,"['One week', 'Short trip', 'Weekend']",0,1,1,1,0,3,-2.000159616774355,3.140774915794354,"Plaże, natura i relaks"
a7573be8-bfc0-479c-9baa-7d824d1f9315,Honolulu,United States,oceania,"Golden beaches meet vibrant city life, where the scent of plumeria and the sounds of ukulele create a laid-back, tropical vibe.",21.304547,-157.855676,"{""1"":{""avg"":23.6,""max"":27.5,""min"":19.9},""2"":{""avg"":23.5,""max"":27.3,""min"":19.9},""3"":{""avg"":23.8,""max"":27.5,""min"":20.4},""4"":{""avg"":24.8,""max"":28.6,""min"":21.6},""5"":{""avg"":25.5,""max"":29.4,""min"":22.2},""6"":{""avg"":26.6,""max"":30.6,""min"":23.3},""7"":{""avg"":27.4,""max"":31.2,""min"":24.4},""8"":{""avg"":27.6,""max"":31.6,""min"":24.5},""9"":{""avg"":27.5,""max"":31.5,""min"":24.2},""10"":{""avg"":26.7,""max"":30.6,""min"":23.4},""11"":{""avg"":25.7,""max"":29.3,""min"":22.5},""12"":{""avg"":24.2,""max"":27.9,""min"":21}}","[""Long trip"",""Short trip"",""One week""]",Luxury,4,4,5,5,4,4,4,4,2,3,23.6,23.5,23.8,24.8,25.5,26.6,27.4,27.6,27.5,26.7,25.7,24.2,"['Long trip', 'Short trip', 'One week']",0,0,1,1,1,3,0.10424743346221327,3.0827960783801887,"Plaże, natura i relaks"
232e9cad-e761-42b2-ad5d-eac5c63500ff,Tashkent,Uzbekistan,asia,"Wide avenues lined with Soviet-era architecture meet vibrant bazaars, creating a unique blend of history and lively local culture.",41.3123363,69.2787079,"{""1"":{""avg"":3.2,""max"":8,""min"":-0.1},""2"":{""avg"":6,""max"":11.2,""min"":2.1},""3"":{""avg"":11.3,""max"":16.7,""min"":6.7},""4"":{""avg"":17.1,""max"":22.9,""min"":11.5},""5"":{""avg"":22.9,""max"":29,""min"":16.3},""6"":{""avg"":28.2,""max"":34.8,""min"":20.2},""7"":{""avg"":30.4,""max"":37.4,""min"":22.5},""8"":{""avg"":27.6,""max"":34.7,""min"":19.7},""9"":{""avg"":22.3,""max"":29.6,""min"":14.9},""10"":{""avg"":14.7,""max"":21.2,""min"":9},""11"":{""avg"":7.9,""max"":13.7,""min"":3.5},""12"":{""avg"":3.7,""max"":8.7,""min"":0.4}}","[""Short trip"",""Weekend"",""One week""]",Budget,4,3,3,1,3,4,3,3,2,1,3.2,6.0,11.3,17.1,22.9,28.2,30.4,27.6,22.3,14.7,7.9,3.7,"['Short trip', 'Weekend', 'One week']",0,1,1,1,0,1,1.0679140935311782,-0.6508024459065643,Miejskie i kulturowe
6c7cf28b-e9b3-4620-985e-e51fb626aa64,Yangshuo,China,asia,Lush karst mountains and tranquil rivers create a serene backdrop for cycling through rice paddies and exploring vibrant local markets.,24.8630286,110.4871831,"{""1"":{""avg"":9.9,""max"":14.3,""min"":6.5},""2"":{""avg"":11,""max"":15.3,""min"":7.5},""3"":{""avg"":15.6,""max"":20.2,""min"":12.1},""4"":{""avg"":20.2,""max"":25,""min"":16.5},""5"":{""avg"":24.1,""max"":28.7,""min"":20.6},""6"":{""avg"":26.8,""max"":31.3,""min"":23.8},""7"":{""avg"":28.8,""max"":34,""min"":24.9},""8"":{""avg"":28.6,""max"":34.3,""min"":24.8},""9"":{""avg"":27.2,""max"":32.9,""min"":22.8},""10"":{""avg"":21.7,""max"":27.3,""min"":17.3},""11"":{""avg"":16.7,""max"":21.9,""min"":12.7},""12"":{""avg"":10.8,""max"":15.8,""min"":6.8}}","[""One week"",""Short trip"",""Weekend""]",Budget,3,4,5,2,2,3,3,2,4,1,9.9,11.0,15.6,20.2,24.1,26.8,28.8,28.6,27.2,21.7,16.7,10.8,"['One week', 'Short trip', 'Weekend']",0,1,1,1,0,0,-2.8895782842060482,-0.43525780343990095,Natura i przygoda
cdc43353-203d-43ea-91ec-ccdff3e15160,Kuala Lumpur,Malaysia,asia,"Bustling streets filled with diverse aromas and vibrant markets create a lively atmosphere, blending modern skyscrapers with rich cultural heritage.",3.1526589,101.7022205,"{""1"":{""avg"":27.5,""max"":32.4,""min"":24.3},""2"":{""avg"":28.2,""max"":33.4,""min"":24.5},""3"":{""avg"":28.4,""max"":33.6,""min"":24.9},""4"":{""avg"":28.6,""max"":33.8,""min"":25.1},""5"":{""avg"":28.7,""max"":33.4,""min"":25.3},""6"":{""avg"":28.4,""max"":32.6,""min"":25},""7"":{""avg"":28.4,""max"":32.5,""min"":24.8},""8"":{""avg"":28.3,""max"":32.7,""min"":24.6},""9"":{""avg"":27.9,""max"":32.4,""min"":24.4},""10"":{""avg"":27.9,""max"":32.6,""min"":24.6},""11"":{""avg"":27.4,""max"":32,""min"":24.4},""12"":{""avg"":27.4,""max"":32,""min"":24.4}}","[""Short trip"",""One week""]",Mid-range,4,3,3,2,4,5,3,5,2,2,27.5,28.2,28.4,28.6,28.7,28.4,28.4,28.3,27.9,27.9,27.4,27.4,"['Short trip', 'One week']",0,0,1,1,0,1,2.707170825833457,0.8194842927128575,Miejskie i kulturowe
2a2808ca-2382-4d3e-b28b-af9837c5a3f7,Cornwall,United Kingdom,europe,"Rugged coastlines, charming villages, and sweeping beaches offer a sense of tranquility and timeless beauty, perfect for unwinding and exploring.",50.4433489,-4.62465658489158,"{""1"":{""avg"":7.1,""max"":9.1,""min"":5},""2"":{""avg"":8.1,""max"":10.1,""min"":5.9},""3"":{""avg"":9,""max"":11,""min"":7},""4"":{""avg"":10,""max"":12.9,""min"":7.2},""5"":{""avg"":12.6,""max"":15.5,""min"":9.7},""6"":{""avg"":15.1,""max"":17.8,""min"":12.4},""7"":{""avg"":16.8,""max"":19.6,""min"":14.1},""8"":{""avg"":17.1,""max"":19.6,""min"":14.7},""9"":{""avg"":15.7,""max"":18.2,""min"":13.2},""10"":{""avg"":13,""max"":15.1,""min"":10.9},""11"":{""avg"":10.4,""max"":12,""min"":8.6},""12"":{""avg"":9.1,""max"":10.6,""min"":7.4}}","[""Weekend"",""One week"",""Short trip""]",Mid-range,3,4,5,5,2,3,3,2,4,2,7.1,8.1,9.0,10.0,12.6,15.1,16.8,17.1,15.7,13.0,10.4,9.1,"['Weekend', 'One week', 'Short trip']",0,1,1,1,0,0,-3.1926092162457396,0.6532551267921965,Natura i przygoda
6ee0fe94-2e9b-46ef-8bfc-5e218132332b,Dhaka,Bangladesh,asia,"A whirlwind of vibrant street life, bustling markets, and a rich tapestry of history and culture, offering endless sensory experiences.",23.7643863,90.3890144,"{""1"":{""avg"":18.7,""max"":24.7,""min"":14.7},""2"":{""avg"":21.8,""max"":28.2,""min"":17.3},""3"":{""avg"":26.8,""max"":32.8,""min"":21.9},""4"":{""avg"":28.8,""max"":34.7,""min"":24.9},""5"":{""avg"":29.5,""max"":34.3,""min"":25.7},""6"":{""avg"":29.4,""max"":33.2,""min"":26.7},""7"":{""avg"":29.4,""max"":33.1,""min"":27.2},""8"":{""avg"":29.4,""max"":33.1,""min"":27.1},""9"":{""avg"":29.5,""max"":33.5,""min"":26.8},""10"":{""avg"":28,""max"":32.4,""min"":25},""11"":{""avg"":24.6,""max"":30.4,""min"":20.5},""12"":{""avg"":20.5,""max"":26.1,""min"":16.6}}","[""Short trip"",""One week""]",Budget,4,2,2,1,3,4,2,3,1,1,18.7,21.8,26.8,28.8,29.5,29.4,29.4,29.4,29.5,28.0,24.6,20.5,"['Short trip', 'One week']",0,0,1,1,0,1,2.412663904451608,-2.0654916056258124,Miejskie i kulturowe
df941b8b-5907-43b3-bd73-505845313873,Seattle,United States,north_america,"A city where misty mornings blend with vibrant markets and lush green spaces, offering a cozy yet dynamic urban experience.",47.6038321,-122.330062,"{""1"":{""avg"":6,""max"":8.9,""min"":3.2},""2"":{""avg"":6,""max"":9.1,""min"":3.1},""3"":{""avg"":8.1,""max"":12.3,""min"":4.4},""4"":{""avg"":10.9,""max"":15,""min"":7},""5"":{""avg"":14.7,""max"":19.3,""min"":10.6},""6"":{""avg"":17.5,""max"":22.3,""min"":13.1},""7"":{""avg"":20.4,""max"":25.8,""min"":15.6},""8"":{""avg"":20.4,""max"":25.7,""min"":15.7},""9"":{""avg"":17.1,""max"":21.7,""min"":13.1},""10"":{""avg"":12.2,""max"":16.2,""min"":8.8},""11"":{""avg"":8,""max"":11,""min"":5},""12"":{""avg"":5.5,""max"":8.1,""min"":3}}","[""One week"",""Short trip""]",Luxury,4,3,4,2,3,4,3,5,2,3,6.0,6.0,8.1,10.9,14.7,17.5,20.4,20.4,17.1,12.2,8.0,5.5,"['One week', 'Short trip']",0,0,1,1,0,1,1.3596959662031756,0.20432033408423403,Miejskie i kulturowe
48a8a9bd-7834-4db5-931e-151691e32ada,Bishkek,Kyrgyzstan,asia,Wide boulevards lined with Soviet-era architecture and bustling bazaars create a unique blend of history and vibrant local life.,42.8777895,74.6066926,"{""1"":{""avg"":-1.5,""max"":4.5,""min"":-6},""2"":{""avg"":1.5,""max"":8,""min"":-2.9},""3"":{""avg"":7.8,""max"":13.5,""min"":2.6},""4"":{""avg"":13.8,""max"":20.1,""min"":8.1},""5"":{""avg"":18.8,""max"":25.1,""min"":12.3},""6"":{""avg"":24.2,""max"":31.2,""min"":17.2},""7"":{""avg"":27,""max"":34.3,""min"":20.1},""8"":{""avg"":24.5,""max"":31.5,""min"":17.7},""9"":{""avg"":19,""max"":26.2,""min"":11.8},""10"":{""avg"":11.2,""max"":17.4,""min"":5.2},""11"":{""avg"":3.8,""max"":9.8,""min"":-0.6},""12"":{""avg"":-0.5,""max"":4.6,""min"":-5.3}}","[""Short trip"",""Weekend""]",Budget,3,4,4,1,3,3,2,3,4,1,-1.5,1.5,7.8,13.8,18.8,24.2,27.0,24.5,19.0,11.2,3.8,-0.5,"['Short trip', 'Weekend']",0,1,1,0,0,2,-1.4598676297869992,-1.390986366977723,Spokojne kierunki kulturowe
e0fba8c3-0e00-421a-8a31-c5001184dc97,Siem Reap,Cambodia,asia,"Ancient temples rise through the jungle mist, while bustling markets and vibrant street food create a lively, sensory-rich experience.",13.3617562,103.8590321,"{""1"":{""avg"":25.8,""max"":31.2,""min"":21.1},""2"":{""avg"":27.4,""max"":32.9,""min"":22.7},""3"":{""avg"":29.4,""max"":35,""min"":24.6},""4"":{""avg"":30.4,""max"":35.9,""min"":26.2},""5"":{""avg"":29.7,""max"":34.8,""min"":25.9},""6"":{""avg"":29.1,""max"":33.7,""min"":25.8},""7"":{""avg"":28.4,""max"":32.7,""min"":25.2},""8"":{""avg"":28.2,""max"":32.2,""min"":25.4},""9"":{""avg"":27.7,""max"":31.2,""min"":25.2},""10"":{""avg"":27.6,""max"":31.1,""min"":24.9},""11"":{""avg"":27.3,""max"":31.3,""min"":24},""12"":{""avg"":25.9,""max"":30.7,""min"":21.9}}","[""Short trip"",""Weekend"",""One week""]",Budget,5,3,4,1,3,4,3,3,3,1,25.8,27.4,29.4,30.4,29.7,29.1,28.4,28.2,27.7,27.6,27.3,25.9,"['Short trip', 'Weekend', 'One week']",0,1,1,1,0,2,0.6155135059835892,-0.8063620697658448,Spokojne kierunki kulturowe
066b90ea-034a-48e3-9011-d2095c02efaa,Valdivia,Chile,south_america,"Riverside charm and lush green landscapes create a serene atmosphere, with the scent of fresh seafood and the sound of birdsong nearby.",-39.8141262,-73.2459859,"{""1"":{""avg"":16.7,""max"":25.2,""min"":7.8},""2"":{""avg"":16.5,""max"":25.8,""min"":7.8},""3"":{""avg"":13.3,""max"":21.8,""min"":6},""4"":{""avg"":11,""max"":17.8,""min"":5.7},""5"":{""avg"":8.9,""max"":13.8,""min"":4.8},""6"":{""avg"":7.4,""max"":11.6,""min"":4.7},""7"":{""avg"":7,""max"":10.9,""min"":3.5},""8"":{""avg"":7.5,""max"":12.4,""min"":2.9},""9"":{""avg"":8.6,""max"":14.7,""min"":2.6},""10"":{""avg"":10.5,""max"":18,""min"":4},""11"":{""avg"":12.9,""max"":19.9,""min"":6.6},""12"":{""avg"":15,""max"":23.5,""min"":7.2}}","[""Short trip"",""Weekend"",""One week""]",Mid-range,3,4,4,3,3,4,3,3,4,2,16.7,16.5,13.3,11.0,8.9,7.4,7.0,7.5,8.6,10.5,12.9,15.0,"['Short trip', 'Weekend', 'One week']",0,1,1,1,0,3,-1.2258175378856253,0.6862967078610163,"Plaże, natura i relaks"
3f3f5613-56d6-464b-a1de-437c2246292b,Salta,Argentina,south_america,"Stunning mountain landscapes, vibrant local markets, and the warmth of traditional folklore create an inviting and colorful atmosphere.",-25.1076701,-64.3494964,"{""1"":{""avg"":21.4,""max"":28,""min"":14.8},""2"":{""avg"":20.3,""max"":27,""min"":13.6},""3"":{""avg"":19.5,""max"":25,""min"":14},""4"":{""avg"":16.6,""max"":22.9,""min"":10.3},""5"":{""avg"":13.1,""max"":20.3,""min"":8.1},""6"":{""avg"":10.6,""max"":19.8,""min"":4.5},""7"":{""avg"":10.1,""max"":19.9,""min"":2.9},""8"":{""avg"":12.7,""max"":22.7,""min"":4.8},""9"":{""avg"":15.1,""max"":24.7,""min"":7.7},""10"":{""avg"":19.1,""max"":26.9,""min"":11.3},""11"":{""avg"":20.5,""max"":27.6,""min"":13.4},""12"":{""avg"":21.5,""max"":28.4,""min"":14.6}}","[""One week"",""Short trip"",""Weekend""]",Mid-range,4,4,5,1,3,4,3,3,4,2,21.4,20.3,19.5,16.6,13.1,10.6,10.1,12.7,15.1,19.1,20.5,21.5,"['One week', 'Short trip', 'Weekend']",0,1,1,1,0,2,-1.0586604013857033,-0.08102504306841779,Spokojne kierunki kulturowe
92098031-bc52-4fac-b1df-2dfe76a8de6c,Split,Croatia,europe,Wander through ancient stone streets where the Adriatic breeze mingles with lively chatter and the scent of fresh seafood from bustling markets.,43.5116383,16.4399659,"{""1"":{""avg"":8.6,""max"":10.9,""min"":6.2},""2"":{""avg"":10.1,""max"":12.8,""min"":7.5},""3"":{""avg"":11.7,""max"":15,""min"":8.8},""4"":{""avg"":15.4,""max"":18.8,""min"":11.9},""5"":{""avg"":20,""max"":23.4,""min"":16.4},""6"":{""avg"":25.4,""max"":29.1,""min"":21.3},""7"":{""avg"":28.4,""max"":32.3,""min"":24},""8"":{""avg"":28,""max"":32,""min"":24},""9"":{""avg"":22.9,""max"":26.5,""min"":19.5},""10"":{""avg"":18.4,""max"":21.3,""min"":15.5},""11"":{""avg"":13.9,""max"":16.3,""min"":11.4},""12"":{""avg"":10.4,""max"":12.7,""min"":8.2}}","[""Short trip"",""Weekend"",""One week""]",Mid-range,4,3,4,4,4,4,3,3,3,2,8.6,10.1,11.7,15.4,20.0,25.4,28.4,28.0,22.9,18.4,13.9,10.4,"['Short trip', 'Weekend', 'One week']",0,1,1,1,0,3,0.2976371523170681,0.9338900464861577,"Plaże, natura i relaks"
a49ee9f6-6273-4716-9985-1ebffd5c328c,Galápagos Islands,Ecuador,south_america,"Pristine landscapes teeming with unique wildlife create an atmosphere of untouched beauty, where every moment feels like an intimate encounter with nature.",-0.62881505,-90.3638752022324,"{""1"":{""avg"":25.7,""max"":29.8,""min"":22.9},""2"":{""avg"":26.6,""max"":30.1,""min"":24.1},""3"":{""avg"":26.8,""max"":30.4,""min"":24.2},""4"":{""avg"":26.1,""max"":29.5,""min"":23.8},""5"":{""avg"":25.8,""max"":29.6,""min"":23.4},""6"":{""avg"":24.5,""max"":28.1,""min"":22.2},""7"":{""avg"":24,""max"":27.8,""min"":21.6},""8"":{""avg"":23.6,""max"":27.4,""min"":21.1},""9"":{""avg"":23.1,""max"":27,""min"":20.8},""10"":{""avg"":23.1,""max"":27.1,""min"":20.6},""11"":{""avg"":23.2,""max"":27.2,""min"":20.5},""12"":{""avg"":24.4,""max"":28.5,""min"":21.9}}","[""Long trip"",""One week""]",Luxury,3,5,5,4,1,3,2,1,5,3,25.7,26.6,26.8,26.1,25.8,24.5,24.0,23.6,23.1,23.1,23.2,24.4,"['Long trip', 'One week']",0,0,0,1,1,0,-4.648910747210713,-0.9208948184462523,Natura i przygoda
ae00c442-bbff-44db-9385-f8af3eda88b4,Florence,Italy,europe,"Cobblestone streets filled with art, the aroma of fresh espresso, and vibrant piazzas create a captivating blend of history and modern life.",43.7697955,11.2556404,"{""1"":{""avg"":6.8,""max"":11.3,""min"":2.9},""2"":{""avg"":9.4,""max"":14.7,""min"":4.8},""3"":{""avg"":11.7,""max"":17.3,""min"":6.3},""4"":{""avg"":14,""max"":19.9,""min"":8.3},""5"":{""avg"":18.2,""max"":23.7,""min"":12.7},""6"":{""avg"":23.4,""max"":29.7,""min"":16.9},""7"":{""avg"":26.6,""max"":33.6,""min"":19.4},""8"":{""avg"":26.7,""max"":33.8,""min"":19.6},""9"":{""avg"":22.2,""max"":28.6,""min"":16.2},""10"":{""avg"":16.7,""max"":22.4,""min"":12},""11"":{""avg"":11.9,""max"":16.4,""min"":7.8},""12"":{""avg"":8.2,""max"":12.3,""min"":4.5}}","[""Weekend"",""One week"",""Short trip""]",Mid-range,5,2,3,1,3,5,3,4,2,2,6.8,9.4,11.7,14.0,18.2,23.4,26.6,26.7,22.2,16.7,11.9,8.2,"['Weekend', 'One week', 'Short trip']",0,1,1,1,0,1,2.813630227535227,-0.7258905322061573,Miejskie i kulturowe
30c3bd69-5bec-4c0b-b009-bd322b13d554,Philadelphia,United States,north_america,"Historic cobblestone streets meet a vibrant arts scene, with lively markets and diverse neighborhoods creating a welcoming and dynamic urban experience.",39.9527237,-75.1635262,"{""1"":{""avg"":1.9,""max"":5.7,""min"":-2.1},""2"":{""avg"":3.5,""max"":8,""min"":-1},""3"":{""avg"":7.7,""max"":12.3,""min"":2.5},""4"":{""avg"":13,""max"":18.4,""min"":7.7},""5"":{""avg"":18.3,""max"":23.7,""min"":13.2},""6"":{""avg"":23.4,""max"":28.6,""min"":18.4},""7"":{""avg"":26.7,""max"":31.6,""min"":22.1},""8"":{""avg"":25.7,""max"":30.4,""min"":21.2},""9"":{""avg"":22,""max"":26.9,""min"":17.5},""10"":{""avg"":15.9,""max"":20.6,""min"":11.2},""11"":{""avg"":9.3,""max"":14,""min"":4.4},""12"":{""avg"":5,""max"":8.9,""min"":1}}","[""Short trip"",""Weekend"",""One week""]",Mid-range,4,2,3,1,4,4,3,4,2,2,1.9,3.5,7.7,13.0,18.3,23.4,26.7,25.7,22.0,15.9,9.3,5.0,"['Short trip', 'Weekend', 'One week']",0,1,1,1,0,1,2.28520146256778,-0.48958121901682605,Miejskie i kulturowe
04624f1d-9d64-4b83-a228-9914ef03c43e,Bordeaux,France,europe,"Strolling through sun-dappled streets, you'll find stunning architecture, vibrant markets, and the rich aroma of freshly baked baguettes filling the air.",44.841225,-0.5800364,"{""1"":{""avg"":6.9,""max"":10.7,""min"":3.9},""2"":{""avg"":8.5,""max"":13.3,""min"":4.8},""3"":{""avg"":10.5,""max"":15.6,""min"":6.5},""4"":{""avg"":13.2,""max"":18.9,""min"":8.4},""5"":{""avg"":16.5,""max"":22,""min"":11.6},""6"":{""avg"":20.2,""max"":25.9,""min"":15.3},""7"":{""avg"":22.2,""max"":28.3,""min"":16.9},""8"":{""avg"":22.1,""max"":28.7,""min"":16.7},""9"":{""avg"":19,""max"":25.3,""min"":14.1},""10"":{""avg"":15.2,""max"":20.5,""min"":11.2},""11"":{""avg"":10.5,""max"":14.9,""min"":7.2},""12"":{""avg"":8.3,""max"":12.2,""min"":5.5}}","[""Short trip"",""Weekend"",""One week""]",Mid-range,4,2,3,2,3,5,3,4,3,2,6.9,8.5,10.5,13.2,16.5,20.2,22.2,22.1,19.0,15.2,10.5,8.3,"['Short trip', 'Weekend', 'One week']",0,1,1,1,0,1,1.8881460876393015,-0.23014026638175683,Miejskie i kulturowe
4b7bab82-52b8-4827-a591-750c48a47f39,Strasbourg,France,europe,"Charming cobblestone streets lined with half-timbered houses, the aroma of freshly baked pastries, and the gentle flow of the canals create a fairy-tale ambiance.",48.584614,7.7507127,"{""1"":{""avg"":3.2,""max"":6.4,""min"":0.4},""2"":{""avg"":4.9,""max"":9.2,""min"":1.2},""3"":{""avg"":7.7,""max"":13.3,""min"":2.9},""4"":{""avg"":11.2,""max"":17.4,""min"":5.6},""5"":{""avg"":15.6,""max"":21.4,""min"":10.1},""6"":{""avg"":20.1,""max"":26.2,""min"":14.4},""7"":{""avg"":21.5,""max"":28.1,""min"":15.3},""8"":{""avg"":21.1,""max"":27.8,""min"":15.3},""9"":{""avg"":16.7,""max"":23.3,""min"":11.4},""10"":{""avg"":12,""max"":17.4,""min"":7.7},""11"":{""avg"":6.8,""max"":10.2,""min"":3.8},""12"":{""avg"":4.4,""max"":7.4,""min"":1.9}}","[""Short trip"",""Weekend"",""One week""]",Mid-range,5,2,3,1,3,4,3,4,3,2,3.2,4.9,7.7,11.2,15.6,20.1,21.5,21.1,16.7,12.0,6.8,4.4,"['Short trip', 'Weekend', 'One week']",0,1,1,1,0,1,1.8825097815068925,-1.2552335647879755,Miejskie i kulturowe
5b04742c-8938-413a-9050-370d3bc3115b,Palau,Palau,oceania,"Crystal-clear waters teeming with marine life, lush forests, and a serene atmosphere offer a tranquil escape for nature lovers and adventurers alike.",5.3783537,132.9102573,"{""1"":{""avg"":26.8,""max"":27.8,""min"":25.8},""2"":{""avg"":26.7,""max"":27.6,""min"":25.7},""3"":{""avg"":26.9,""max"":27.8,""min"":25.9},""4"":{""avg"":27.1,""max"":28.2,""min"":26.1},""5"":{""avg"":27.1,""max"":28.2,""min"":26},""6"":{""avg"":26.9,""max"":28,""min"":25.7},""7"":{""avg"":26.8,""max"":27.9,""min"":25.6},""8"":{""avg"":26.8,""max"":27.9,""min"":25.6},""9"":{""avg"":26.9,""max"":28,""min"":25.7},""10"":{""avg"":27,""max"":28.1,""min"":25.9},""11"":{""avg"":27.1,""max"":28.2,""min"":26},""12"":{""avg"":27,""max"":28,""min"":26}}","[""Long trip"",""One week""]",Luxury,3,5,5,5,2,3,3,2,4,3,26.8,26.7,26.9,27.1,27.1,26.9,26.8,26.8,26.9,27.0,27.1,27.0,"['Long trip', 'One week']",0,0,0,1,1,0,-3.6005090830108215,1.0405002130190122,Natura i przygoda
2302c9dd-263d-434c-8adf-cab28e3ba21d,St. George's,Grenada,north_america,"Colorful streets wind around a picturesque harbor, where the scent of spices mingles with the sea breeze, creating a vibrant, laid-back charm.",12.0535331,-61.751805,"{""1"":{""avg"":26.7,""max"":29.6,""min"":24.2},""2"":{""avg"":26.7,""max"":29.6,""min"":24.4},""3"":{""avg"":27,""max"":29.8,""min"":24.8},""4"":{""avg"":27.6,""max"":30,""min"":25.5},""5"":{""avg"":28.3,""max"":30.5,""min"":26.5},""6"":{""avg"":28.2,""max"":30.4,""min"":26.2},""7"":{""avg"":28.2,""max"":30.6,""min"":26},""8"":{""avg"":28.4,""max"":30.9,""min"":26},""9"":{""avg"":28.9,""max"":31.4,""min"":26.5},""10"":{""avg"":28.5,""max"":31.1,""min"":26},""11"":{""avg"":27.9,""max"":30.6,""min"":25.6},""12"":{""avg"":27.1,""max"":30,""min"":24.7}}","[""Short trip"",""Weekend"",""One week""]",Mid-range,3,3,4,5,3,4,4,2,4,2,26.7,26.7,27.0,27.6,28.3,28.2,28.2,28.4,28.9,28.5,27.9,27.1,"['Short trip', 'Weekend', 'One week']",0,1,1,1,0,3,-1.514747119929825,1.817351914380771,"Plaże, natura i relaks"
0db57fc8-4359-415e-b18c-9b9da6d98e3d,Debrecen,Hungary,europe,"Tree-lined streets, charming squares, and a blend of old-world charm with modern vibrancy create a welcoming and relaxed atmosphere.",47.531399,21.6259782,"{""1"":{""avg"":0.2,""max"":3.7,""min"":-2.1},""2"":{""avg"":3.1,""max"":7.7,""min"":-0.7},""3"":{""avg"":6.6,""max"":11.8,""min"":1.5},""4"":{""avg"":11.7,""max"":17.5,""min"":5.7},""5"":{""avg"":16.6,""max"":22.4,""min"":10.7},""6"":{""avg"":21.6,""max"":27.2,""min"":15.8},""7"":{""avg"":23,""max"":29.4,""min"":17},""8"":{""avg"":23.2,""max"":29.7,""min"":16.8},""9"":{""avg"":17.8,""max"":24,""min"":12},""10"":{""avg"":11.7,""max"":17.7,""min"":6.6},""11"":{""avg"":5.8,""max"":9.9,""min"":2.6},""12"":{""avg"":2,""max"":4.5,""min"":-0.7}}","[""Short trip"",""Weekend""]",Budget,3,2,3,1,3,3,3,3,3,1,0.2,3.1,6.6,11.7,16.6,21.6,23.0,23.2,17.8,11.7,5.8,2.0,"['Short trip', 'Weekend']",0,1,1,0,0,2,0.13775678773961508,-1.320564782550253,Spokojne kierunki kulturowe
56bbfddd-b9ea-4b44-a2bc-61b45baba7d7,Jaipur,India,asia,"A tapestry of vibrant colors and bustling markets, where ancient forts and palaces echo the grandeur of a rich cultural heritage.",26.9154576,75.8189817,"{""1"":{""avg"":15.5,""max"":22.1,""min"":9.2},""2"":{""avg"":20.3,""max"":27.8,""min"":13.3},""3"":{""avg"":25.5,""max"":32.3,""min"":18.8},""4"":{""avg"":31,""max"":37.9,""min"":24.3},""5"":{""avg"":34.1,""max"":41,""min"":27.3},""6"":{""avg"":33.4,""max"":39.8,""min"":28.5},""7"":{""avg"":30,""max"":35.6,""min"":26.8},""8"":{""avg"":28.6,""max"":33.3,""min"":25.4},""9"":{""avg"":29.1,""max"":34.6,""min"":25.3},""10"":{""avg"":27.9,""max"":34.1,""min"":21.8},""11"":{""avg"":22.3,""max"":29.6,""min"":16.1},""12"":{""avg"":17.1,""max"":24.3,""min"":10.5}}","[""Short trip"",""Weekend"",""One week""]",Budget,5,3,3,1,3,4,3,3,2,1,15.5,20.3,25.5,31.0,34.1,33.4,30.0,28.6,29.1,27.9,22.3,17.1,"['Short trip', 'Weekend', 'One week']",0,1,1,1,0,1,1.4748508200594892,-0.8976282280715102,Miejskie i kulturowe
1d7edb41-df70-4877-ac88-c1baaa72b923,Crete,Greece,europe,"Sun-drenched beaches, ancient ruins, and vibrant local markets create a tapestry of experiences that feel both timeless and refreshingly alive.",35.3084952,24.46334231842296,"{""1"":{""avg"":11.1,""max"":14.5,""min"":8.5},""2"":{""avg"":12,""max"":15.1,""min"":8.6},""3"":{""avg"":13.6,""max"":17.6,""min"":9.8},""4"":{""avg"":16.5,""max"":20.6,""min"":12.4},""5"":{""avg"":20.4,""max"":24.7,""min"":16.2},""6"":{""avg"":24.9,""max"":29.3,""min"":20.8},""7"":{""avg"":27.3,""max"":31.3,""min"":22.7},""8"":{""avg"":26.9,""max"":31.2,""min"":22.9},""9"":{""avg"":24.1,""max"":28.2,""min"":20.2},""10"":{""avg"":20,""max"":23.8,""min"":16.7},""11"":{""avg"":16.6,""max"":20.1,""min"":13.7},""12"":{""avg"":12.8,""max"":16.6,""min"":10.7}}","[""Long trip"",""Short trip"",""One week""]",Mid-range,4,4,5,5,3,5,4,3,4,2,11.1,12.0,13.6,16.5,20.4,24.9,27.3,26.9,24.1,20.0,16.6,12.8,"['Long trip', 'Short trip', 'One week']",0,0,1,1,1,3,-1.0266309308441233,2.72193331859172,"Plaże, natura i relaks"
dbac5f44-f433-4f28-b05c-e9b193b346c0,Baltimore,United States,north_america,"Historic cobblestone streets meet vibrant waterfronts, offering a lively mix of seafood aromas, street art, and a welcoming, laid-back vibe.",39.2908816,-76.610759,"{""1"":{""avg"":2.5,""max"":6.5,""min"":-1.4},""2"":{""avg"":4.3,""max"":8.8,""min"":0},""3"":{""avg"":7.9,""max"":13.6,""min"":2},""4"":{""avg"":14,""max"":19.2,""min"":9.2},""5"":{""avg"":19.4,""max"":24,""min"":15},""6"":{""avg"":24.1,""max"":28.9,""min"":19.4},""7"":{""avg"":26.9,""max"":31.9,""min"":22.2},""8"":{""avg"":26,""max"":30.6,""min"":21.9},""9"":{""avg"":22.3,""max"":27,""min"":17.8},""10"":{""avg"":16.4,""max"":21.2,""min"":11.9},""11"":{""avg"":9.7,""max"":14.5,""min"":5.1},""12"":{""avg"":5.2,""max"":9.6,""min"":0.8}}","[""Short trip"",""Weekend"",""One week""]",Mid-range,4,3,3,2,4,4,3,4,2,2,2.5,4.3,7.9,14.0,19.4,24.1,26.9,26.0,22.3,16.4,9.7,5.2,"['Short trip', 'Weekend', 'One week']",0,1,1,1,0,1,1.776291285122801,0.2605015106206888,Miejskie i kulturowe
c9154e0a-44ac-4562-aa0e-3081d51e1730,Madang,Papua New Guinea,oceania,"Tropical breezes, vibrant coral reefs, and lush rainforests create a serene paradise where nature and local culture warmly embrace visitors.",-5.0,145.5,"{""1"":{""avg"":26.2,""max"":30.7,""min"":23.4},""2"":{""avg"":25.9,""max"":30.3,""min"":23.5},""3"":{""avg"":26.1,""max"":30.4,""min"":23.4},""4"":{""avg"":26,""max"":30.1,""min"":23.5},""5"":{""avg"":26.2,""max"":29.9,""min"":23.9},""6"":{""avg"":25.9,""max"":29.6,""min"":23.4},""7"":{""avg"":26,""max"":30,""min"":23.4},""8"":{""avg"":26,""max"":30.1,""min"":23.3},""9"":{""avg"":26.4,""max"":30.5,""min"":23.6},""10"":{""avg"":26.3,""max"":30.4,""min"":23.5},""11"":{""avg"":26.2,""max"":30.4,""min"":23.3},""12"":{""avg"":26,""max"":30.3,""min"":23.5}}","[""Short trip"",""One week""]",Budget,4,4,5,4,2,3,2,2,4,1,26.2,25.9,26.1,26.0,26.2,25.9,26.0,26.0,26.4,26.3,26.2,26.0,"['Short trip', 'One week']",0,0,1,1,0,0,-2.607149548958083,-0.8925862139702154,Natura i przygoda
35de48dc-19c9-4e54-b788-da248d0e45d4,Taormina,Italy,europe,"Dramatic coastal views, ancient ruins, and charming piazzas create a picturesque setting that invites leisurely exploration and indulgent moments.",37.8512218,15.2830191,"{""1"":{""avg"":12.2,""max"":15.6,""min"":8.8},""2"":{""avg"":12.9,""max"":16.6,""min"":9.3},""3"":{""avg"":14.4,""max"":18.2,""min"":10.8},""4"":{""avg"":15.8,""max"":19.8,""min"":11.9},""5"":{""avg"":19.3,""max"":23.4,""min"":15.4},""6"":{""avg"":24.8,""max"":29.6,""min"":20.4},""7"":{""avg"":28.1,""max"":32.8,""min"":23.9},""8"":{""avg"":27.9,""max"":32.3,""min"":23.7},""9"":{""avg"":24.9,""max"":29.1,""min"":20.9},""10"":{""avg"":21,""max"":24.9,""min"":17.2},""11"":{""avg"":17.3,""max"":21,""min"":13.8},""12"":{""avg"":14.1,""max"":17.5,""min"":10.8}}","[""Short trip"",""Weekend"",""One week""]",Mid-range,4,3,4,4,3,5,3,3,4,2,12.2,12.9,14.4,15.8,19.3,24.8,28.1,27.9,24.9,21.0,17.3,14.1,"['Short trip', 'Weekend', 'One week']",0,1,1,1,0,3,0.001592088068487146,0.8304933557105277,"Plaże, natura i relaks"
66355823-318b-4699-8244-a884d90e3e52,Takayama,Japan,asia,"Charming wooden houses, serene streets, and the gentle flow of the river create a peaceful atmosphere perfect for unwinding and exploration.",36.1396246,137.2510322,"{""1"":{""avg"":-0.7,""max"":3.7,""min"":-5.3},""2"":{""avg"":0.2,""max"":5.4,""min"":-4.1},""3"":{""avg"":4.8,""max"":11.8,""min"":-0.8},""4"":{""avg"":10.8,""max"":18.3,""min"":4.6},""5"":{""avg"":16,""max"":23.5,""min"":9.1},""6"":{""avg"":19.8,""max"":26.3,""min"":14.6},""7"":{""avg"":24.2,""max"":30.7,""min"":19.8},""8"":{""avg"":24.9,""max"":31.5,""min"":20.5},""9"":{""avg"":20.9,""max"":27,""min"":17.7},""10"":{""avg"":13.8,""max"":20.3,""min"":9.4},""11"":{""avg"":7.9,""max"":14.2,""min"":3.6},""12"":{""avg"":2.1,""max"":6.1,""min"":-1.6}}","[""Short trip"",""Weekend""]",Mid-range,5,2,4,1,2,4,3,2,4,2,-0.7,0.2,4.8,10.8,16.0,19.8,24.2,24.9,20.9,13.8,7.9,2.1,"['Short trip', 'Weekend']",0,1,1,0,0,2,-0.20351123221056597,-1.855986628860459,Spokojne kierunki kulturowe
e8ca28df-95b8-4dd9-9190-28b80725ea25,Phoenix,United States,north_america,"Desert landscapes meet urban sophistication, offering vibrant arts, diverse dining, and endless sunshine, making every visit feel like a warm embrace.",33.4484367,-112.074141,"{""1"":{""avg"":13.5,""max"":19.8,""min"":7.6},""2"":{""avg"":15.9,""max"":22.5,""min"":9.4},""3"":{""avg"":19.3,""max"":25.9,""min"":12.7},""4"":{""avg"":24.1,""max"":31.2,""min"":16.7},""5"":{""avg"":28,""max"":34.8,""min"":20.8},""6"":{""avg"":34.4,""max"":41.3,""min"":27},""7"":{""avg"":36.3,""max"":42.4,""min"":30.2},""8"":{""avg"":35.3,""max"":41.4,""min"":29.2},""9"":{""avg"":32.4,""max"":38.7,""min"":26.1},""10"":{""avg"":25.4,""max"":32.8,""min"":19.4},""11"":{""avg"":18.9,""max"":25.6,""min"":12.5},""12"":{""avg"":14,""max"":20.3,""min"":8.2}}","[""Short trip"",""Weekend"",""One week""]",Mid-range,3,4,4,1,3,3,4,3,3,2,13.5,15.9,19.3,24.1,28.0,34.4,36.3,35.3,32.4,25.4,18.9,14.0,"['Short trip', 'Weekend', 'One week']",0,1,1,1,0,0,-1.1973557872581797,0.5952826231470556,Natura i przygoda
28e1fcbb-ce3c-418e-bb2d-421e3be81b2f,Blantyre,Malawi,africa,"A city where bustling markets, friendly locals, and the aroma of street food create a vibrant and welcoming atmosphere.",-15.7862543,35.0035694,"{""1"":{""avg"":23.9,""max"":27.1,""min"":20.2},""2"":{""avg"":24.7,""max"":27.5,""min"":20},""3"":{""avg"":24.2,""max"":26.7,""min"":19.2},""4"":{""avg"":22.7,""max"":26.2,""min"":18},""5"":{""avg"":21.7,""max"":24.9,""min"":15.6},""6"":{""avg"":19.4,""max"":23.3,""min"":14.2},""7"":{""avg"":19.3,""max"":23.7,""min"":13.5},""8"":{""avg"":23.1,""max"":28,""min"":15.9},""9"":{""avg"":25.8,""max"":30.3,""min"":18.2},""10"":{""avg"":26.5,""max"":31.2,""min"":19.5},""11"":{""avg"":26.9,""max"":31,""min"":20.5},""12"":{""avg"":26.4,""max"":30.2,""min"":21.3}}","[""Short trip"",""Weekend""]",Budget,3,3,4,1,2,3,2,3,4,1,23.9,24.7,24.2,22.7,21.7,19.4,19.3,23.1,25.8,26.5,26.9,26.4,"['Short trip', 'Weekend']",0,1,1,0,0,2,-1.444059067923399,-2.1831448570594976,Spokojne kierunki kulturowe
ecaa1ebe-5e59-464c-8fae-42abbddcc734,Caracas,Venezuela,south_america,"Vibrant streets filled with lively music and bustling markets, surrounded by lush mountains and offering a mix of urban and natural beauty.",10.5060934,-66.9146008,"{""1"":{""avg"":22.2,""max"":27.8,""min"":18.2},""2"":{""avg"":22.7,""max"":28.3,""min"":18.7},""3"":{""avg"":23.3,""max"":29.4,""min"":18.8},""4"":{""avg"":23.9,""max"":29.2,""min"":19.7},""5"":{""avg"":24.1,""max"":28.7,""min"":20.7},""6"":{""avg"":23.2,""max"":27.4,""min"":20.1},""7"":{""avg"":23.2,""max"":27.4,""min"":19.8},""8"":{""avg"":23.6,""max"":28.1,""min"":20.3},""9"":{""avg"":23.9,""max"":28.9,""min"":20.3},""10"":{""avg"":23.8,""max"":28.7,""min"":20.3},""11"":{""avg"":23.2,""max"":28.1,""min"":19.8},""12"":{""avg"":22.5,""max"":27.4,""min"":18.7}}","[""Short trip"",""Weekend"",""One week""]",Budget,4,3,4,3,3,4,2,3,2,1,22.2,22.7,23.3,23.9,24.1,23.2,23.2,23.6,23.9,23.8,23.2,22.5,"['Short trip', 'Weekend', 'One week']",0,1,1,1,0,2,0.5016058908626493,-0.6561257562150233,Spokojne kierunki kulturowe
c62183f8-3057-4af8-9d51-1cba9559f61b,Da Lat,Vietnam,asia,"Misty mornings, lush pine forests, and vibrant markets create a serene escape with a refreshing blend of nature and local culture.",11.9373899,108.4286786,"{""1"":{""avg"":18.6,""max"":23.7,""min"":14.5},""2"":{""avg"":19.9,""max"":26,""min"":15},""3"":{""avg"":21.2,""max"":27.1,""min"":16.6},""4"":{""avg"":21.7,""max"":26.8,""min"":18},""5"":{""avg"":21.5,""max"":26.3,""min"":17.4},""6"":{""avg"":20.9,""max"":24.6,""min"":17.2},""7"":{""avg"":20.6,""max"":23.9,""min"":17.2},""8"":{""avg"":20.5,""max"":24.1,""min"":17.3},""9"":{""avg"":20.3,""max"":24,""min"":17.2},""10"":{""avg"":19.9,""max"":23.8,""min"":16.5},""11"":{""avg"":19.5,""max"":23.6,""min"":15.8},""12"":{""avg"":18.6,""max"":22.9,""min"":15.4}}","[""Short trip"",""Weekend""]",Budget,3,4,5,1,2,4,4,3,4,1,18.6,19.9,21.2,21.7,21.5,20.9,20.6,20.5,20.3,19.9,19.5,18.6,"['Short trip', 'Weekend']",0,1,1,0,0,0,-1.9352010628949436,0.6970652504283356,Natura i przygoda
eb3c14bc-9e8d-47f1-ba13-95e308ff7e11,New York City,United States,north_america,"Skyscrapers touch the sky as vibrant streets buzz with energy, offering a sensory overload of sights, sounds, and diverse cultures.",40.7127281,-74.0060152,"{""1"":{""avg"":1.3,""max"":5.1,""min"":-2.4},""2"":{""avg"":3,""max"":7,""min"":-1},""3"":{""avg"":6.6,""max"":11.4,""min"":2},""4"":{""avg"":12,""max"":16.7,""min"":7.6},""5"":{""avg"":17.5,""max"":22.4,""min"":13.1},""6"":{""avg"":22.5,""max"":27.3,""min"":18.1},""7"":{""avg"":26.1,""max"":30.7,""min"":22},""8"":{""avg"":25.2,""max"":29.6,""min"":21.4},""9"":{""avg"":21.7,""max"":26.1,""min"":17.8},""10"":{""avg"":15.6,""max"":20,""min"":11.5},""11"":{""avg"":9.3,""max"":13.5,""min"":5.2},""12"":{""avg"":4.4,""max"":8,""min"":0.7}}","[""Long trip"",""Short trip"",""One week""]",Luxury,5,3,3,2,5,5,3,5,1,3,1.3,3.0,6.6,12.0,17.5,22.5,26.1,25.2,21.7,15.6,9.3,4.4,"['Long trip', 'Short trip', 'One week']",0,0,1,1,1,1,3.923735959950966,1.0914850741541156,Miejskie i kulturowe
180cca4b-7d0f-41a2-99a1-27c58d512572,Sapa,Vietnam,asia,"Rolling green terraces and misty mountain vistas create a serene escape, where vibrant local cultures and tranquil landscapes embrace visitors warmly.",22.3359246,103.8426749,"{""1"":{""avg"":9.4,""max"":12.5,""min"":6.2},""2"":{""avg"":10.8,""max"":14.1,""min"":7.5},""3"":{""avg"":14.4,""max"":18.1,""min"":10.7},""4"":{""avg"":17.5,""max"":21.2,""min"":13.8},""5"":{""avg"":19.4,""max"":22.4,""min"":16.3},""6"":{""avg"":20.2,""max"":22.8,""min"":17.6},""7"":{""avg"":20.4,""max"":23,""min"":17.7},""8"":{""avg"":20.2,""max"":23.1,""min"":17.4},""9"":{""avg"":18.8,""max"":21.6,""min"":15.9},""10"":{""avg"":16.2,""max"":19,""min"":13.5},""11"":{""avg"":13,""max"":15.9,""min"":10.1},""12"":{""avg"":10.2,""max"":13.4,""min"":6.9}}","[""Short trip"",""Weekend"",""One week""]",Budget,4,4,5,1,2,3,3,2,4,1,9.4,10.8,14.4,17.5,19.4,20.2,20.4,20.2,18.8,16.2,13.0,10.2,"['Short trip', 'Weekend', 'One week']",0,1,1,1,0,0,-2.38163124699784,-1.0449212290155456,Natura i przygoda
4265c1eb-e4f6-4b71-8442-56ad4483a5e4,Guadalajara,Mexico,north_america,"Colorful streets, lively mariachi music, and the rich aroma of street food create an inviting blend of tradition and modernity.",20.6720375,-103.338396,"{""1"":{""avg"":16,""max"":25.3,""min"":8.5},""2"":{""avg"":18.1,""max"":27.6,""min"":9.3},""3"":{""avg"":21,""max"":31.2,""min"":10.5},""4"":{""avg"":22.7,""max"":33.4,""min"":12.1},""5"":{""avg"":24.5,""max"":34.1,""min"":14.9},""6"":{""avg"":24,""max"":32.4,""min"":17.6},""7"":{""avg"":21.8,""max"":28.8,""min"":16.9},""8"":{""avg"":21.6,""max"":28.1,""min"":16.9},""9"":{""avg"":21.4,""max"":27.9,""min"":17},""10"":{""avg"":20.3,""max"":27.4,""min"":14.9},""11"":{""avg"":18.2,""max"":26.7,""min"":11.6},""12"":{""avg"":15.6,""max"":24.4,""min"":9}}","[""Short trip"",""Weekend"",""One week""]",Mid-range,5,3,3,1,4,5,3,4,2,2,16.0,18.1,21.0,22.7,24.5,24.0,21.8,21.6,21.4,20.3,18.2,15.6,"['Short trip', 'Weekend', 'One week']",0,1,1,1,0,1,2.7978216656716266,0.06626795787561796,Miejskie i kulturowe
6c222aca-bad0-4114-a0f8-d271510a86a0,Anchorage,United States,north_america,"Surrounded by breathtaking mountains and vast wilderness, this city offers a refreshing blend of rugged adventure and cozy urban charm.",61.2163129,-149.894852,"{""1"":{""avg"":-7.9,""max"":-4.7,""min"":-11.5},""2"":{""avg"":-6.4,""max"":-3,""min"":-10.1},""3"":{""avg"":-2.7,""max"":1.4,""min"":-6.5},""4"":{""avg"":3.6,""max"":7.8,""min"":-0.5},""5"":{""avg"":9.7,""max"":13.7,""min"":5.6},""6"":{""avg"":14.1,""max"":18.1,""min"":10.3},""7"":{""avg"":15.8,""max"":19.5,""min"":12.5},""8"":{""avg"":14.5,""max"":18.2,""min"":11.2},""9"":{""avg"":9.8,""max"":13.2,""min"":6.7},""10"":{""avg"":3.1,""max"":6.3,""min"":0},""11"":{""avg"":-4.8,""max"":-2,""min"":-7.8},""12"":{""avg"":-6.7,""max"":-3.8,""min"":-10}}","[""Short trip"",""One week""]",Mid-range,3,4,5,2,2,3,3,3,4,2,-7.9,-6.4,-2.7,3.6,9.7,14.1,15.8,14.5,9.8,3.1,-4.8,-6.7,"['Short trip', 'One week']",0,0,1,1,0,0,-2.4722820868360094,-0.2917048941783063,Natura i przygoda
196e96f8-6055-4123-beaa-957b027ee1f9,Bhutan,Bhutan,asia,"Mist-shrouded mountains and vibrant monasteries offer a serene escape, where spiritual tranquility and breathtaking landscapes merge for an unforgettable experience.",27.549511,90.5119273,"{""1"":{""avg"":2.1,""max"":5.5,""min"":-2.7},""2"":{""avg"":4.1,""max"":7.5,""min"":-1.1},""3"":{""avg"":6.5,""max"":9.7,""min"":1.3},""4"":{""avg"":9.5,""max"":12.3,""min"":4.9},""5"":{""avg"":12.1,""max"":14.6,""min"":8},""6"":{""avg"":14.6,""max"":17,""min"":11},""7"":{""avg"":15,""max"":17.1,""min"":11.9},""8"":{""avg"":15.5,""max"":18.1,""min"":11.9},""9"":{""avg"":13.8,""max"":16.3,""min"":10.3},""10"":{""avg"":10.5,""max"":13.6,""min"":5.7},""11"":{""avg"":7.3,""max"":10.6,""min"":2.2},""12"":{""avg"":4.3,""max"":7.9,""min"":-0.6}}","[""One week"",""Long trip""]",Luxury,5,4,5,1,1,3,4,2,5,3,2.1,4.1,6.5,9.5,12.1,14.6,15.0,15.5,13.8,10.5,7.3,4.3,"['One week', 'Long trip']",0,0,0,1,1,0,-2.861835558138176,-0.874395659599928,Natura i przygoda
d4345f6e-b465-4dc0-abfe-f230b87aefb7,Samarkand,Uzbekistan,asia,"Ancient architecture glimmers under the sun, with vibrant bazaars and fragrant spices creating an intoxicating blend of history and culture.",39.6550017,66.9756954,"{""1"":{""avg"":3.1,""max"":8.5,""min"":-1.2},""2"":{""avg"":5.5,""max"":11.1,""min"":0.9},""3"":{""avg"":10.6,""max"":16.7,""min"":6},""4"":{""avg"":16,""max"":22.6,""min"":10.7},""5"":{""avg"":21.5,""max"":27.5,""min"":14.9},""6"":{""avg"":26.6,""max"":33.5,""min"":18.7},""7"":{""avg"":28.7,""max"":35.5,""min"":20.9},""8"":{""avg"":26,""max"":33.2,""min"":18.5},""9"":{""avg"":21.2,""max"":28.6,""min"":13.9},""10"":{""avg"":14,""max"":21.1,""min"":7.9},""11"":{""avg"":7.7,""max"":13.7,""min"":2.8},""12"":{""avg"":3.9,""max"":9.3,""min"":-0.2}}","[""Short trip"",""Weekend"",""One week""]",Budget,5,3,3,1,2,4,2,3,3,1,3.1,5.5,10.6,16.0,21.5,26.6,28.7,26.0,21.2,14.0,7.7,3.9,"['Short trip', 'Weekend', 'One week']",0,1,1,1,0,2,0.7427350425497397,-2.3526327068644806,Spokojne kierunki kulturowe
a33298f1-58d1-403d-984e-f7744a8e1746,Wellington,New Zealand,oceania,"Charming harborside views, vibrant arts scene, and a cozy mix of urban buzz and nature create a welcoming, eclectic atmosphere.",-41.2887953,174.7772114,"{""1"":{""avg"":18,""max"":20.9,""min"":15.1},""2"":{""avg"":18.1,""max"":21.3,""min"":15.3},""3"":{""avg"":16.7,""max"":19.5,""min"":14.1},""4"":{""avg"":15,""max"":17.7,""min"":12.2},""5"":{""avg"":13.4,""max"":15.8,""min"":10.8},""6"":{""avg"":11.5,""max"":13.7,""min"":8.9},""7"":{""avg"":10.6,""max"":13,""min"":7.8},""8"":{""avg"":10.8,""max"":13.2,""min"":8.3},""9"":{""avg"":11.7,""max"":14.6,""min"":9},""10"":{""avg"":13.2,""max"":15.9,""min"":10.7},""11"":{""avg"":14.9,""max"":17.6,""min"":12.6},""12"":{""avg"":16.8,""max"":19.4,""min"":14.1}}","[""Short trip"",""One week""]",Mid-range,4,3,4,3,4,4,3,4,2,2,18.0,18.1,16.7,15.0,13.4,11.5,10.6,10.8,11.7,13.2,14.9,16.8,"['Short trip', 'One week']",0,0,1,1,0,1,1.2334807630547209,0.8285184720882978,Miejskie i kulturowe
316ef402-4768-456e-98b3-87fad9b0a5c1,Lahore,Pakistan,asia,"Bustling streets alive with vibrant colors and the aroma of spices, offering a rich tapestry of history, culture, and warm hospitality.",31.5656822,74.3141829,"{""1"":{""avg"":12.6,""max"":17.1,""min"":7.5},""2"":{""avg"":17.3,""max"":23,""min"":10.9},""3"":{""avg"":22.2,""max"":28,""min"":16.3},""4"":{""avg"":27.8,""max"":34.5,""min"":21.2},""5"":{""avg"":32.3,""max"":38.3,""min"":25.1},""6"":{""avg"":33.5,""max"":39.3,""min"":27.4},""7"":{""avg"":31.3,""max"":35.4,""min"":27},""8"":{""avg"":31.1,""max"":35.2,""min"":27.5},""9"":{""avg"":30.2,""max"":34.5,""min"":26.2},""10"":{""avg"":26.3,""max"":32.2,""min"":20.7},""11"":{""avg"":19.7,""max"":26.2,""min"":14.3},""12"":{""avg"":14.2,""max"":19.9,""min"":8.8}}","[""Short trip"",""Weekend"",""One week""]",Budget,5,3,2,1,3,5,3,4,2,1,12.6,17.3,22.2,27.8,32.3,33.5,31.3,31.1,30.2,26.3,19.7,14.2,"['Short trip', 'Weekend', 'One week']",0,1,1,1,0,1,2.8475305721583286,-0.5438247640362512,Miejskie i kulturowe
36d2ef8d-984f-44db-8343-7b70c26e8bf1,San Pedro de Atacama,Chile,south_america,"Endless desert vistas meet surreal landscapes, where clear night skies reveal a tapestry of stars, creating an otherworldly sense of tranquility and wonder.",-22.910832,-68.2001376,"{""1"":{""avg"":18.1,""max"":24.8,""min"":12.3},""2"":{""avg"":17.4,""max"":23.8,""min"":11.5},""3"":{""avg"":17.2,""max"":23.9,""min"":10.4},""4"":{""avg"":14.9,""max"":22.6,""min"":6.5},""5"":{""avg"":11.4,""max"":19.7,""min"":2.8},""6"":{""avg"":9.6,""max"":18.4,""min"":1.2},""7"":{""avg"":9.2,""max"":18,""min"":0.9},""8"":{""avg"":11,""max"":20,""min"":1.6},""9"":{""avg"":13.4,""max"":22,""min"":3.5},""10"":{""avg"":15.8,""max"":23.9,""min"":5.9},""11"":{""avg"":17.5,""max"":25.2,""min"":8.6},""12"":{""avg"":18.5,""max"":25.7,""min"":11.5}}","[""One week"",""Short trip""]",Mid-range,3,5,5,1,2,3,3,2,5,2,18.1,17.4,17.2,14.9,11.4,9.6,9.2,11.0,13.4,15.8,17.5,18.5,"['One week', 'Short trip']",0,0,1,1,0,0,-3.614004942978949,-0.5247635203750287,Natura i przygoda
12bac5cc-d5e5-4418-aec5-2805cfe04257,Madeira,Portugal,europe,"Lush landscapes meet dramatic cliffs, where ocean breezes carry the scent of flowers and adventure awaits around every winding path.",32.751750099999995,-16.98174865726062,"{""1"":{""avg"":17.4,""max"":19.2,""min"":15.4},""2"":{""avg"":17.2,""max"":19.4,""min"":15},""3"":{""avg"":17.4,""max"":21,""min"":15},""4"":{""avg"":18.2,""max"":21.2,""min"":15.9},""5"":{""avg"":19.5,""max"":22.6,""min"":17.4},""6"":{""avg"":21,""max"":23.6,""min"":18.7},""7"":{""avg"":22.6,""max"":25.5,""min"":20.3},""8"":{""avg"":23.9,""max"":27.2,""min"":21.4},""9"":{""avg"":23.3,""max"":26.2,""min"":21},""10"":{""avg"":22.3,""max"":24.8,""min"":20},""11"":{""avg"":20,""max"":21.7,""min"":17.8},""12"":{""avg"":18.7,""max"":20.2,""min"":16.5}}","[""Short trip"",""One week""]",Mid-range,3,4,5,3,3,4,4,3,4,2,17.4,17.2,17.4,18.2,19.5,21.0,22.6,23.9,23.3,22.3,20.0,18.7,"['Short trip', 'One week']",0,0,1,1,0,3,-1.7451303793532569,1.827653941104693,"Plaże, natura i relaks"
cb72a09a-88af-4d3b-a950-b353a445b54c,Gjirokastër,Albania,europe,"Winding cobblestone streets and stone-roofed houses create a timeless atmosphere, with echoes of history in every corner and stunning mountain views.",40.0770871,20.1393359,"{""1"":{""avg"":7.1,""max"":12.9,""min"":1.9},""2"":{""avg"":8,""max"":14.6,""min"":1.9},""3"":{""avg"":10.5,""max"":17.4,""min"":4},""4"":{""avg"":13.5,""max"":20.2,""min"":6.9},""5"":{""avg"":18.2,""max"":24.9,""min"":11.8},""6"":{""avg"":24,""max"":31.4,""min"":16.5},""7"":{""avg"":27.3,""max"":35.7,""min"":18.3},""8"":{""avg"":25.9,""max"":34.3,""min"":17.7},""9"":{""avg"":21.5,""max"":29.5,""min"":14.2},""10"":{""avg"":17,""max"":24.6,""min"":9.5},""11"":{""avg"":12.1,""max"":18.1,""min"":5.9},""12"":{""avg"":8.7,""max"":14.3,""min"":3.4}}","[""Short trip"",""Weekend""]",Budget,5,3,4,1,2,3,2,2,4,1,7.1,8.0,10.5,13.5,18.2,24.0,27.3,25.9,21.5,17.0,12.1,8.7,"['Short trip', 'Weekend']",0,1,1,0,0,2,-1.047481812236816,-2.820349330650984,Spokojne kierunki kulturowe
eb8d23c9-8122-4bb2-8325-e37036397a1c,Brisbane,Australia,oceania,"Sun-drenched streets and lush riverside parks create a laid-back vibe, with vibrant markets and buzzing eateries adding a lively local flavor.",-27.4689682,153.0234991,"{""1"":{""avg"":25.1,""max"":30.2,""min"":21.9},""2"":{""avg"":24.8,""max"":30.2,""min"":21.7},""3"":{""avg"":23.9,""max"":29.4,""min"":20.9},""4"":{""avg"":21,""max"":27.1,""min"":17.5},""5"":{""avg"":18.2,""max"":24.4,""min"":14.3},""6"":{""avg"":15.7,""max"":22.3,""min"":11.9},""7"":{""avg"":15.1,""max"":22,""min"":11},""8"":{""avg"":16.4,""max"":23.9,""min"":11.6},""9"":{""avg"":18.6,""max"":25.7,""min"":14.2},""10"":{""avg"":20.7,""max"":26.8,""min"":16.8},""11"":{""avg"":22.5,""max"":28.6,""min"":19},""12"":{""avg"":24.3,""max"":30,""min"":20.9}}","[""Short trip"",""Weekend"",""One week""]",Mid-range,4,4,4,3,4,4,3,4,2,2,25.1,24.8,23.9,21.0,18.2,15.7,15.1,16.4,18.6,20.7,22.5,24.3,"['Short trip', 'Weekend', 'One week']",0,1,1,1,0,1,0.8255808962896393,1.2157635583151136,Miejskie i kulturowe
5a296eaa-b786-420f-8a2d-08db36260144,Cesky Krumlov,Czech Republic,europe,"Winding cobblestone streets, charming medieval architecture, and the gentle flow of the Vltava River create a fairy-tale atmosphere you'll never forget.",48.8106526,14.3150586,"{""1"":{""avg"":-2.2,""max"":0.8,""min"":-5.3},""2"":{""avg"":-1.3,""max"":2.5,""min"":-5},""3"":{""avg"":2.7,""max"":7.1,""min"":-1.5},""4"":{""avg"":8.1,""max"":12.9,""min"":3},""5"":{""avg"":12.4,""max"":16.7,""min"":7.4},""6"":{""avg"":16,""max"":20.2,""min"":11.2},""7"":{""avg"":17.6,""max"":21.8,""min"":13},""8"":{""avg"":17.4,""max"":21.7,""min"":13},""9"":{""avg"":13.1,""max"":17.1,""min"":9.1},""10"":{""avg"":8.4,""max"":12.4,""min"":4.8},""11"":{""avg"":3.4,""max"":6.7,""min"":0.5},""12"":{""avg"":-0.6,""max"":2.3,""min"":-3.3}}","[""Weekend"",""Short trip"",""Day trip""]",Mid-range,5,2,4,1,2,3,2,2,4,2,-2.2,-1.3,2.7,8.1,12.4,16.0,17.6,17.4,13.1,8.4,3.4,-0.6,"['Weekend', 'Short trip', 'Day trip']",1,1,1,0,0,2,-0.6395819454717344,-3.2075944168778,Spokojne kierunki kulturowe
ec2e76e8-1944-4282-962d-276573d0ceef,Basseterre,Saint Kitts and Nevis,north_america,"Lush landscapes and vibrant markets create a lively yet laid-back atmosphere, where the rhythm of island life feels both invigorating and soothing.",17.2960919,-62.722301,"{""1"":{""avg"":25.7,""max"":28.3,""min"":23.6},""2"":{""avg"":25.6,""max"":28.4,""min"":23.3},""3"":{""avg"":25.8,""max"":28.8,""min"":23.4},""4"":{""avg"":26.4,""max"":29.3,""min"":24.2},""5"":{""avg"":27.7,""max"":30.6,""min"":25.6},""6"":{""avg"":28.4,""max"":31.2,""min"":26.3},""7"":{""avg"":28.3,""max"":31.1,""min"":26.2},""8"":{""avg"":28.6,""max"":31.3,""min"":26.4},""9"":{""avg"":28.8,""max"":31.3,""min"":26.4},""10"":{""avg"":28.1,""max"":30.8,""min"":25.7},""11"":{""avg"":27.4,""max"":30,""min"":25.1},""12"":{""avg"":26.4,""max"":29,""min"":24}}","[""Short trip"",""Weekend""]",Mid-range,3,3,4,4,3,4,3,2,4,2,25.7,25.6,25.8,26.4,27.7,28.4,28.3,28.6,28.8,28.1,27.4,26.4,"['Short trip', 'Weekend']",0,1,1,0,0,3,-1.3362241791704794,0.518336355783305,"Plaże, natura i relaks"
a5064014-fa4f-4864-b491-a65fa2d68229,Honiara,Solomon Islands,oceania,"Lush tropical landscapes meet vibrant local markets, offering an authentic and immersive experience in a laid-back island atmosphere.",-9.4310769,159.9552552,"{""1"":{""avg"":27.7,""max"":32.4,""min"":24.5},""2"":{""avg"":27.4,""max"":31.8,""min"":24.5},""3"":{""avg"":27.4,""max"":32.2,""min"":24.3},""4"":{""avg"":27.3,""max"":32.1,""min"":24.3},""5"":{""avg"":27.4,""max"":32.4,""min"":24.4},""6"":{""avg"":27,""max"":32.2,""min"":24.2},""7"":{""avg"":26.8,""max"":31.8,""min"":24},""8"":{""avg"":26.8,""max"":31.7,""min"":23.7},""9"":{""avg"":27.1,""max"":31.8,""min"":23.6},""10"":{""avg"":27.4,""max"":32.3,""min"":23.9},""11"":{""avg"":27.4,""max"":32.2,""min"":24.2},""12"":{""avg"":27.5,""max"":32.3,""min"":24.5}}","[""Short trip"",""One week""]",Mid-range,3,3,4,3,2,2,2,2,4,2,27.7,27.4,27.4,27.3,27.4,27.0,26.8,26.8,27.1,27.4,27.4,27.5,"['Short trip', 'One week']",0,0,1,1,0,0,-2.576959229993849,-2.016452352330268,Natura i przygoda
7071cc05-1440-4931-88dc-3fa5a4cc15d2,Siena,Italy,europe,"Medieval streets wind through sunlit squares, where the aroma of fresh pasta mingles with the echoes of vibrant local life.",43.16720595,11.467561040475552,"{""1"":{""avg"":6.4,""max"":9.8,""min"":3.1},""2"":{""avg"":7,""max"":11,""min"":3},""3"":{""avg"":10,""max"":14.6,""min"":5.3},""4"":{""avg"":13,""max"":18.1,""min"":7.9},""5"":{""avg"":17.2,""max"":22.7,""min"":11.6},""6"":{""avg"":21.2,""max"":27.1,""min"":15.2},""7"":{""avg"":24.1,""max"":30.5,""min"":17.7},""8"":{""avg"":24.4,""max"":30.7,""min"":18},""9"":{""avg"":19.7,""max"":25,""min"":14.4},""10"":{""avg"":15.4,""max"":19.8,""min"":11.1},""11"":{""avg"":10.7,""max"":14.2,""min"":7.2},""12"":{""avg"":7.1,""max"":10.3,""min"":3.9}}","[""Weekend"",""Short trip""]",Mid-range,5,2,3,1,2,4,3,3,4,2,6.4,7.0,10.0,13.0,17.2,21.2,24.1,24.4,19.7,15.4,10.7,7.1,"['Weekend', 'Short trip']",0,1,1,0,0,2,0.6555851765476559,-1.917613037655774,Spokojne kierunki kulturowe
4c88db7e-4c60-4395-9464-91ea959e2d13,La Palma,Spain,europe,"Lush landscapes and volcanic vistas create a serene atmosphere, inviting you to explore its quiet trails and charming coastal villages.",28.6551163,-17.857268565579673,"{""1"":{""avg"":18.7,""max"":21.5,""min"":16.4},""2"":{""avg"":18.5,""max"":21.2,""min"":15.8},""3"":{""avg"":18.8,""max"":21.4,""min"":16.2},""4"":{""avg"":19.6,""max"":22.2,""min"":16.9},""5"":{""avg"":20.7,""max"":23,""min"":18.2},""6"":{""avg"":22.1,""max"":24.4,""min"":19.7},""7"":{""avg"":23.2,""max"":25.4,""min"":21.1},""8"":{""avg"":24.3,""max"":26.8,""min"":22.1},""9"":{""avg"":24,""max"":26.5,""min"":21.9},""10"":{""avg"":23.3,""max"":25.9,""min"":20.7},""11"":{""avg"":21.4,""max"":23.9,""min"":19},""12"":{""avg"":19.9,""max"":22.7,""min"":17.5}}","[""Short trip"",""Weekend"",""One week""]",Mid-range,3,4,5,3,2,3,4,2,4,2,18.7,18.5,18.8,19.6,20.7,22.1,23.2,24.3,24.0,23.3,21.4,19.9,"['Short trip', 'Weekend', 'One week']",0,1,1,1,0,0,-3.068101224965394,0.8637577551575653,Natura i przygoda
58563b14-ffba-4104-88ce-0ba065f5d6ed,Ghent,Belgium,europe,"Charming canals and medieval architecture create a cozy atmosphere, inviting you to wander through cobblestone streets and discover hidden corners filled with history.",51.0538286,3.7250121,"{""1"":{""avg"":4.5,""max"":6.8,""min"":2.2},""2"":{""avg"":6.6,""max"":9.6,""min"":3.7},""3"":{""avg"":8.4,""max"":12,""min"":4.8},""4"":{""avg"":10.2,""max"":14.8,""min"":5.7},""5"":{""avg"":13.6,""max"":18,""min"":8.8},""6"":{""avg"":18.1,""max"":22.6,""min"":13.4},""7"":{""avg"":18.7,""max"":23,""min"":14.3},""8"":{""avg"":19.3,""max"":23.9,""min"":15},""9"":{""avg"":16.4,""max"":20.9,""min"":12.5},""10"":{""avg"":13,""max"":16.4,""min"":10.1},""11"":{""avg"":8.2,""max"":10.7,""min"":5.8},""12"":{""avg"":6.2,""max"":8.1,""min"":4.2}}","[""Short trip"",""Weekend""]",Mid-range,5,2,3,1,4,4,3,4,2,2,4.5,6.6,8.4,10.2,13.6,18.1,18.7,19.3,16.4,13.0,8.2,6.2,"['Short trip', 'Weekend']",0,1,1,0,0,1,2.6921381890960907,-0.7364070011817718,Miejskie i kulturowe
6b93d8e6-ab6a-4a5e-91f8-f42198c06d01,Sao Paulo,Brazil,south_america,"Energetic streets buzz with life, offering a tapestry of art, diverse cuisine, and vibrant nightlife that captivates every sense.",-23.5506507,-46.6333824,"{""1"":{""avg"":23,""max"":27.8,""min"":19.3},""2"":{""avg"":22.6,""max"":27.1,""min"":18.8},""3"":{""avg"":22.4,""max"":27.9,""min"":19.1},""4"":{""avg"":20.8,""max"":26,""min"":17.6},""5"":{""avg"":18.7,""max"":24,""min"":15.3},""6"":{""avg"":17.5,""max"":22.7,""min"":13.5},""7"":{""avg"":17.2,""max"":22.8,""min"":12.4},""8"":{""avg"":18,""max"":23.6,""min"":13.3},""9"":{""avg"":20,""max"":26.7,""min"":15.3},""10"":{""avg"":20.6,""max"":26.1,""min"":17.2},""11"":{""avg"":20.6,""max"":26.3,""min"":16.7},""12"":{""avg"":22.2,""max"":27.2,""min"":18.7}}","[""Short trip"",""One week""]",Mid-range,5,3,2,2,5,5,3,5,1,2,23.0,22.6,22.4,20.8,18.7,17.5,17.2,18.0,20.0,20.6,20.6,22.2,"['Short trip', 'One week']",0,0,1,1,0,1,4.36553617133915,0.8863057560972057,Miejskie i kulturowe
84684cae-4fbc-4ea4-9172-5f9d802ba843,Monteverde,Costa Rica,north_america,"Misty cloud forests and vibrant wildlife create an enchanting atmosphere, where every trail offers a new sensory delight and adventure.",10.29115145,-84.81364393886889,"{""1"":{""avg"":20.1,""max"":24.6,""min"":17.1},""2"":{""avg"":20.6,""max"":25.9,""min"":16.9},""3"":{""avg"":21.3,""max"":27,""min"":17.2},""4"":{""avg"":21.8,""max"":27.2,""min"":18},""5"":{""avg"":21.2,""max"":25.3,""min"":18.7},""6"":{""avg"":20.7,""max"":24.2,""min"":18.8},""7"":{""avg"":20.6,""max"":24.1,""min"":18.5},""8"":{""avg"":20.6,""max"":24.3,""min"":18.5},""9"":{""avg"":20.2,""max"":23.8,""min"":18.3},""10"":{""avg"":19.9,""max"":23.2,""min"":18.2},""11"":{""avg"":19.9,""max"":23.2,""min"":17.9},""12"":{""avg"":20,""max"":23.8,""min"":17.5}}","[""Short trip"",""Weekend"",""One week""]",Mid-range,3,5,5,1,2,3,3,1,4,2,20.1,20.6,21.3,21.8,21.2,20.7,20.6,20.6,20.2,19.9,19.9,20.0,"['Short trip', 'Weekend', 'One week']",0,1,1,1,0,0,-3.613764037661271,-0.5544032698853789,Natura i przygoda
16539924-85a8-441a-8ebd-9c56d6720a35,Nukuʻalofa,Tonga,oceania,"Warm ocean breezes and vibrant markets create a welcoming atmosphere, where the gentle rhythm of island life invites endless exploration.",-21.1343401,-175.201808,"{""1"":{""avg"":26.5,""max"":29.5,""min"":23.9},""2"":{""avg"":26.6,""max"":29.6,""min"":24.2},""3"":{""avg"":26,""max"":29,""min"":23.6},""4"":{""avg"":25.5,""max"":28.6,""min"":22.7},""5"":{""avg"":24.3,""max"":26.9,""min"":22.2},""6"":{""avg"":22.9,""max"":25.8,""min"":20.4},""7"":{""avg"":22.2,""max"":25.1,""min"":19.6},""8"":{""avg"":21.8,""max"":24.7,""min"":19.5},""9"":{""avg"":22.4,""max"":25.5,""min"":19.7},""10"":{""avg"":23.2,""max"":26.2,""min"":20.8},""11"":{""avg"":24.9,""max"":27.9,""min"":22.5},""12"":{""avg"":26.1,""max"":29.2,""min"":23.3}}","[""Short trip"",""Weekend"",""One week""]",Mid-range,3,3,4,4,2,3,3,2,4,2,26.5,26.6,26.0,25.5,24.3,22.9,22.2,21.8,22.4,23.2,24.9,26.1,"['Short trip', 'Weekend', 'One week']",0,1,1,1,0,0,-2.241898827412578,-0.3020069209022284,Natura i przygoda
074c4c99-13f9-44ea-9ad3-bf573506a04c,Birmingham,United Kingdom,europe,"A dynamic mix of industrial charm and modern culture, offering vibrant markets, eclectic eateries, and a rich musical heritage that captivates visitors.",52.4796992,-1.9026911,"{""1"":{""avg"":4.8,""max"":7.4,""min"":1.9},""2"":{""avg"":6.3,""max"":9.2,""min"":3.2},""3"":{""avg"":7.6,""max"":11,""min"":4.5},""4"":{""avg"":8.9,""max"":13.2,""min"":4.3},""5"":{""avg"":12.8,""max"":17.1,""min"":8.2},""6"":{""avg"":15.5,""max"":19.8,""min"":11},""7"":{""avg"":17.6,""max"":21.7,""min"":13.3},""8"":{""avg"":17.1,""max"":21.2,""min"":13},""9"":{""avg"":14.7,""max"":18.7,""min"":10.6},""10"":{""avg"":11.3,""max"":14.5,""min"":8.1},""11"":{""avg"":7.8,""max"":10.3,""min"":5},""12"":{""avg"":6.4,""max"":8.7,""min"":4}}","[""Short trip"",""Weekend"",""One week""]",Mid-range,4,2,3,1,3,4,3,4,2,2,4.8,6.3,7.6,8.9,12.8,15.5,17.6,17.1,14.7,11.3,7.8,6.4,"['Short trip', 'Weekend', 'One week']",0,1,1,1,0,1,1.8931101576662985,-0.8944946228717854,Miejskie i kulturowe
63290557-b50c-409a-91ef-479598d31de3,Tuscany,Italy,europe,"Rolling hills, sun-drenched vineyards, and charming medieval towns create a picturesque landscape that invites leisurely exploration and indulgent culinary experiences.",43.4586541,11.1389204,"{""1"":{""avg"":5.5,""max"":9.2,""min"":2.4},""2"":{""avg"":7.5,""max"":12.4,""min"":3.5},""3"":{""avg"":10,""max"":15,""min"":5.5},""4"":{""avg"":12.2,""max"":17.5,""min"":7.6},""5"":{""avg"":16.9,""max"":21.5,""min"":12.3},""6"":{""avg"":22.9,""max"":28.1,""min"":17.6},""7"":{""avg"":26.4,""max"":32.3,""min"":20.7},""8"":{""avg"":26,""max"":31.8,""min"":20.7},""9"":{""avg"":21,""max"":26.4,""min"":16.2},""10"":{""avg"":16.1,""max"":20.5,""min"":12.3},""11"":{""avg"":10.9,""max"":14.1,""min"":7.9},""12"":{""avg"":6.9,""max"":10.1,""min"":4.1}}","[""Short trip"",""One week"",""Long trip""]",Mid-range,5,3,5,2,3,5,4,3,4,2,5.5,7.5,10.0,12.2,16.9,22.9,26.4,26.0,21.0,16.1,10.9,6.9,"['Short trip', 'One week', 'Long trip']",0,0,1,1,1,3,0.0912365944889608,0.9993495199678608,"Plaże, natura i relaks"
68ec474b-b008-493b-933c-13e51af9ec83,Charlottetown,Canada,north_america,Charming streets lined with historic buildings and a gentle sea breeze create a welcoming atmosphere perfect for leisurely exploration and relaxation.,46.234953,-63.132935,"{""1"":{""avg"":-5.5,""max"":-1.3,""min"":-9.5},""2"":{""avg"":-6.1,""max"":-1.6,""min"":-10.6},""3"":{""avg"":-2.4,""max"":1.6,""min"":-6.2},""4"":{""avg"":3.1,""max"":7.8,""min"":-1.1},""5"":{""avg"":9.2,""max"":14.8,""min"":3.8},""6"":{""avg"":14.9,""max"":20.1,""min"":10.1},""7"":{""avg"":19.5,""max"":24.2,""min"":14.9},""8"":{""avg"":19.6,""max"":24.3,""min"":14.9},""9"":{""avg"":15.2,""max"":19.9,""min"":10.4},""10"":{""avg"":9.6,""max"":14,""min"":5.2},""11"":{""avg"":3.6,""max"":7.5,""min"":0},""12"":{""avg"":-1.7,""max"":1.9,""min"":-5.1}}","[""Short trip"",""Weekend""]",Mid-range,4,3,4,3,2,3,3,2,4,2,-5.5,-6.1,-2.4,3.1,9.2,14.9,19.5,19.6,15.2,9.6,3.6,-1.7,"['Short trip', 'Weekend']",0,1,1,0,0,2,-1.7339517902043697,-0.9116703464778732,Spokojne kierunki kulturowe
a3c96500-b77a-4133-bc7d-cca24a7e5ae6,St. Louis,United States,north_america,"A fusion of historic charm and modern vibrancy, with leafy parks, jazz-filled streets, and the iconic arch creating a welcoming urban atmosphere.",38.6280278,-90.1910154,"{""1"":{""avg"":0.4,""max"":4.8,""min"":-3.9},""2"":{""avg"":2.7,""max"":8.1,""min"":-2.7},""3"":{""avg"":9.2,""max"":14.7,""min"":3.9},""4"":{""avg"":14,""max"":19.8,""min"":8},""5"":{""avg"":19.8,""max"":25.3,""min"":14.4},""6"":{""avg"":25.3,""max"":30.9,""min"":19.5},""7"":{""avg"":26.7,""max"":31.9,""min"":21.6},""8"":{""avg"":24.8,""max"":30.4,""min"":19.7},""9"":{""avg"":22.1,""max"":28.5,""min"":16.1},""10"":{""avg"":15.2,""max"":21.3,""min"":9.3},""11"":{""avg"":8.1,""max"":13.7,""min"":2.5},""12"":{""avg"":4.2,""max"":9,""min"":-0.6}}","[""Short trip"",""Weekend"",""One week""]",Mid-range,4,3,3,1,3,4,3,4,2,2,0.4,2.7,9.2,14.0,19.8,25.3,26.7,24.8,22.1,15.2,8.1,4.2,"['Short trip', 'Weekend', 'One week']",0,1,1,1,0,1,1.485210290901217,-0.5072495366449696,Miejskie i kulturowe
b150cb57-9168-4a88-ad5a-1ceb37ebfa72,Las Vegas,United States,north_america,"Bright lights and endless energy create an exhilarating atmosphere, where entertainment options are as vast and varied as the desert surrounding it.",36.1672719,-115.1483538,"{""1"":{""avg"":9.7,""max"":14.7,""min"":5},""2"":{""avg"":12.3,""max"":17.7,""min"":7},""3"":{""avg"":15.9,""max"":21.5,""min"":10.3},""4"":{""avg"":21.1,""max"":26.9,""min"":14.9},""5"":{""avg"":25.3,""max"":30.8,""min"":18.9},""6"":{""avg"":32.6,""max"":38.5,""min"":25.6},""7"":{""avg"":35.2,""max"":41,""min"":28.6},""8"":{""avg"":33.8,""max"":39.6,""min"":27.3},""9"":{""avg"":29.4,""max"":35.3,""min"":23},""10"":{""avg"":22,""max"":28,""min"":16.1},""11"":{""avg"":14.4,""max"":20.1,""min"":8.9},""12"":{""avg"":9.9,""max"":15,""min"":5.1}}","[""Short trip"",""Weekend"",""One week""]",Luxury,3,3,2,1,5,4,3,5,1,3,9.7,12.3,15.9,21.1,25.3,32.6,35.2,33.8,29.4,22.0,14.4,9.9,"['Short trip', 'Weekend', 'One week']",0,1,1,1,0,1,3.139089685621807,0.6016898041858241,Miejskie i kulturowe
59e6664b-2503-4e62-87a4-9fbf47c24a9b,Detroit,United States,north_america,"Industrial charm meets vibrant arts and music scenes, where historic architecture and modern innovation create a dynamic and inviting urban experience.",42.3315509,-83.0466403,"{""1"":{""avg"":-3.1,""max"":0.1,""min"":-6.5},""2"":{""avg"":-2.1,""max"":2,""min"":-6.3},""3"":{""avg"":2.6,""max"":7.5,""min"":-2.4},""4"":{""avg"":8.3,""max"":13.7,""min"":3.2},""5"":{""avg"":15.4,""max"":21.2,""min"":9.6},""6"":{""avg"":20.8,""max"":26.3,""min"":15.3},""7"":{""avg"":23.1,""max"":28.2,""min"":18},""8"":{""avg"":22.3,""max"":27.2,""min"":17.3},""9"":{""avg"":18.8,""max"":23.9,""min"":14},""10"":{""avg"":12.3,""max"":17.1,""min"":7.5},""11"":{""avg"":5.4,""max"":9.4,""min"":1.3},""12"":{""avg"":0.9,""max"":4,""min"":-2.3}}","[""Short trip"",""Weekend"",""One week""]",Mid-range,4,2,2,1,3,3,2,4,2,2,-3.1,-2.1,2.6,8.3,15.4,20.8,23.1,22.3,18.8,12.3,5.4,0.9,"['Short trip', 'Weekend', 'One week']",0,1,1,1,0,2,1.8988396557933134,-2.4512817289460362,Spokojne kierunki kulturowe
dbf5cdef-ff5d-4a67-8dba-8c220669ea4f,Suzhou,China,asia,"Serene gardens, ancient canals, and the gentle rustle of willow trees create a peaceful escape that invites you to slow down and unwind.",31.311123,120.6212881,"{""1"":{""avg"":4.7,""max"":9.8,""min"":0.4},""2"":{""avg"":6.1,""max"":10.6,""min"":2},""3"":{""avg"":11.6,""max"":16.7,""min"":6.9},""4"":{""avg"":16.3,""max"":21.2,""min"":11.8},""5"":{""avg"":21.2,""max"":26,""min"":16.8},""6"":{""avg"":25.1,""max"":29.2,""min"":21.4},""7"":{""avg"":29.1,""max"":32.5,""min"":26.4},""8"":{""avg"":28.5,""max"":32.1,""min"":25.3},""9"":{""avg"":24.3,""max"":28.1,""min"":21.1},""10"":{""avg"":18.6,""max"":23,""min"":14.6},""11"":{""avg"":13.2,""max"":18,""min"":9.3},""12"":{""avg"":5.1,""max"":10,""min"":0.9}}","[""Short trip"",""Weekend"",""One week""]",Mid-range,5,2,4,1,3,4,3,3,3,2,4.7,6.1,11.6,16.3,21.2,25.1,29.1,28.5,24.3,18.6,13.2,5.1,"['Short trip', 'Weekend', 'One week']",0,1,1,1,0,2,1.0234133727486707,-1.1936071559926607,Spokojne kierunki kulturowe
497a30a0-cdd6-4336-99f3-481f08fcce76,Sardinia,Italy,europe,"Crystal-clear waters, rugged coastlines, and charming villages create a serene escape where you can unwind and savor local flavors.",40.0912813,9.0305773,"{""1"":{""avg"":10.6,""max"":13.7,""min"":8},""2"":{""avg"":11.3,""max"":15.2,""min"":8.2},""3"":{""avg"":13.1,""max"":16.9,""min"":10},""4"":{""avg"":14.8,""max"":18.6,""min"":11},""5"":{""avg"":19,""max"":22.8,""min"":15},""6"":{""avg"":23.7,""max"":27.9,""min"":19.2},""7"":{""avg"":27.5,""max"":32.2,""min"":22.5},""8"":{""avg"":26.4,""max"":31.1,""min"":22.1},""9"":{""avg"":22.8,""max"":27.2,""min"":19.2},""10"":{""avg"":18.7,""max"":22.9,""min"":15.6},""11"":{""avg"":14.7,""max"":18,""min"":12.1},""12"":{""avg"":12.1,""max"":15.4,""min"":9.5}}","[""Short trip"",""One week"",""Long trip""]",Mid-range,3,4,5,5,3,4,4,3,4,2,10.6,11.3,13.1,14.8,19.0,23.7,27.5,26.4,22.8,18.7,14.7,12.1,"['Short trip', 'One week', 'Long trip']",0,0,1,1,1,3,-1.9471510007130512,2.553329227926092,"Plaże, natura i relaks"
19e2eecc-8394-482b-8469-d4ca8869797d,Port Vila,Vanuatu,oceania,"Lush greenery meets turquoise waters, where vibrant markets and friendly locals create a warm, inviting atmosphere amidst tropical island breezes.",-17.7414972,168.3150163,"{""1"":{""avg"":26.6,""max"":31.2,""min"":22.6},""2"":{""avg"":27.2,""max"":31.1,""min"":23.5},""3"":{""avg"":26.6,""max"":30.7,""min"":22.7},""4"":{""avg"":25.9,""max"":30.3,""min"":22.1},""5"":{""avg"":24.1,""max"":28.6,""min"":20},""6"":{""avg"":23.1,""max"":27.7,""min"":19.6},""7"":{""avg"":22.8,""max"":27.1,""min"":19.1},""8"":{""avg"":22.6,""max"":27.1,""min"":19.1},""9"":{""avg"":23.2,""max"":27.9,""min"":19.3},""10"":{""avg"":24.4,""max"":29.1,""min"":20.8},""11"":{""avg"":25.2,""max"":29.8,""min"":21.2},""12"":{""avg"":26.3,""max"":31.2,""min"":22.4}}","[""Short trip"",""Weekend"",""One week""]",Mid-range,3,4,5,4,2,3,4,2,4,2,26.6,27.2,26.6,25.9,24.1,23.1,22.8,22.6,23.2,24.4,25.2,26.3,"['Short trip', 'Weekend', 'One week']",0,1,1,1,0,0,-3.1691115356452912,1.2265953985682643,Natura i przygoda
00d7a74c-188a-4cea-aa66-f69397766a1e,Sibiu,Romania,europe,"Charming cobblestone streets and vibrant squares create a cozy atmosphere, inviting you to explore its rich history and welcoming local culture.",45.7973912,24.1519202,"{""1"":{""avg"":1.4,""max"":5,""min"":-1.7},""2"":{""avg"":2.4,""max"":7,""min"":-1.3},""3"":{""avg"":5.8,""max"":11,""min"":1.5},""4"":{""avg"":9.7,""max"":15.2,""min"":5.2},""5"":{""avg"":14.6,""max"":20.2,""min"":9.9},""6"":{""avg"":19.4,""max"":25.4,""min"":14.5},""7"":{""avg"":21.2,""max"":27.4,""min"":16.2},""8"":{""avg"":21,""max"":27.4,""min"":16},""9"":{""avg"":16.6,""max"":22.6,""min"":11.9},""10"":{""avg"":10.8,""max"":16.1,""min"":6.6},""11"":{""avg"":5.7,""max"":9.4,""min"":2.4},""12"":{""avg"":1.8,""max"":4.6,""min"":-0.7}}","[""Short trip"",""Weekend""]",Budget,4,3,4,1,3,3,3,3,4,1,1.4,2.4,5.8,9.7,14.6,19.4,21.2,21.0,16.6,10.8,5.7,1.8,"['Short trip', 'Weekend']",0,1,1,0,0,2,-0.7225436665730555,-1.0888793201827174,Spokojne kierunki kulturowe
44270077-ff2f-4123-96b9-7158aaff58a9,Luxor,Egypt,africa,"Sun-drenched landscapes and ancient temples create an awe-inspiring atmosphere, where history feels alive amid the vibrant local culture and bustling markets.",25.702096,32.647186,"{""1"":{""avg"":15.4,""max"":22.5,""min"":8.5},""2"":{""avg"":16.9,""max"":23.9,""min"":9.8},""3"":{""avg"":21.4,""max"":28.8,""min"":13.6},""4"":{""avg"":27.2,""max"":34.7,""min"":18.9},""5"":{""avg"":31.7,""max"":39,""min"":23.7},""6"":{""avg"":34.5,""max"":41.4,""min"":26.8},""7"":{""avg"":34.8,""max"":41.4,""min"":27.5},""8"":{""avg"":34.7,""max"":41.4,""min"":27.5},""9"":{""avg"":32.5,""max"":39.6,""min"":25.6},""10"":{""avg"":28.4,""max"":35.5,""min"":21.4},""11"":{""avg"":22.1,""max"":29,""min"":15.6},""12"":{""avg"":17,""max"":24.1,""min"":10.3}}","[""Short trip"",""One week""]",Budget,5,3,3,1,2,4,2,3,3,1,15.4,16.9,21.4,27.2,31.7,34.5,34.8,34.7,32.5,28.4,22.1,17.0,"['Short trip', 'One week']",0,0,1,1,0,2,0.7427350425497397,-2.3526327068644806,Spokojne kierunki kulturowe
604b2249-da94-48ac-aba9-5297e6c7f5c7,Providenciales,Turks and Caicos,north_america,"Crystal-clear turquoise waters, powdery white sand beaches, and a laid-back island vibe create a serene paradise perfect for unwinding and rejuvenating.",21.81444705,-72.15098494353239,"{""1"":{""avg"":23.6,""max"":27,""min"":20},""2"":{""avg"":24.3,""max"":27,""min"":20},""3"":{""avg"":25.2,""max"":28,""min"":21},""4"":{""avg"":26.6,""max"":29,""min"":22},""5"":{""avg"":27,""max"":30,""min"":23},""6"":{""avg"":27.2,""max"":31,""min"":23},""7"":{""avg"":27,""max"":32,""min"":24},""8"":{""avg"":26.4,""max"":32,""min"":24},""9"":{""avg"":25.4,""max"":32,""min"":24},""10"":{""avg"":24.7,""max"":31,""min"":23},""11"":{""avg"":24,""max"":29,""min"":22},""12"":{""avg"":23,""max"":27,""min"":21}}","[""One week"",""Short trip"",""Weekend""]",Luxury,2,3,4,5,3,4,4,2,4,3,23.6,24.3,25.2,26.6,27.0,27.2,27.0,26.4,25.4,24.7,24.0,23.0,"['One week', 'Short trip', 'Weekend']",0,1,1,1,0,3,-1.921683846458136,2.064177696545717,"Plaże, natura i relaks"
7034c2a1-23a7-4da3-97e6-f6b9a7a886dd,Siwa Oasis,Egypt,africa,"Wandering through sun-drenched palm groves and ancient ruins, you feel the timeless tranquility and unique charm of this remote desert haven.",29.215497900000003,25.46897258343824,"{""1"":{""avg"":12.3,""max"":18.3,""min"":6.9},""2"":{""avg"":13.9,""max"":19.8,""min"":6.9},""3"":{""avg"":17.7,""max"":23,""min"":10},""4"":{""avg"":22.5,""max"":29.2,""min"":14.9},""5"":{""avg"":27.3,""max"":34.2,""min"":19.5},""6"":{""avg"":30.3,""max"":36.6,""min"":22.5},""7"":{""avg"":31.3,""max"":38,""min"":23.3},""8"":{""avg"":31.5,""max"":37.8,""min"":24},""9"":{""avg"":28.7,""max"":34.1,""min"":21.2},""10"":{""avg"":23.8,""max"":28.6,""min"":17},""11"":{""avg"":18.5,""max"":24.1,""min"":12.6},""12"":{""avg"":14.1,""max"":19.5,""min"":8.8}}","[""Short trip"",""Weekend""]",Budget,4,3,5,1,1,3,4,1,5,1,12.3,13.9,17.7,22.5,27.3,30.3,31.3,31.5,28.7,23.8,18.5,14.1,"['Short trip', 'Weekend']",0,1,1,0,0,0,-3.278168615271444,-1.1583678729233928,Natura i przygoda
eb5b5644-d743-4bae-861a-99b1f631f095,Mombasa,Kenya,africa,"Lively markets, stunning beaches, and a fusion of cultures create a vibrant atmosphere where you can feel the ocean breeze and hear Swahili melodies.",-4.05052,39.667169,"{""1"":{""avg"":28,""max"":32.8,""min"":24.7},""2"":{""avg"":28.4,""max"":33.2,""min"":24.7},""3"":{""avg"":28.9,""max"":33.4,""min"":25.4},""4"":{""avg"":28.2,""max"":32,""min"":25},""5"":{""avg"":26.6,""max"":30.5,""min"":23.6},""6"":{""avg"":25.7,""max"":29.6,""min"":22.3},""7"":{""avg"":24.9,""max"":28.8,""min"":21.2},""8"":{""avg"":25,""max"":28.8,""min"":21.6},""9"":{""avg"":25.6,""max"":29.5,""min"":22.3},""10"":{""avg"":26.7,""max"":30.3,""min"":23.4},""11"":{""avg"":27.5,""max"":31.2,""min"":24.1},""12"":{""avg"":28,""max"":32.1,""min"":24.6}}","[""One week"",""Short trip"",""Weekend""]",Mid-range,4,4,4,5,3,4,3,3,3,2,28.0,28.4,28.9,28.2,26.6,25.7,24.9,25.0,25.6,26.7,27.5,28.0,"['One week', 'Short trip', 'Weekend']",0,1,1,1,0,3,-0.6033643300293918,1.2790593722687134,"Plaże, natura i relaks"
749fb1fb-78a2-43cc-a9e6-0594d8be5519,Dushanbe,Tajikistan,asia,"Tree-lined avenues and Soviet-era architecture blend with bustling bazaars, creating a unique atmosphere where tradition and modernity coexist harmoniously.",38.5762709,68.7863573,"{""1"":{""avg"":4.2,""max"":10.2,""min"":-0.7},""2"":{""avg"":6.9,""max"":13.2,""min"":1.6},""3"":{""avg"":11.8,""max"":18.4,""min"":6.2},""4"":{""avg"":16.5,""max"":23.9,""min"":9.8},""5"":{""avg"":21.4,""max"":29.1,""min"":13.5},""6"":{""avg"":26.7,""max"":35.2,""min"":17.4},""7"":{""avg"":29.7,""max"":38.2,""min"":20},""8"":{""avg"":27.2,""max"":36,""min"":17.5},""9"":{""avg"":22.7,""max"":32.1,""min"":13.3},""10"":{""avg"":15.6,""max"":24.2,""min"":8},""11"":{""avg"":9.4,""max"":16.5,""min"":3.7},""12"":{""avg"":5.4,""max"":11.8,""min"":0.3}}","[""Short trip"",""Weekend""]",Budget,3,4,4,1,2,3,2,2,4,1,4.2,6.9,11.8,16.5,21.4,26.7,29.7,27.2,22.7,15.6,9.4,5.4,"['Short trip', 'Weekend']",0,1,1,0,0,0,-2.2692551320585195,-1.9394526800942768,Natura i przygoda
e49419c6-0022-4c14-b3be-8bde13a47ab2,Cuzco,Peru,south_america,"Cobblestone streets, vibrant markets, and the scent of fresh Andean cuisine surround you in a city where ancient history meets lively modern culture.",-13.51695415,-71.97927120704406,"{""1"":{""avg"":13.3,""max"":20,""min"":8.3},""2"":{""avg"":13.2,""max"":19.8,""min"":8.6},""3"":{""avg"":13.2,""max"":20.4,""min"":8.1},""4"":{""avg"":13,""max"":20.6,""min"":6.5},""5"":{""avg"":11.9,""max"":20.8,""min"":3.8},""6"":{""avg"":11.1,""max"":20.8,""min"":1.8},""7"":{""avg"":11,""max"":21.4,""min"":1.4},""8"":{""avg"":12.5,""max"":21.9,""min"":3},""9"":{""avg"":13.5,""max"":21.9,""min"":5.3},""10"":{""avg"":14,""max"":21.8,""min"":6.9},""11"":{""avg"":14.6,""max"":21.6,""min"":8.2},""12"":{""avg"":13.3,""max"":20.3,""min"":8}}","[""One week"",""Short trip""]",Budget,5,4,5,1,3,4,3,3,3,1,13.3,13.2,13.2,13.0,11.9,11.1,11.0,12.5,13.5,14.0,14.6,13.3,"['One week', 'Short trip']",0,0,1,1,0,2,-0.23418657216967537,-0.213937665482119,Spokojne kierunki kulturowe
b893d102-fb92-4032-9117-5826ef4cf1aa,Nara,Japan,asia,"Ancient temples, serene deer-filled parks, and tranquil gardens offer a peaceful escape, inviting you to wander and reflect in harmony with nature.",34.2963089,135.8816819,"{""1"":{""avg"":7,""max"":12.4,""min"":2},""2"":{""avg"":7.8,""max"":13.2,""min"":2.6},""3"":{""avg"":11.4,""max"":17,""min"":6.8},""4"":{""avg"":15.5,""max"":20.5,""min"":11.5},""5"":{""avg"":19.2,""max"":23.7,""min"":14.5},""6"":{""avg"":22.3,""max"":26.5,""min"":18.9},""7"":{""avg"":26.3,""max"":31.6,""min"":23.7},""8"":{""avg"":27.4,""max"":31.7,""min"":24.4},""9"":{""avg"":24.3,""max"":28.6,""min"":22.2},""10"":{""avg"":19.2,""max"":24.6,""min"":15.8},""11"":{""avg"":14.4,""max"":19.5,""min"":10.2},""12"":{""avg"":9.2,""max"":14.3,""min"":4.1}}","[""Short trip"",""Weekend"",""Day trip""]",Mid-range,5,2,4,1,2,4,3,3,4,2,7.0,7.8,11.4,15.5,19.2,22.3,26.3,27.4,24.3,19.2,14.4,9.2,"['Short trip', 'Weekend', 'Day trip']",1,1,1,0,0,2,0.21378496515947276,-1.7124337195988644,Spokojne kierunki kulturowe
5c81761c-2753-4c1c-b724-f0a7f923540d,Buenos Aires,Argentina,south_america,"Lively streets filled with tango rhythms, vibrant markets, and historic architecture create an irresistible blend of culture and energy.",-34.6083696,-58.4440583,"{""1"":{""avg"":25.4,""max"":31.2,""min"":21.1},""2"":{""avg"":24.7,""max"":30.4,""min"":20},""3"":{""avg"":22.4,""max"":28,""min"":18.2},""4"":{""avg"":19.1,""max"":24.4,""min"":15.3},""5"":{""avg"":14.8,""max"":19.5,""min"":10.9},""6"":{""avg"":12.4,""max"":17.9,""min"":8.3},""7"":{""avg"":11.7,""max"":16.4,""min"":7.7},""8"":{""avg"":13.5,""max"":19,""min"":9.1},""9"":{""avg"":15.5,""max"":21.1,""min"":11.4},""10"":{""avg"":17.9,""max"":23.6,""min"":13.7},""11"":{""avg"":21.5,""max"":28,""min"":17.1},""12"":{""avg"":23.9,""max"":29.8,""min"":19.1}}","[""Long trip"",""One week""]",Mid-range,5,3,2,2,5,5,3,5,2,2,25.4,24.7,22.4,19.1,14.8,12.4,11.7,13.5,15.5,17.9,21.5,23.9,"['Long trip', 'One week']",0,0,0,1,1,1,3.9479990686514332,0.7723925963459612,Miejskie i kulturowe
252e5f0f-bc45-4a80-9c12-c0262cf2b733,Córdoba,Argentina,south_america,"Historic streets buzz with student energy, colonial architecture, and a lively arts scene, offering a vibrant mix of tradition and modernity.",-31.4166867,-64.1834193,"{""1"":{""avg"":24.5,""max"":31.6,""min"":18.4},""2"":{""avg"":22.8,""max"":30,""min"":17},""3"":{""avg"":21.1,""max"":28.6,""min"":15.3},""4"":{""avg"":18.2,""max"":25.1,""min"":13.2},""5"":{""avg"":13.9,""max"":20.9,""min"":7.9},""6"":{""avg"":11.1,""max"":19.3,""min"":4.2},""7"":{""avg"":10.8,""max"":19.2,""min"":3.7},""8"":{""avg"":13.7,""max"":22.6,""min"":5.4},""9"":{""avg"":16.3,""max"":25.1,""min"":8.9},""10"":{""avg"":18.7,""max"":27,""min"":11.8},""11"":{""avg"":22,""max"":30,""min"":15.4},""12"":{""avg"":24,""max"":31.7,""min"":17.3}}","[""One week"",""Short trip"",""Weekend""]",Mid-range,4,3,4,1,3,4,3,4,3,2,24.5,22.8,21.1,18.2,13.9,11.1,10.8,13.7,16.3,18.7,22.0,24.0,"['One week', 'Short trip', 'Weekend']",0,1,1,1,0,2,0.6258729768253171,-0.4159833783393043,Spokojne kierunki kulturowe
8836b237-a5c2-49ac-ab48-2b705d4c56f6,Sydney,Australia,oceania,"A lively harbor city where golden beaches meet urban sophistication, offering a blend of vibrant culture and stunning natural beauty.",-33.8698439,151.2082848,"{""1"":{""avg"":23.9,""max"":28.4,""min"":20.2},""2"":{""avg"":23.5,""max"":27.6,""min"":20},""3"":{""avg"":22.3,""max"":26.5,""min"":18.9},""4"":{""avg"":19.6,""max"":24,""min"":15.6},""5"":{""avg"":16.4,""max"":21.1,""min"":12.1},""6"":{""avg"":13.8,""max"":18.3,""min"":9.7},""7"":{""avg"":13.6,""max"":18.6,""min"":9},""8"":{""avg"":14.7,""max"":19.8,""min"":9.8},""9"":{""avg"":17,""max"":22.2,""min"":12.1},""10"":{""avg"":19.3,""max"":24.2,""min"":14.9},""11"":{""avg"":20.9,""max"":25.5,""min"":16.9},""12"":{""avg"":22.7,""max"":27.5,""min"":18.7}}","[""Long trip"",""One week"",""Short trip""]",Luxury,4,4,4,5,4,4,3,5,2,3,23.9,23.5,22.3,19.6,16.4,13.8,13.6,14.7,17.0,19.3,20.9,22.7,"['Long trip', 'One week', 'Short trip']",0,0,1,1,1,3,1.0408564722998839,2.0849917543981067,"Plaże, natura i relaks"
0517a59d-8d92-4687-9aaa-323ba211f28e,Hualien,Taiwan,asia,"Nestled between lush mountains and the Pacific Ocean, this place offers stunning landscapes, tranquil vibes, and a welcoming local culture.",23.9913421,121.6197276,"{""1"":{""avg"":20,""max"":22.9,""min"":17.9},""2"":{""avg"":21,""max"":24.1,""min"":18.6},""3"":{""avg"":20.9,""max"":24.3,""min"":18.2},""4"":{""avg"":22.7,""max"":25.5,""min"":20},""5"":{""avg"":24.4,""max"":27.7,""min"":22.1},""6"":{""avg"":27,""max"":30.1,""min"":24.3},""7"":{""avg"":29.3,""max"":32.9,""min"":26.2},""8"":{""avg"":28.9,""max"":32.7,""min"":25.8},""9"":{""avg"":27.4,""max"":31.4,""min"":24.3},""10"":{""avg"":24.5,""max"":28,""min"":21.5},""11"":{""avg"":22,""max"":25,""min"":19},""12"":{""avg"":20.5,""max"":23.5,""min"":18}}","[""Short trip"",""Weekend"",""One week""]",Mid-range,3,4,5,3,2,4,3,3,4,2,20.0,21.0,20.9,22.7,24.4,27.0,29.3,28.9,27.4,24.5,22.0,20.5,"['Short trip', 'Weekend', 'One week']",0,1,1,1,0,0,-2.05970905417529,0.48656262206296674,Natura i przygoda
784d64bc-ad12-4648-8094-07151548001d,Vienna,Austria,europe,"Grand architecture and cobblestone streets set a charming backdrop for cozy coffeehouses and vibrant cultural scenes, inviting leisurely exploration.",48.2083537,16.3725042,"{""1"":{""avg"":2.5,""max"":4.7,""min"":0.5},""2"":{""avg"":5,""max"":7.9,""min"":2.5},""3"":{""avg"":7,""max"":12.3,""min"":3.6},""4"":{""avg"":12,""max"":16.7,""min"":7.8},""5"":{""avg"":16.2,""max"":20.6,""min"":12.2},""6"":{""avg"":21.6,""max"":26.6,""min"":16.9},""7"":{""avg"":23.3,""max"":28.2,""min"":18.7},""8"":{""avg"":23,""max"":27.8,""min"":18.7},""9"":{""avg"":18,""max"":22.3,""min"":14.3},""10"":{""avg"":12.7,""max"":16.1,""min"":10},""11"":{""avg"":7.3,""max"":9.7,""min"":5.2},""12"":{""avg"":3.9,""max"":6,""min"":2}}","[""One week"",""Short trip"",""Weekend""]",Mid-range,5,2,3,1,4,5,4,5,2,2,2.5,5.0,7.0,12.0,16.2,21.6,23.3,23.0,18.0,12.7,7.3,3.9,"['One week', 'Short trip', 'Weekend']",0,1,1,1,0,1,3.5455050997272983,0.758753696097164,Miejskie i kulturowe
472a370a-f213-4bdd-bef7-e00aa2eb2ca4,Baku,Azerbaijan,asia,"A city where futuristic architecture meets ancient history, offering a unique blend of modernity and tradition with a lively, welcoming atmosphere.",40.3755885,49.8328009,"{""1"":{""avg"":6.1,""max"":8.9,""min"":3.2},""2"":{""avg"":6,""max"":9,""min"":3.2},""3"":{""avg"":8.3,""max"":12,""min"":5.1},""4"":{""avg"":13.2,""max"":17.7,""min"":9.1},""5"":{""avg"":18.5,""max"":23.2,""min"":14.3},""6"":{""avg"":25.2,""max"":30.3,""min"":20.1},""7"":{""avg"":27.4,""max"":31.9,""min"":22.9},""8"":{""avg"":27.1,""max"":32,""min"":22},""9"":{""avg"":23,""max"":27.3,""min"":18.5},""10"":{""avg"":17,""max"":20.4,""min"":13.5},""11"":{""avg"":11.9,""max"":14.6,""min"":8.9},""12"":{""avg"":8.2,""max"":10.5,""min"":5.8}}","[""One week"",""Short trip""]",Mid-range,4,3,3,2,4,4,3,4,2,2,6.1,6.0,8.3,13.2,18.5,25.2,27.4,27.1,23.0,17.0,11.9,8.2,"['One week', 'Short trip']",0,0,1,1,0,1,1.776291285122801,0.2605015106206888,Miejskie i kulturowe
8fbef9b4-80b6-4ef5-9196-d92d4fb81e25,Minsk,Belarus,europe,"Wide boulevards and Soviet-era architecture mix with vibrant cafes and green parks, offering a unique blend of history and modern charm.",53.9024716,27.5618225,"{""1"":{""avg"":-3,""max"":-1.4,""min"":-5.8},""2"":{""avg"":-1.8,""max"":0.6,""min"":-4.7},""3"":{""avg"":2.3,""max"":6.5,""min"":-1.9},""4"":{""avg"":7.7,""max"":12.8,""min"":2.3},""5"":{""avg"":13.4,""max"":18.9,""min"":7},""6"":{""avg"":18.7,""max"":24,""min"":12.3},""7"":{""avg"":19,""max"":24.1,""min"":13.6},""8"":{""avg"":19.3,""max"":24.8,""min"":13.4},""9"":{""avg"":13.7,""max"":18.8,""min"":8.7},""10"":{""avg"":7.5,""max"":11.1,""min"":4},""11"":{""avg"":2.3,""max"":4.1,""min"":0.2},""12"":{""avg"":-0.9,""max"":0.6,""min"":-3}}","[""Short trip"",""Weekend""]",Budget,3,2,3,1,3,3,2,3,3,1,-3.0,-1.8,2.3,7.7,13.4,18.7,19.0,19.3,13.7,7.5,2.3,-0.9,"['Short trip', 'Weekend']",0,1,1,0,0,2,0.21526941781906356,-2.2567426977370197,Spokojne kierunki kulturowe
99337dc9-9aff-4695-8c40-f5737939bedd,Santa Cruz,Bolivia,south_america,"Vibrant streets buzz with the energy of lively markets and the aroma of street food, set against a backdrop of lush green parks.",-17.333333,-61.5,"{""1"":{""avg"":28.7,""max"":34.3,""min"":22.8},""2"":{""avg"":28.1,""max"":33.5,""min"":22.2},""3"":{""avg"":28,""max"":33.6,""min"":21.7},""4"":{""avg"":27,""max"":32.9,""min"":20.6},""5"":{""avg"":24.3,""max"":29.8,""min"":17},""6"":{""avg"":23.3,""max"":30.6,""min"":15.7},""7"":{""avg"":24.4,""max"":31,""min"":15.8},""8"":{""avg"":26.6,""max"":33.4,""min"":17.8},""9"":{""avg"":28.6,""max"":35.7,""min"":20.6},""10"":{""avg"":29.9,""max"":36.6,""min"":23.1},""11"":{""avg"":29.7,""max"":35.5,""min"":23.3},""12"":{""avg"":29.3,""max"":34.6,""min"":23.3}}","[""Short trip"",""Weekend"",""One week""]",Budget,3,4,4,2,3,3,3,3,3,1,28.7,28.1,28.0,27.0,24.3,23.3,24.4,26.6,28.6,29.9,29.7,29.3,"['Short trip', 'Weekend', 'One week']",0,1,1,1,0,0,-1.2208534678586285,0.021942351370987687,Natura i przygoda
3dcec783-933e-4928-b50a-65b7050f50ff,Mostar,Bosnia and Herzegovina,europe,"Cobblestone streets, the sound of the river below, and the iconic bridge create a charming and reflective atmosphere in this historic town.",43.3435855,17.8076584,"{""1"":{""avg"":6.2,""max"":9.8,""min"":2.5},""2"":{""avg"":9.2,""max"":14,""min"":4.7},""3"":{""avg"":11.4,""max"":16.5,""min"":6.2},""4"":{""avg"":15.2,""max"":20.7,""min"":9},""5"":{""avg"":19.1,""max"":24.4,""min"":13.3},""6"":{""avg"":25.1,""max"":31.1,""min"":18.3},""7"":{""avg"":28.9,""max"":35.4,""min"":21.5},""8"":{""avg"":28.6,""max"":34.8,""min"":21.4},""9"":{""avg"":22.9,""max"":28.7,""min"":16.8},""10"":{""avg"":17.5,""max"":23.3,""min"":12.2},""11"":{""avg"":12.3,""max"":16.1,""min"":8.6},""12"":{""avg"":8.4,""max"":11.5,""min"":5.6}}","[""Weekend"",""Short trip"",""Day trip""]",Budget,4,3,4,1,3,4,3,3,3,1,6.2,9.2,11.4,15.2,19.1,25.1,28.9,28.6,22.9,17.5,12.3,8.4,"['Weekend', 'Short trip', 'Day trip']",1,1,1,0,0,2,0.20857677945527836,-0.559536287600899,Spokojne kierunki kulturowe
2fdfc5be-fe93-4c81-8a14-a0f17ca22b60,Salvador da Bahia,Brazil,south_america,"Lively streets filled with music and dance, vibrant markets, and stunning coastal views create an energetic yet laid-back atmosphere.",-13.2432762,-43.3742847,"{""1"":{""avg"":26.5,""max"":32,""min"":22.1},""2"":{""avg"":26.9,""max"":32.6,""min"":22.5},""3"":{""avg"":27.7,""max"":33.2,""min"":22.5},""4"":{""avg"":27.4,""max"":33.1,""min"":22.3},""5"":{""avg"":26.5,""max"":33.1,""min"":20.8},""6"":{""avg"":25.5,""max"":32.4,""min"":19},""7"":{""avg"":24.7,""max"":31.9,""min"":18.2},""8"":{""avg"":26.6,""max"":33.5,""min"":19.4},""9"":{""avg"":29.3,""max"":36.3,""min"":21.6},""10"":{""avg"":29.9,""max"":36.9,""min"":24},""11"":{""avg"":27.4,""max"":33.4,""min"":22.9},""12"":{""avg"":27.5,""max"":32.7,""min"":22.5}}","[""One week"",""Short trip"",""Weekend""]",Mid-range,5,3,4,4,4,5,3,3,2,2,26.5,26.9,27.7,27.4,26.5,25.5,24.7,26.6,29.3,29.9,27.4,27.5,"['One week', 'Short trip', 'Weekend']",0,1,1,1,0,1,1.6356943248737126,1.2164072969030302,Miejskie i kulturowe
7953a021-a4c4-4fbf-b5a8-92467f8280ed,Bujumbura,Burundi,africa,"A city where vibrant street markets and lush lakeside views create an inviting atmosphere, full of lively interactions and serene moments.",-3.3638125,29.3675028,"{""1"":{""avg"":24,""max"":28.9,""min"":20.3},""2"":{""avg"":24.3,""max"":29.4,""min"":20.5},""3"":{""avg"":24.3,""max"":29.6,""min"":20.3},""4"":{""avg"":24.2,""max"":29.1,""min"":20.4},""5"":{""avg"":25,""max"":30,""min"":20.4},""6"":{""avg"":24.7,""max"":29.8,""min"":19.8},""7"":{""avg"":24.3,""max"":29.5,""min"":18.9},""8"":{""avg"":24.7,""max"":30.2,""min"":19.3},""9"":{""avg"":25.1,""max"":30.9,""min"":19.9},""10"":{""avg"":24.7,""max"":30.1,""min"":20.1},""11"":{""avg"":23.9,""max"":28.8,""min"":20},""12"":{""avg"":23.9,""max"":28.6,""min"":20}}","[""Short trip"",""Weekend""]",Budget,3,3,4,3,2,3,2,2,4,1,24.0,24.3,24.3,24.2,25.0,24.7,24.3,24.7,25.1,24.7,23.9,23.9,"['Short trip', 'Weekend']",0,1,1,0,0,2,-2.063375886653232,-1.6010224794996946,Spokojne kierunki kulturowe
9226cd83-fc8a-417b-99c0-f46db4cf4d5d,Yaoundé,Cameroon,africa,Lush greenery and vibrant markets create a lively atmosphere filled with the scent of street food and the rhythm of local music.,3.8689867,11.5213344,"{""1"":{""avg"":25,""max"":31.6,""min"":20.1},""2"":{""avg"":25.6,""max"":32.1,""min"":21.1},""3"":{""avg"":25.3,""max"":31.3,""min"":21.2},""4"":{""avg"":24.8,""max"":30.4,""min"":21},""5"":{""avg"":24.7,""max"":29.8,""min"":21.1},""6"":{""avg"":23.9,""max"":28.7,""min"":20.8},""7"":{""avg"":23.6,""max"":28,""min"":20.8},""8"":{""avg"":23.6,""max"":28.3,""min"":20.6},""9"":{""avg"":23.6,""max"":28.7,""min"":20.5},""10"":{""avg"":23.8,""max"":29.2,""min"":20.4},""11"":{""avg"":24.6,""max"":30.2,""min"":20.8},""12"":{""avg"":24.8,""max"":31.1,""min"":20.2}}","[""Short trip"",""Weekend""]",Budget,4,3,3,1,3,4,2,3,2,1,25.0,25.6,25.3,24.8,24.7,23.9,23.6,23.6,23.6,23.8,24.6,24.8,"['Short trip', 'Weekend']",0,1,1,0,0,2,1.1454267236106268,-1.5869803610933315,Spokojne kierunki kulturowe
b83e6115-b517-4e85-b1d9-fecf35d3993c,Galway,Ireland,europe,Charming cobblestone streets and vibrant pubs filled with music create an inviting atmosphere where the warmth of the locals is unforgettable.,53.2744122,-9.0490601,"{""1"":{""avg"":6.2,""max"":8.7,""min"":3.5},""2"":{""avg"":6.4,""max"":9.1,""min"":3.8},""3"":{""avg"":7.8,""max"":10.8,""min"":4.9},""4"":{""avg"":9.4,""max"":13,""min"":5.8},""5"":{""avg"":11.9,""max"":15.8,""min"":8},""6"":{""avg"":14.2,""max"":17.8,""min"":10.6},""7"":{""avg"":16.2,""max"":19.5,""min"":12.9},""8"":{""avg"":15.8,""max"":19.1,""min"":12.5},""9"":{""avg"":13.8,""max"":17.3,""min"":10.4},""10"":{""avg"":11,""max"":14.1,""min"":7.9},""11"":{""avg"":8,""max"":11,""min"":5.1},""12"":{""avg"":6.3,""max"":9,""min"":3.6}}","[""Short trip"",""Weekend""]",Mid-range,4,3,4,3,4,4,3,3,3,2,6.2,6.4,7.8,9.4,11.9,14.2,16.2,15.8,13.8,11.0,8.0,6.3,"['Short trip', 'Weekend']",0,1,1,0,0,3,0.3986474629969653,0.5710524030754586,"Plaże, natura i relaks"
d1fdface-d3c3-45fe-b7ec-ecf1aebec736,Calgary,Canada,north_america,"A dynamic blend of urban sophistication and stunning natural landscapes, where vibrant arts scenes meet the majestic Rockies under vast blue skies.",51.0456064,-114.057541,"{""1"":{""avg"":-5.5,""max"":0.2,""min"":-11},""2"":{""avg"":-6.9,""max"":-1.5,""min"":-12.3},""3"":{""avg"":-1.6,""max"":4.2,""min"":-7.4},""4"":{""avg"":4.6,""max"":10.9,""min"":-1.7},""5"":{""avg"":10.9,""max"":17.4,""min"":4.4},""6"":{""avg"":15.3,""max"":21.6,""min"":9},""7"":{""avg"":18.2,""max"":24.8,""min"":11.6},""8"":{""avg"":17.5,""max"":24.2,""min"":10.8},""9"":{""avg"":12.3,""max"":18.4,""min"":6},""10"":{""avg"":5.4,""max"":11.5,""min"":-0.6},""11"":{""avg"":-1,""max"":4.6,""min"":-6.4},""12"":{""avg"":-6,""max"":-0.8,""min"":-11.2}}","[""One week"",""Short trip"",""Weekend""]",Mid-range,4,4,5,1,3,3,3,4,3,2,-5.5,-6.9,-1.6,4.6,10.9,15.3,18.2,17.5,12.3,5.4,-1.0,-6.0,"['One week', 'Short trip', 'Weekend']",0,1,1,1,0,2,-0.7374104446685648,-0.23898884688615257,Spokojne kierunki kulturowe
c2ee230d-f1b2-4831-bf1a-36469bc6eb98,Halifax,Canada,north_america,"Charming coastal vibes blend with historic architecture, lively pubs, and the salty breeze, creating an inviting and laid-back maritime atmosphere.",44.648618,-63.5859487,"{""1"":{""avg"":-2,""max"":1.8,""min"":-5.9},""2"":{""avg"":-2.9,""max"":0.9,""min"":-6.4},""3"":{""avg"":0,""max"":3.9,""min"":-3.8},""4"":{""avg"":5.2,""max"":8.9,""min"":1.6},""5"":{""avg"":9.9,""max"":14.3,""min"":5.7},""6"":{""avg"":14.9,""max"":19.4,""min"":10.6},""7"":{""avg"":19.5,""max"":23.7,""min"":15.3},""8"":{""avg"":20.1,""max"":24.1,""min"":16.1},""9"":{""avg"":17,""max"":21,""min"":13.1},""10"":{""avg"":11.8,""max"":15.3,""min"":8.1},""11"":{""avg"":6.1,""max"":9.3,""min"":2.6},""12"":{""avg"":1.1,""max"":4.4,""min"":-2.2}}","[""Short trip"",""Weekend""]",Mid-range,4,3,4,3,3,4,3,3,4,2,-2.0,-2.9,0.0,5.2,9.9,14.9,19.5,20.1,17.0,11.8,6.1,1.1,"['Short trip', 'Weekend']",0,1,1,0,0,2,-0.4109809445922327,0.05222583946925476,Spokojne kierunki kulturowe
9b29ecd2-a840-4fc2-b55e-85a2a99d67b0,Sal,Cape Verde,africa,"Golden beaches meet turquoise waters under a sun that never seems to set, creating a laid-back vibe perfect for unwinding.",16.720455649999998,-22.93867612702632,"{""1"":{""avg"":22.1,""max"":25.3,""min"":18.9},""2"":{""avg"":21.5,""max"":25.3,""min"":18.5},""3"":{""avg"":21.6,""max"":25.6,""min"":18.4},""4"":{""avg"":22.4,""max"":26.4,""min"":19.2},""5"":{""avg"":23.2,""max"":26.8,""min"":19.8},""6"":{""avg"":24.4,""max"":27.6,""min"":21.4},""7"":{""avg"":25.6,""max"":28.8,""min"":22.5},""8"":{""avg"":26.8,""max"":30.2,""min"":23.6},""9"":{""avg"":27.5,""max"":30.8,""min"":24.5},""10"":{""avg"":26.8,""max"":30.4,""min"":23.9},""11"":{""avg"":25.2,""max"":28.5,""min"":22.1},""12"":{""avg"":23.3,""max"":26.5,""min"":20.3}}","[""One week"",""Short trip"",""Weekend""]",Mid-range,2,3,3,5,3,3,3,2,4,2,22.1,21.5,21.6,22.4,23.2,24.4,25.6,26.8,27.5,26.8,25.2,23.3,"['One week', 'Short trip', 'Weekend']",0,1,1,1,0,3,-1.9159543483311214,0.5073905904714658,"Plaże, natura i relaks"
0949dd9a-c23e-45c7-b1cf-bdd110a760c8,Bath,United Kingdom,europe,"Charming cobblestone streets, historic architecture, and the soothing warmth of natural hot springs create a serene and inviting experience.",51.3813864,-2.3596963,"{""1"":{""avg"":5.2,""max"":7.6,""min"":2.7},""2"":{""avg"":6.8,""max"":9.5,""min"":4.2},""3"":{""avg"":8.1,""max"":11.3,""min"":4.9},""4"":{""avg"":9.4,""max"":13.2,""min"":5.6},""5"":{""avg"":12.8,""max"":16.8,""min"":8.5},""6"":{""avg"":15.6,""max"":19.5,""min"":11.5},""7"":{""avg"":17.7,""max"":21.6,""min"":13.7},""8"":{""avg"":17.4,""max"":21.1,""min"":13.9},""9"":{""avg"":15.2,""max"":18.9,""min"":11.7},""10"":{""avg"":12,""max"":14.9,""min"":9.1},""11"":{""avg"":8.4,""max"":10.7,""min"":6.1},""12"":{""avg"":6.8,""max"":8.7,""min"":4.8}}","[""Short trip"",""Weekend""]",Mid-range,5,2,3,1,3,4,5,3,3,2,5.2,6.8,8.1,9.4,12.8,15.6,17.7,17.4,15.2,12.0,8.4,6.8,"['Short trip', 'Weekend']",0,1,1,0,0,1,1.3101883239779568,0.47356935632396374,Miejskie i kulturowe
4f691336-e290-4fb8-8f6f-041744450398,Pristina,Kosovo,europe,"A city where vibrant street life, intriguing history, and the aroma of freshly brewed coffee blend into a unique and welcoming atmosphere.",42.6638771,21.1640849,"{""1"":{""avg"":1.4,""max"":5.2,""min"":-1.6},""2"":{""avg"":4.3,""max"":9.4,""min"":0.2},""3"":{""avg"":7.7,""max"":13.2,""min"":2.9},""4"":{""avg"":11.1,""max"":16.9,""min"":5.6},""5"":{""avg"":15.8,""max"":21.5,""min"":10.3},""6"":{""avg"":20.8,""max"":26.9,""min"":14.9},""7"":{""avg"":23.4,""max"":30.2,""min"":16.7},""8"":{""avg"":22.9,""max"":30,""min"":16.4},""9"":{""avg"":18.1,""max"":25,""min"":12.2},""10"":{""avg"":13,""max"":19.8,""min"":7.8},""11"":{""avg"":7.8,""max"":12.7,""min"":4.1},""12"":{""avg"":3.5,""max"":6.9,""min"":0.7}}","[""Short trip"",""Weekend""]",Budget,3,2,2,1,3,3,2,3,3,1,1.4,4.3,7.7,11.1,15.8,20.8,23.4,22.9,18.1,13.0,7.8,3.5,"['Short trip', 'Weekend']",0,1,1,0,0,2,0.6570696292072467,-2.4619220157939297,Spokojne kierunki kulturowe
222fef61-1cb1-492a-af39-3244dd5eaf73,Belgrade,Serbia,europe,"Lively streets filled with eclectic architecture, vibrant nightlife, and a fusion of Eastern and Western influences create an inviting, energetic atmosphere.",44.8178131,20.4568974,"{""1"":{""avg"":2.9,""max"":6.1,""min"":-0.1},""2"":{""avg"":6,""max"":10.4,""min"":2.5},""3"":{""avg"":8.8,""max"":13.7,""min"":4.7},""4"":{""avg"":13.7,""max"":19.4,""min"":8.6},""5"":{""avg"":18.1,""max"":23.5,""min"":13.4},""6"":{""avg"":22.9,""max"":28.2,""min"":18},""7"":{""avg"":25.2,""max"":30.8,""min"":19.8},""8"":{""avg"":25.1,""max"":31.2,""min"":19.7},""9"":{""avg"":20,""max"":25.9,""min"":15.3},""10"":{""avg"":14.3,""max"":19.9,""min"":10.4},""11"":{""avg"":8.8,""max"":12.9,""min"":5.7},""12"":{""avg"":4.6,""max"":8,""min"":2}}","[""One week"",""Short trip"",""Weekend""]",Budget,4,3,3,2,5,4,3,4,2,1,2.9,6.0,8.8,13.7,18.1,22.9,25.2,25.1,20.0,14.3,8.8,4.6,"['One week', 'Short trip', 'Weekend']",0,1,1,1,0,1,2.1683825900242826,0.6654149144756482,Miejskie i kulturowe
43bf31e6-e12e-4752-abdf-87472616ead1,Dallas,United States,north_america,"A lively mix of modern skyscrapers and historic districts, this city offers a dynamic atmosphere with vibrant arts, cuisine, and culture.",32.7762719,-96.7968559,"{""1"":{""avg"":8.5,""max"":14.2,""min"":3},""2"":{""avg"":10.7,""max"":16.4,""min"":5.1},""3"":{""avg"":16.3,""max"":21.8,""min"":10.8},""4"":{""avg"":19.5,""max"":25,""min"":13.9},""5"":{""avg"":24.2,""max"":29.2,""min"":19.2},""6"":{""avg"":28.7,""max"":33.8,""min"":23.9},""7"":{""avg"":31,""max"":36.2,""min"":26},""8"":{""avg"":30.8,""max"":36.2,""min"":25.8},""9"":{""avg"":27.4,""max"":32.9,""min"":22.3},""10"":{""avg"":21.2,""max"":27.1,""min"":15.6},""11"":{""avg"":14.8,""max"":20.4,""min"":9.4},""12"":{""avg"":11.3,""max"":16.8,""min"":5.9}}","[""One week"",""Short trip"",""Weekend""]",Mid-range,4,3,2,1,4,4,3,4,2,2,8.5,10.7,16.3,19.5,24.2,28.7,31.0,30.8,27.4,21.2,14.8,11.3,"['One week', 'Short trip', 'Weekend']",0,1,1,1,0,1,2.3191018071908815,-0.3075154508469201,Miejskie i kulturowe
8ffa36b1-c3eb-4d2d-bc8b-8768f6ecfff1,Guilin,China,asia,"Lush karst mountains rise dramatically above serene rivers and rice paddies, offering a tranquil escape with breathtaking natural beauty at every turn.",25.2779894,110.2910622,"{""1"":{""avg"":9.9,""max"":14.3,""min"":6.5},""2"":{""avg"":11.2,""max"":15.6,""min"":7.5},""3"":{""avg"":15.7,""max"":20.1,""min"":12.3},""4"":{""avg"":20.2,""max"":25,""min"":16.5},""5"":{""avg"":24.1,""max"":28.7,""min"":20.6},""6"":{""avg"":26.8,""max"":31.3,""min"":23.8},""7"":{""avg"":28.8,""max"":34,""min"":24.9},""8"":{""avg"":28.6,""max"":34.3,""min"":24.8},""9"":{""avg"":27.2,""max"":32.9,""min"":22.8},""10"":{""avg"":21.7,""max"":27.3,""min"":17.3},""11"":{""avg"":16.7,""max"":21.9,""min"":12.7},""12"":{""avg"":10.8,""max"":15.8,""min"":6.8}}","[""One week"",""Short trip"",""Weekend""]",Budget,3,4,5,1,2,3,3,2,4,1,9.9,11.2,15.7,20.2,24.1,26.8,28.8,28.6,27.2,21.7,16.7,10.8,"['One week', 'Short trip', 'Weekend']",0,1,1,1,0,0,-2.788567973526151,-0.7980954468506001,Natura i przygoda
f69c75d8-329c-4769-bda1-ea15a27dcc33,Hallstatt,Austria,europe,"Nestled by a serene lake, this picturesque village enchants with its cobblestone streets, alpine views, and a tranquil, timeless atmosphere.",47.5621698,13.6486697,"{""1"":{""avg"":-0.1,""max"":3.3,""min"":-2.5},""2"":{""avg"":2.4,""max"":6.9,""min"":-0.9},""3"":{""avg"":5.6,""max"":10.5,""min"":1},""4"":{""avg"":8.7,""max"":14.2,""min"":3.4},""5"":{""avg"":11.8,""max"":16.4,""min"":7.1},""6"":{""avg"":18.3,""max"":24,""min"":12.5},""7"":{""avg"":18.6,""max"":23.9,""min"":13.3},""8"":{""avg"":18.2,""max"":23.6,""min"":13.2},""9"":{""avg"":14.1,""max"":19.5,""min"":9.7},""10"":{""avg"":10.3,""max"":15.5,""min"":6.4},""11"":{""avg"":4.1,""max"":7.6,""min"":1.6},""12"":{""avg"":1.1,""max"":3.8,""min"":-1.2}}","[""Weekend"",""Day trip""]",Mid-range,4,3,5,2,2,3,3,2,4,2,-0.1,2.4,5.6,8.7,11.8,18.3,18.6,18.2,14.1,10.3,4.1,1.1,"['Weekend', 'Day trip']",1,1,0,0,0,0,-2.074741690912656,-1.0693286718316624,Natura i przygoda
c3963b0a-b8da-4320-aa9d-bead15d4b37a,Nicosia,Cyprus,europe,"Wander through leafy streets where ancient history meets modern life, with a vibrant café culture and a warm, welcoming atmosphere.",35.1746503,33.3638783,"{""1"":{""avg"":11,""max"":16.8,""min"":6.8},""2"":{""avg"":11.1,""max"":17.4,""min"":6.4},""3"":{""avg"":14.8,""max"":21,""min"":9},""4"":{""avg"":18.6,""max"":26.4,""min"":12.5},""5"":{""avg"":22.6,""max"":30.2,""min"":16.2},""6"":{""avg"":27.2,""max"":34.6,""min"":20.6},""7"":{""avg"":30.8,""max"":38.4,""min"":24},""8"":{""avg"":29.5,""max"":37.6,""min"":22.8},""9"":{""avg"":26.3,""max"":34.1,""min"":20.3},""10"":{""avg"":21.6,""max"":28.9,""min"":16.4},""11"":{""avg"":17,""max"":23.4,""min"":12.4},""12"":{""avg"":13.3,""max"":19.4,""min"":9.2}}","[""One week"",""Short trip"",""Weekend""]",Mid-range,4,3,3,2,3,4,3,4,2,2,11.0,11.1,14.8,18.6,22.6,27.2,30.8,29.5,26.3,21.6,17.0,13.3,"['One week', 'Short trip', 'Weekend']",0,1,1,1,0,1,1.3841999802213198,-0.1444118932342705,Miejskie i kulturowe
33713397-dcba-460c-bca2-651bdd80fe0f,San José,Costa Rica,north_america,Bustling streets filled with vibrant markets and lush parks create an inviting mix of urban energy and natural beauty.,9.9325427,-84.0795782,"{""1"":{""avg"":22.1,""max"":27.8,""min"":18},""2"":{""avg"":22.1,""max"":28,""min"":17.8},""3"":{""avg"":22.8,""max"":29.2,""min"":18.1},""4"":{""avg"":23.1,""max"":29.5,""min"":18.4},""5"":{""avg"":22.8,""max"":28.5,""min"":18.8},""6"":{""avg"":22.3,""max"":27.9,""min"":18.7},""7"":{""avg"":22.4,""max"":27.9,""min"":18.7},""8"":{""avg"":22.4,""max"":28.1,""min"":18.5},""9"":{""avg"":22,""max"":28,""min"":18.1},""10"":{""avg"":21.6,""max"":27.2,""min"":18},""11"":{""avg"":21.7,""max"":27,""min"":18.2},""12"":{""avg"":22.2,""max"":27.8,""min"":18.2}}","[""One week"",""Short trip"",""Weekend""]",Mid-range,3,4,5,2,3,4,4,3,3,2,22.1,22.1,22.8,23.1,22.8,22.3,22.4,22.4,22.0,21.6,21.7,22.2,"['One week', 'Short trip', 'Weekend']",0,1,1,1,0,3,-1.226582965985643,1.5787294574452386,"Plaże, natura i relaks"
9f3ce859-f274-4359-a24d-e16bc30c2b1c,Havana,Cuba,north_america,"Colorful streets alive with the rhythm of salsa, vintage cars cruising past, and the scent of cigars create an unforgettable atmosphere.",23.135305,-82.3589631,"{""1"":{""avg"":22.4,""max"":25.7,""min"":19.7},""2"":{""avg"":23.5,""max"":27.7,""min"":20.2},""3"":{""avg"":24,""max"":28.7,""min"":20.4},""4"":{""avg"":25.9,""max"":29.8,""min"":22.6},""5"":{""avg"":26.9,""max"":30.7,""min"":23.8},""6"":{""avg"":27.2,""max"":31.2,""min"":24.3},""7"":{""avg"":28.1,""max"":31.8,""min"":25.3},""8"":{""avg"":28.1,""max"":31.4,""min"":25.5},""9"":{""avg"":27.9,""max"":31,""min"":25.5},""10"":{""avg"":26.5,""max"":30,""min"":23.8},""11"":{""avg"":24.6,""max"":28.3,""min"":21.4},""12"":{""avg"":23.3,""max"":26.3,""min"":20.8}}","[""One week"",""Short trip"",""Weekend""]",Budget,5,3,3,3,4,4,2,3,2,1,22.4,23.5,24.0,25.9,26.9,27.2,28.1,28.1,27.9,26.5,24.6,23.3,"['One week', 'Short trip', 'Weekend']",0,1,1,1,0,1,1.7424341336806246,-0.7032174525819196,Miejskie i kulturowe
7e649d6c-6926-4335-beca-e543737cd861,Roseau,Dominica,north_america,"Lush greenery envelops vibrant markets and colorful architecture, creating a lively and welcoming atmosphere infused with the scent of tropical blooms.",15.4238539,-61.34165132887498,"{""1"":{""avg"":25,""max"":28.2,""min"":22.4},""2"":{""avg"":24.8,""max"":28.2,""min"":22.2},""3"":{""avg"":25.2,""max"":28.6,""min"":22.2},""4"":{""avg"":25.9,""max"":29.2,""min"":23},""5"":{""avg"":27.1,""max"":30.4,""min"":24.2},""6"":{""avg"":27.4,""max"":30.6,""min"":24.7},""7"":{""avg"":27.4,""max"":30.3,""min"":24.8},""8"":{""avg"":27.6,""max"":30.8,""min"":24.7},""9"":{""avg"":27.5,""max"":31.2,""min"":24.2},""10"":{""avg"":27.3,""max"":30.6,""min"":24.3},""11"":{""avg"":26.5,""max"":29.8,""min"":23.6},""12"":{""avg"":25.5,""max"":28.6,""min"":22.5}}","[""One week"",""Short trip"",""Weekend""]",Budget,3,4,5,3,2,3,4,2,4,1,25.0,24.8,25.2,25.9,27.1,27.4,27.4,27.6,27.5,27.3,26.5,25.5,"['One week', 'Short trip', 'Weekend']",0,1,1,1,0,0,-3.068101224965394,0.8637577551575653,Natura i przygoda
7ca9e565-db06-4228-ac03-c57d8d757227,Carcassonne,France,europe,"Strolling through cobbled streets surrounded by medieval walls, you feel transported to another era, with vibrant markets and cozy restaurants at every turn.",43.2130358,2.3491069,"{""1"":{""avg"":6.8,""max"":10.3,""min"":3.4},""2"":{""avg"":8.7,""max"":13.2,""min"":4.7},""3"":{""avg"":10.7,""max"":15.3,""min"":6.5},""4"":{""avg"":12.7,""max"":18,""min"":7.8},""5"":{""avg"":16.4,""max"":21.8,""min"":11.4},""6"":{""avg"":21,""max"":26.7,""min"":15.5},""7"":{""avg"":23.9,""max"":30.1,""min"":17.8},""8"":{""avg"":23.9,""max"":30.5,""min"":17.9},""9"":{""avg"":20.2,""max"":26.4,""min"":14.8},""10"":{""avg"":15.8,""max"":20.8,""min"":11.7},""11"":{""avg"":10.6,""max"":14.7,""min"":6.8},""12"":{""avg"":8.2,""max"":12,""min"":4.6}}","[""Short trip"",""Weekend""]",Mid-range,5,2,3,1,2,4,3,3,4,2,6.8,8.7,10.7,12.7,16.4,21.0,23.9,23.9,20.2,15.8,10.6,8.2,"['Short trip', 'Weekend']",0,1,1,0,0,2,0.6555851765476559,-1.917613037655774,Spokojne kierunki kulturowe
0fcdac6c-fddc-43a4-93c5-dd03a6cd75dc,Lagos,Portugal,europe,"Charming cobblestone streets lead to golden beaches and dramatic cliffs, where the ocean breeze mingles with the aroma of grilled seafood.",37.1027964,-8.6728689,"{""1"":{""avg"":14.7,""max"":17,""min"":12.8},""2"":{""avg"":15,""max"":17.5,""min"":13},""3"":{""avg"":15.8,""max"":18.3,""min"":13.5},""4"":{""avg"":16.7,""max"":19.6,""min"":14.2},""5"":{""avg"":18.7,""max"":22.1,""min"":15.4},""6"":{""avg"":20.2,""max"":23.9,""min"":16.2},""7"":{""avg"":21.8,""max"":26.8,""min"":16.9},""8"":{""avg"":22,""max"":27,""min"":17.4},""9"":{""avg"":21.4,""max"":25.1,""min"":18.3},""10"":{""avg"":19.7,""max"":22.8,""min"":17.4},""11"":{""avg"":17.2,""max"":19.6,""min"":15.3},""12"":{""avg"":15.7,""max"":18,""min"":13.8}}","[""Weekend"",""One week"",""Short trip""]",Mid-range,3,4,4,5,4,4,3,3,3,2,14.7,15.0,15.8,16.7,18.7,20.2,21.8,22.0,21.4,19.7,17.2,15.7,"['Weekend', 'One week', 'Short trip']",0,1,1,1,0,3,-0.6182097516562217,1.9307985582886182,"Plaże, natura i relaks"
d2351990-8009-44cd-9fdb-e79f1fd913f4,Alexandria,Egypt,africa,"Bustling streets filled with the aroma of spices, historic sites whispering ancient tales, and a vibrant coastal vibe create a unique charm.",31.1991806,29.8951716,"{""1"":{""avg"":14.6,""max"":19.2,""min"":10.8},""2"":{""avg"":15.1,""max"":19.4,""min"":10.6},""3"":{""avg"":17.1,""max"":21.8,""min"":12.6},""4"":{""avg"":19.9,""max"":25.3,""min"":15},""5"":{""avg"":23.3,""max"":28.1,""min"":18.3},""6"":{""avg"":26.1,""max"":30.1,""min"":22.1},""7"":{""avg"":28.1,""max"":31.7,""min"":24.5},""8"":{""avg"":28.6,""max"":32.2,""min"":25.1},""9"":{""avg"":27.6,""max"":31.4,""min"":24.2},""10"":{""avg"":24.4,""max"":28.4,""min"":20.7},""11"":{""avg"":20.8,""max"":24.8,""min"":16.3},""12"":{""avg"":16.6,""max"":20.7,""min"":12.6}}","[""Short trip"",""One week"",""Weekend""]",Budget,4,2,3,3,3,4,2,4,2,1,14.6,15.1,17.1,19.9,23.3,26.1,28.1,28.6,27.6,24.4,20.8,16.6,"['Short trip', 'One week', 'Weekend']",0,1,1,1,0,1,1.7686021663859526,-1.1049972512371542,Miejskie i kulturowe
5f55fdd8-3af4-485a-8a31-5974963a257f,Tallinn,Estonia,europe,"Medieval lanes, vibrant markets, and the scent of fresh pastries create an enchanting atmosphere that's both historic and inviting.",59.4372155,24.7453688,"{""1"":{""avg"":-2.2,""max"":0.2,""min"":-3.9},""2"":{""avg"":-1.5,""max"":0.5,""min"":-3.9},""3"":{""avg"":0.5,""max"":4.9,""min"":-2.2},""4"":{""avg"":4.9,""max"":8.9,""min"":1},""5"":{""avg"":11,""max"":15.1,""min"":5.4},""6"":{""avg"":16,""max"":20.4,""min"":10.9},""7"":{""avg"":17.6,""max"":21.7,""min"":13.5},""8"":{""avg"":17.2,""max"":21.5,""min"":13},""9"":{""avg"":12.9,""max"":16.9,""min"":9.4},""10"":{""avg"":7.2,""max"":10,""min"":4.8},""11"":{""avg"":3,""max"":5.2,""min"":1.3},""12"":{""avg"":-0.2,""max"":0.7,""min"":-3}}","[""Short trip"",""One week"",""Weekend""]",Mid-range,4,2,3,2,3,4,3,4,3,2,-2.2,-1.5,0.5,4.9,11.0,16.0,17.6,17.2,12.9,7.2,3.0,-0.2,"['Short trip', 'One week', 'Weekend']",0,1,1,1,0,1,1.3745627442986845,-0.6455701392123309,Miejskie i kulturowe
7e2ebc2d-7b8b-4071-b2f7-11476b6d44b7,Paris,France,europe,Charming streets lined with artful boutiques and the aroma of freshly baked pastries create a romantic and timeless atmosphere.,48.8588897,2.3200410217200766,"{""1"":{""avg"":5.5,""max"":7.9,""min"":2.9},""2"":{""avg"":6.8,""max"":10,""min"":3.8},""3"":{""avg"":9,""max"":13.4,""min"":5.4},""4"":{""avg"":12.3,""max"":17.4,""min"":7.7},""5"":{""avg"":15.7,""max"":20.7,""min"":11},""6"":{""avg"":19.9,""max"":25.2,""min"":15.2},""7"":{""avg"":21.6,""max"":27.1,""min"":16.6},""8"":{""avg"":21.3,""max"":26.8,""min"":16.5},""9"":{""avg"":17.6,""max"":22.5,""min"":13.2},""10"":{""avg"":13.6,""max"":17.4,""min"":10.4},""11"":{""avg"":8.9,""max"":11.7,""min"":6.2},""12"":{""avg"":7,""max"":9.2,""min"":4.6}}","[""Short trip"",""One week"",""Weekend""]",Luxury,5,2,3,1,5,5,4,5,2,3,5.5,6.8,9.0,12.3,15.7,19.9,21.6,21.3,17.6,13.6,8.9,7.0,"['Short trip', 'One week', 'Weekend']",0,1,1,1,0,1,3.93759640462878,1.1636670999521233,Miejskie i kulturowe
d45e5eea-27c6-4eda-b78a-50c21079b270,Puglia,Italy,europe,"Sun-drenched coastlines, charming whitewashed villages, and the aroma of olive groves create a serene and inviting atmosphere.",40.9842539,16.6210027,"{""1"":{""avg"":8.5,""max"":12.5,""min"":4.6},""2"":{""avg"":9.8,""max"":14,""min"":5.5},""3"":{""avg"":11.5,""max"":15.8,""min"":7.5},""4"":{""avg"":13.8,""max"":18.2,""min"":8.9},""5"":{""avg"":18.4,""max"":22.8,""min"":13.6},""6"":{""avg"":24,""max"":28.2,""min"":18.8},""7"":{""avg"":26.5,""max"":30.9,""min"":21.1},""8"":{""avg"":26.4,""max"":30.8,""min"":21.4},""9"":{""avg"":22.3,""max"":26.6,""min"":17.8},""10"":{""avg"":17.7,""max"":22.1,""min"":13.5},""11"":{""avg"":14.1,""max"":18.1,""min"":10.3},""12"":{""avg"":10.1,""max"":14.2,""min"":6.4}}","[""Short trip"",""One week"",""Weekend""]",Mid-range,4,3,4,4,3,5,4,3,4,2,8.5,9.8,11.5,13.8,18.4,24.0,26.5,26.4,22.3,17.7,14.1,10.1,"['Short trip', 'One week', 'Weekend']",0,1,1,1,0,3,-0.07592054201096139,1.7666712708972947,"Plaże, natura i relaks"
5f4cc5c5-4804-4a2c-8ddc-c5166d5b9237,Queenstown,New Zealand,oceania,"Surrounded by majestic mountains and shimmering lakes, this place offers thrilling adventures and serene landscapes that captivate your senses.",-45.0321923,168.661,"{""1"":{""avg"":16.4,""max"":21.8,""min"":11.1},""2"":{""avg"":16.1,""max"":21.1,""min"":11.2},""3"":{""avg"":13.8,""max"":18.6,""min"":9.2},""4"":{""avg"":10.5,""max"":14.9,""min"":6.3},""5"":{""avg"":7.6,""max"":12,""min"":3.8},""6"":{""avg"":4.6,""max"":8,""min"":1.7},""7"":{""avg"":3.8,""max"":7.2,""min"":0.7},""8"":{""avg"":5.2,""max"":9.1,""min"":1.5},""9"":{""avg"":7.4,""max"":11.8,""min"":3},""10"":{""avg"":9.5,""max"":14.3,""min"":4.8},""11"":{""avg"":12.5,""max"":17.4,""min"":7.4},""12"":{""avg"":14.7,""max"":19.5,""min"":10}}","[""Long trip"",""One week"",""Short trip""]",Luxury,3,5,5,2,4,4,4,3,3,3,16.4,16.1,13.8,10.5,7.6,4.6,3.8,5.2,7.4,9.5,12.5,14.7,"['Long trip', 'One week', 'Short trip']",0,0,1,1,1,3,-1.2423915278492432,2.370887947527014,"Plaże, natura i relaks"
735e5584-4804-4d92-8fa6-98b14964188c,Biarritz,France,europe,"Ocean breezes mix with the scent of fresh pastries, while sunlit beaches and elegant architecture create a laid-back yet sophisticated vibe.",43.4832523,-1.5592776,"{""1"":{""avg"":8.6,""max"":11.8,""min"":4.5},""2"":{""avg"":10.1,""max"":14,""min"":6},""3"":{""avg"":12,""max"":16.8,""min"":8.1},""4"":{""avg"":13.7,""max"":17.4,""min"":9.2},""5"":{""avg"":16,""max"":19.8,""min"":12.2},""6"":{""avg"":19,""max"":22.9,""min"":15.4},""7"":{""avg"":21.2,""max"":24.5,""min"":17.4},""8"":{""avg"":21.4,""max"":25.3,""min"":17.5},""9"":{""avg"":19.1,""max"":23.8,""min"":14.7},""10"":{""avg"":16.5,""max"":21.1,""min"":12.2},""11"":{""avg"":12.3,""max"":16,""min"":8.3},""12"":{""avg"":10.7,""max"":13.9,""min"":6.6}}","[""Short trip"",""One week"",""Weekend""]",Mid-range,3,4,4,5,3,4,4,3,3,2,8.6,10.1,12.0,13.7,16.0,19.0,21.2,21.4,19.1,16.5,12.3,10.7,"['Short trip', 'One week', 'Weekend']",0,1,1,1,0,3,-1.0878136866371515,2.4620630696204264,"Plaże, natura i relaks"
9e075378-f479-48c4-ac0c-43a44f822866,Libreville,Gabon,africa,"Lush greenery mingles with urban life, offering a unique blend of vibrant markets, diverse wildlife, and a laid-back coastal vibe.",0.4086518,9.4418849,"{""1"":{""avg"":28.1,""max"":30.7,""min"":25},""2"":{""avg"":28.3,""max"":31.1,""min"":25.2},""3"":{""avg"":28,""max"":31.1,""min"":24.7},""4"":{""avg"":27.7,""max"":31,""min"":24.6},""5"":{""avg"":27.6,""max"":30.6,""min"":25},""6"":{""avg"":26.4,""max"":28.8,""min"":24.5},""7"":{""avg"":25.5,""max"":27.9,""min"":23.6},""8"":{""avg"":25.5,""max"":28.2,""min"":23.6},""9"":{""avg"":26.4,""max"":28.9,""min"":24.1},""10"":{""avg"":26.5,""max"":29.3,""min"":24.1},""11"":{""avg"":26.9,""max"":29.7,""min"":24.1},""12"":{""avg"":27.6,""max"":30.2,""min"":24.6}}","[""Short trip"",""Weekend""]",Mid-range,3,3,4,3,3,3,2,3,3,2,28.1,28.3,28.0,27.7,27.6,26.4,25.5,25.5,26.4,26.5,26.9,27.6,"['Short trip', 'Weekend']",0,1,1,0,0,2,-0.8364512816939954,-0.938643006631896,Spokojne kierunki kulturowe
b636143f-615e-4232-a3a6-f11bc6ee93df,Sintra,Portugal,europe,"Misty mornings reveal enchanting palaces and lush gardens, offering a fairytale-like atmosphere that captivates and inspires wanderlust.",38.79846,-9.3881,"{""1"":{""avg"":11,""max"":14.7,""min"":7.3},""2"":{""avg"":11.9,""max"":15.9,""min"":8.2},""3"":{""avg"":13.4,""max"":17.4,""min"":9.5},""4"":{""avg"":14.8,""max"":18.8,""min"":11},""5"":{""avg"":17.2,""max"":21.6,""min"":13.5},""6"":{""avg"":18.6,""max"":22.9,""min"":15.3},""7"":{""avg"":20.6,""max"":25.6,""min"":16.8},""8"":{""avg"":20.9,""max"":26.2,""min"":16.9},""9"":{""avg"":20,""max"":25.3,""min"":15.8},""10"":{""avg"":18,""max"":22.6,""min"":14.1},""11"":{""avg"":14.2,""max"":17.9,""min"":10.8},""12"":{""avg"":12.4,""max"":15.8,""min"":9}}","[""Day trip"",""Weekend"",""Short trip""]",Mid-range,5,3,5,2,2,4,3,3,4,2,11.0,11.9,13.4,14.8,17.2,18.6,20.6,20.9,20.0,18.0,14.2,12.4,"['Day trip', 'Weekend', 'Short trip']",1,1,1,0,0,2,-0.736925423673689,-0.7571716719044397,Spokojne kierunki kulturowe
08a0957f-5a4f-40f9-aa68-c26f20c88f70,Hvar,Croatia,europe,"Sun-drenched beaches, fragrant lavender fields, and lively waterfronts create a vibrant yet relaxed atmosphere perfect for unwinding and exploring.",43.17389195,16.55652349457852,"{""1"":{""avg"":10.4,""max"":13.8,""min"":6.8},""2"":{""avg"":10.6,""max"":14.3,""min"":7.2},""3"":{""avg"":12.5,""max"":16.4,""min"":8.6},""4"":{""avg"":14.5,""max"":18.4,""min"":10.6},""5"":{""avg"":19.6,""max"":23.3,""min"":15.9},""6"":{""avg"":24.7,""max"":28.8,""min"":20.6},""7"":{""avg"":27.6,""max"":31.8,""min"":23.4},""8"":{""avg"":26.7,""max"":30.8,""min"":22.6},""9"":{""avg"":23.2,""max"":27.6,""min"":19.1},""10"":{""avg"":19.6,""max"":23.5,""min"":16.1},""11"":{""avg"":14.9,""max"":18.3,""min"":11.2},""12"":{""avg"":12,""max"":15,""min"":8.8}}","[""One week"",""Short trip"",""Weekend""]",Mid-range,3,3,4,5,5,4,3,3,2,2,10.4,10.6,12.5,14.5,19.6,24.7,27.6,26.7,23.2,19.6,14.9,12.0,"['One week', 'Short trip', 'Weekend']",0,1,1,1,0,3,0.5993185226980581,2.062380035668006,"Plaże, natura i relaks"
a87511bd-77f4-4afc-977e-730d34c1c7bd,Rostock,Germany,europe,"Charming cobblestone streets and historic architecture meet the refreshing sea breeze, creating a welcoming blend of maritime history and modern vibrancy.",54.0886707,12.1400211,"{""1"":{""avg"":2.1,""max"":4.2,""min"":-0.3},""2"":{""avg"":2.7,""max"":5.6,""min"":-0.2},""3"":{""avg"":4.6,""max"":8.5,""min"":0.7},""4"":{""avg"":7.8,""max"":12.7,""min"":2.6},""5"":{""avg"":12.7,""max"":17.8,""min"":6.8},""6"":{""avg"":16.9,""max"":22.2,""min"":10.8},""7"":{""avg"":17.6,""max"":22.7,""min"":12.1},""8"":{""avg"":18.2,""max"":23.7,""min"":12.3},""9"":{""avg"":14.7,""max"":19.8,""min"":9.7},""10"":{""avg"":10.4,""max"":13.9,""min"":6.6},""11"":{""avg"":5.8,""max"":8.2,""min"":3.1},""12"":{""avg"":3.6,""max"":5.5,""min"":1.3}}","[""Short trip"",""Weekend""]",Mid-range,4,3,3,4,3,3,3,3,3,2,2.1,2.7,4.6,7.8,12.7,16.9,17.6,18.2,14.7,10.4,5.8,3.6,"['Short trip', 'Weekend']",0,1,1,0,0,2,-0.16623728453684697,-0.09163254825628543,Spokojne kierunki kulturowe
643c3ffc-f74a-444b-b836-da588781da27,Zakynthos,Greece,europe,"Golden sandy beaches, crystal-clear waters, and charming villages create a serene and inviting atmosphere perfect for relaxation and exploration.",37.78913845,20.790089567090195,"{""1"":{""avg"":11.8,""max"":14.9,""min"":8.1},""2"":{""avg"":12,""max"":15.5,""min"":7.3},""3"":{""avg"":13.5,""max"":17.1,""min"":8.6},""4"":{""avg"":17,""max"":20.6,""min"":11.2},""5"":{""avg"":20.6,""max"":24.9,""min"":14.4},""6"":{""avg"":25.7,""max"":30.6,""min"":19.1},""7"":{""avg"":28.9,""max"":34.3,""min"":21.8},""8"":{""avg"":28.7,""max"":33.6,""min"":22.2},""9"":{""avg"":24.8,""max"":29,""min"":19.3},""10"":{""avg"":20.5,""max"":24.4,""min"":15.3},""11"":{""avg"":16.6,""max"":20.5,""min"":12.5},""12"":{""avg"":13.1,""max"":16.3,""min"":9.9}}","[""Short trip"",""One week"",""Weekend""]",Mid-range,3,3,4,5,4,4,3,2,3,2,11.8,12.0,13.5,17.0,20.6,25.7,28.9,28.7,24.8,20.5,16.6,13.1,"['Short trip', 'One week', 'Weekend']",0,1,1,1,0,3,-0.6276060822611786,1.400000562800208,"Plaże, natura i relaks"
38fa5147-236e-4462-b3b1-97b35caaf154,Reykjavík,Iceland,europe,"A city where modern design meets dramatic landscapes, offering cozy cafes, vibrant street art, and the ethereal glow of the northern lights.",64.145981,-21.9422367,"{""1"":{""avg"":0.1,""max"":2.8,""min"":-2.8},""2"":{""avg"":1,""max"":3.7,""min"":-1.8},""3"":{""avg"":1.6,""max"":4.5,""min"":-1},""4"":{""avg"":4.3,""max"":7.5,""min"":1.6},""5"":{""avg"":6.9,""max"":10.2,""min"":4},""6"":{""avg"":9.7,""max"":12.9,""min"":7},""7"":{""avg"":11.6,""max"":14.9,""min"":9.1},""8"":{""avg"":11.2,""max"":14.5,""min"":8.5},""9"":{""avg"":8.6,""max"":11.6,""min"":6},""10"":{""avg"":5.5,""max"":8.2,""min"":3.1},""11"":{""avg"":2.7,""max"":5.1,""min"":0.2},""12"":{""avg"":0.4,""max"":2.9,""min"":-2.4}}","[""Short trip"",""One week"",""Weekend""]",Luxury,3,4,5,2,3,3,4,3,4,3,0.1,1.0,1.6,4.3,6.9,9.7,11.6,11.2,8.6,5.5,2.7,0.4,"['Short trip', 'One week', 'Weekend']",0,1,1,1,0,0,-2.157703412013977,1.04938642486342,Natura i przygoda
6dc1c044-a79c-4b5b-9a9b-dbb0f95fefae,Jodhpur,India,asia,"Sun-drenched streets weave through vibrant markets and historic forts, offering a sensory journey rich with colors, aromas, and cultural warmth.",26.2967719,73.0351433,"{""1"":{""avg"":16.7,""max"":24.1,""min"":9.4},""2"":{""avg"":21,""max"":29.1,""min"":12.8},""3"":{""avg"":26.3,""max"":33.6,""min"":18.8},""4"":{""avg"":31.6,""max"":39,""min"":24},""5"":{""avg"":34.7,""max"":41,""min"":27.3},""6"":{""avg"":34,""max"":39.8,""min"":28.6},""7"":{""avg"":31.4,""max"":36.7,""min"":27.6},""8"":{""avg"":29.7,""max"":34,""min"":26.2},""9"":{""avg"":30.3,""max"":35.6,""min"":25.9},""10"":{""avg"":28.2,""max"":35.5,""min"":21.6},""11"":{""avg"":22.9,""max"":31.3,""min"":16.1},""12"":{""avg"":18.2,""max"":26.3,""min"":11.1}}","[""Short trip"",""Weekend""]",Budget,5,3,3,1,2,4,3,3,3,1,16.7,21.0,26.3,31.6,34.7,34.0,31.4,29.7,30.3,28.2,22.9,18.2,"['Short trip', 'Weekend']",0,1,1,0,0,2,0.6652224124702911,-1.4164547916777137,Spokojne kierunki kulturowe
4c55af25-bd6c-4677-badd-6b53ec2f758d,Bandung,Indonesia,asia,"Cool mountain air, vibrant street markets, and a mix of colonial architecture create a refreshing escape with a laid-back yet lively vibe.",-6.9215529,107.6110212,"{""1"":{""avg"":22.4,""max"":27.5,""min"":19},""2"":{""avg"":22.2,""max"":27,""min"":19.2},""3"":{""avg"":22.5,""max"":28,""min"":18.8},""4"":{""avg"":22.7,""max"":28.2,""min"":18.6},""5"":{""avg"":23,""max"":28.6,""min"":18.6},""6"":{""avg"":22.3,""max"":28,""min"":17.9},""7"":{""avg"":22,""max"":28,""min"":17},""8"":{""avg"":22.4,""max"":28.5,""min"":17.2},""9"":{""avg"":22.7,""max"":28.8,""min"":17.4},""10"":{""avg"":23.2,""max"":29.5,""min"":18.2},""11"":{""avg"":22.7,""max"":28.1,""min"":19},""12"":{""avg"":22.5,""max"":27.9,""min"":18.8}}","[""Short trip"",""Weekend""]",Budget,4,3,4,2,3,4,3,3,3,1,22.4,22.2,22.5,22.7,23.0,22.3,22.0,22.4,22.7,23.2,22.7,22.5,"['Short trip', 'Weekend']",0,1,1,0,0,2,0.10756646877538119,-0.1966986441901999,Spokojne kierunki kulturowe
98fa6e27-430b-4d3b-b347-02e8c53c7cf7,Naples,Italy,europe,"Bustling streets filled with the aroma of pizza, vibrant street life, and historic architecture create a lively and authentic Italian experience.",40.8358846,14.2487679,"{""1"":{""avg"":9.6,""max"":13.1,""min"":6.1},""2"":{""avg"":10.7,""max"":14.5,""min"":7.6},""3"":{""avg"":11.1,""max"":16.7,""min"":5.5},""4"":{""avg"":15.1,""max"":19.4,""min"":10.8},""5"":{""avg"":18.6,""max"":22.5,""min"":15},""6"":{""avg"":23.5,""max"":27.7,""min"":19.2},""7"":{""avg"":26.7,""max"":30.7,""min"":22.5},""8"":{""avg"":26.5,""max"":31,""min"":22.5},""9"":{""avg"":23,""max"":27.5,""min"":19.5},""10"":{""avg"":19,""max"":22.9,""min"":15.2},""11"":{""avg"":14.6,""max"":18.4,""min"":11.4},""12"":{""avg"":11,""max"":15.2,""min"":7.8}}","[""Short trip"",""One week"",""Weekend""]",Mid-range,5,3,3,3,4,5,3,4,2,2,9.6,10.7,11.1,15.1,18.6,23.5,26.7,26.5,23.0,19.0,14.6,11.0,"['Short trip', 'One week', 'Weekend']",0,1,1,1,0,1,2.595801044311832,0.7919432446970162,Miejskie i kulturowe
df9fa1bf-f634-4f67-ba01-b4324b3b7768,Yamoussoukro,Ivory Coast,africa,"Wide avenues lined with palm trees lead to the awe-inspiring basilica, while the tranquil surroundings invite a leisurely exploration of local culture.",6.8200066,-5.2776034,"{""1"":{""avg"":26.7,""max"":35.4,""min"":19.5},""2"":{""avg"":28.8,""max"":36.8,""min"":22.5},""3"":{""avg"":28.4,""max"":35.3,""min"":22.9},""4"":{""avg"":28.2,""max"":34,""min"":23.2},""5"":{""avg"":27.6,""max"":33.3,""min"":23.1},""6"":{""avg"":26.2,""max"":31.4,""min"":22.7},""7"":{""avg"":25.6,""max"":30.2,""min"":22.3},""8"":{""avg"":25.2,""max"":30.3,""min"":21.9},""9"":{""avg"":25.6,""max"":30.9,""min"":22.3},""10"":{""avg"":26.2,""max"":32.3,""min"":22.3},""11"":{""avg"":26.4,""max"":33.5,""min"":21.6},""12"":{""avg"":25.8,""max"":34,""min"":19.7}}","[""Short trip"",""Weekend""]",Budget,4,2,3,1,2,3,2,3,3,1,26.7,28.8,28.4,28.2,27.6,26.2,25.6,25.2,25.6,26.2,26.4,25.8,"['Short trip', 'Weekend']",0,1,1,0,0,2,0.23011483944589323,-2.9084818837569246,Spokojne kierunki kulturowe
4cfcb5ec-303d-49ec-978a-da752ddd094f,Sapporo,Japan,asia,"Snow-dusted streets, lively markets, and the aroma of fresh seafood create a vibrant yet cozy atmosphere that's both inviting and invigorating.",43.061936,141.3542924,"{""1"":{""avg"":-2.9,""max"":-0.5,""min"":-5.6},""2"":{""avg"":-2.3,""max"":0.2,""min"":-5.2},""3"":{""avg"":2.8,""max"":5.9,""min"":-0.2},""4"":{""avg"":8.4,""max"":13,""min"":4.8},""5"":{""avg"":14.2,""max"":19.1,""min"":10.2},""6"":{""avg"":17.5,""max"":22.6,""min"":14.7},""7"":{""avg"":22.3,""max"":26.2,""min"":19.8},""8"":{""avg"":23.2,""max"":26.8,""min"":20.5},""9"":{""avg"":19.3,""max"":23.8,""min"":16.2},""10"":{""avg"":12.4,""max"":17.1,""min"":9.3},""11"":{""avg"":5.5,""max"":9.4,""min"":3.1},""12"":{""avg"":-1,""max"":1.3,""min"":-3.7}}","[""Short trip"",""One week""]",Mid-range,4,3,4,2,3,4,3,4,3,2,-2.9,-2.3,2.8,8.4,14.2,17.5,22.3,23.2,19.3,12.4,5.5,-1.0,"['Short trip', 'One week']",0,0,1,1,0,2,0.52486266614542,-0.05314573492860518,Spokojne kierunki kulturowe
7b34f40a-0ea8-48d7-b930-c7de11613b93,Almaty,Kazakhstan,asia,"Nestled beneath snow-capped mountains, the city offers a blend of Soviet-era charm and vibrant modern culture, with bustling markets and serene parks.",43.2363924,76.9457275,"{""1"":{""avg"":-3.4,""max"":0.9,""min"":-7},""2"":{""avg"":-0.6,""max"":4.5,""min"":-4.6},""3"":{""avg"":6.5,""max"":11.7,""min"":1.8},""4"":{""avg"":13.3,""max"":18.6,""min"":8},""5"":{""avg"":18.1,""max"":23.8,""min"":12.7},""6"":{""avg"":23.2,""max"":29,""min"":17.4},""7"":{""avg"":26.1,""max"":32.2,""min"":19.9},""8"":{""avg"":24,""max"":30.2,""min"":18},""9"":{""avg"":18.3,""max"":24.6,""min"":12.1},""10"":{""avg"":10.6,""max"":16.6,""min"":5.3},""11"":{""avg"":2.6,""max"":7.7,""min"":-1.6},""12"":{""avg"":-1.9,""max"":2,""min"":-5.6}}","[""Short trip"",""One week"",""Weekend""]",Mid-range,4,4,5,1,3,3,3,4,3,2,-3.4,-0.6,6.5,13.3,18.1,23.2,26.1,24.0,18.3,10.6,2.6,-1.9,"['Short trip', 'One week', 'Weekend']",0,1,1,1,0,2,-0.7374104446685648,-0.23898884688615257,Spokojne kierunki kulturowe
41fa1295-aef3-4e9d-9d04-5a43f6cd1741,Luxembourg City,Luxembourg,europe,"Charming cobblestone streets wind through lush valleys and historic fortresses, creating a serene yet vibrant atmosphere that's both inviting and intriguing.",49.6112768,6.129799,"{""1"":{""avg"":1.9,""max"":4.1,""min"":-0.5},""2"":{""avg"":3.5,""max"":6.6,""min"":0.6},""3"":{""avg"":6.4,""max"":10.4,""min"":2.4},""4"":{""avg"":9.5,""max"":14.4,""min"":4.6},""5"":{""avg"":13.6,""max"":18.6,""min"":8.6},""6"":{""avg"":18,""max"":23.2,""min"":12.9},""7"":{""avg"":19.4,""max"":24.7,""min"":14.2},""8"":{""avg"":19.3,""max"":24.5,""min"":14.3},""9"":{""avg"":15.2,""max"":20.1,""min"":10.7},""10"":{""avg"":10.7,""max"":14.4,""min"":7.4},""11"":{""avg"":5.8,""max"":8.3,""min"":3.3},""12"":{""avg"":3.6,""max"":5.7,""min"":1.5}}","[""Short trip"",""Weekend""]",Luxury,4,2,3,1,3,4,3,4,3,3,1.9,3.5,6.4,9.5,13.6,18.0,19.4,19.3,15.2,10.7,5.8,3.6,"['Short trip', 'Weekend']",0,1,1,0,0,1,1.4755730549785817,-1.0084077826230298,Miejskie i kulturowe
80fd9234-ad35-4e41-af83-ce4f201894d5,San Cristóbal de las Casas,Mexico,north_america,"Charming cobblestone streets, vibrant markets, and colorful colonial architecture create a warm and inviting atmosphere, perfect for leisurely exploration.",16.735377,-92.63873,"{""1"":{""avg"":14,""max"":22.5,""min"":7.5},""2"":{""avg"":14.3,""max"":23.5,""min"":6.8},""3"":{""avg"":16.3,""max"":25,""min"":9.1},""4"":{""avg"":17.6,""max"":25.6,""min"":10.1},""5"":{""avg"":17.9,""max"":25.6,""min"":11.6},""6"":{""avg"":17.2,""max"":24,""min"":12.4},""7"":{""avg"":17.5,""max"":24.5,""min"":11.6},""8"":{""avg"":17.6,""max"":24.9,""min"":12},""9"":{""avg"":17.4,""max"":24.7,""min"":12.3},""10"":{""avg"":16.5,""max"":23.2,""min"":11.7},""11"":{""avg"":15,""max"":22.3,""min"":9.6},""12"":{""avg"":15.2,""max"":22,""min"":7.7}}","[""Short trip"",""Weekend""]",Budget,4,3,4,1,3,4,3,2,4,1,14.0,14.3,16.3,17.6,17.9,17.2,17.5,17.6,17.4,16.5,15.0,15.2,"['Short trip', 'Weekend']",0,1,1,0,0,2,-0.6262565206024772,-0.8170023566137381,Spokojne kierunki kulturowe
b7506ee6-e9ca-41fe-b282-ebf79c9782bf,Riga,Latvia,europe,"Charming cobblestone streets, vibrant markets, and a blend of medieval and Art Nouveau architecture create a captivating and cozy atmosphere for exploration.",56.9493977,24.1051846,"{""1"":{""avg"":-0.6,""max"":1.2,""min"":-2.5},""2"":{""avg"":0.3,""max"":2.4,""min"":-1.8},""3"":{""avg"":3.8,""max"":6.5,""min"":1.2},""4"":{""avg"":7.6,""max"":11.5,""min"":3.9},""5"":{""avg"":12.6,""max"":16.5,""min"":8.4},""6"":{""avg"":19.2,""max"":23.1,""min"":15},""7"":{""avg"":19.2,""max"":22.5,""min"":15.6},""8"":{""avg"":19.1,""max"":22.7,""min"":15.5},""9"":{""avg"":14.7,""max"":18.2,""min"":11.5},""10"":{""avg"":9.4,""max"":12.1,""min"":6.9},""11"":{""avg"":4.3,""max"":5.9,""min"":2.5},""12"":{""avg"":-0.1,""max"":1.5,""min"":-1.8}}","[""Short trip"",""One week"",""Weekend""]",Mid-range,4,3,3,2,4,4,3,4,3,2,-0.6,0.3,3.8,7.6,12.6,19.2,19.2,19.1,14.7,9.4,4.3,-0.1,"['Short trip', 'One week', 'Weekend']",0,1,1,1,0,1,1.3587541824350842,0.1465883508694443,Miejskie i kulturowe
05b02046-7947-45a4-a9f6-39f043575a81,Portland,United States,north_america,"Quirky neighborhoods, lush green parks, and a thriving food scene create an inviting atmosphere filled with creativity and a laid-back vibe.",45.5202471,-122.674194,"{""1"":{""avg"":5.6,""max"":8.8,""min"":2.7},""2"":{""avg"":6.2,""max"":10.1,""min"":2.6},""3"":{""avg"":8.8,""max"":13.7,""min"":4.4},""4"":{""avg"":11.7,""max"":17.1,""min"":6.8},""5"":{""avg"":15.7,""max"":21.6,""min"":10.5},""6"":{""avg"":18.9,""max"":25.2,""min"":13.3},""7"":{""avg"":21.9,""max"":29,""min"":15.6},""8"":{""avg"":22.2,""max"":29.3,""min"":16},""9"":{""avg"":18.6,""max"":24.7,""min"":13.1},""10"":{""avg"":13.5,""max"":18.6,""min"":8.8},""11"":{""avg"":8.7,""max"":12.1,""min"":5.3},""12"":{""avg"":5.7,""max"":8.5,""min"":2.9}}","[""Weekend"",""One week"",""Short trip""]",Mid-range,4,3,4,2,3,4,4,4,3,2,5.6,6.2,8.8,11.7,15.7,18.9,21.9,22.2,18.6,13.5,8.7,5.7,"['Weekend', 'One week', 'Short trip']",0,1,1,1,0,3,0.44735003606597146,0.8830321802581619,"Plaże, natura i relaks"
2ee4ab0c-44a7-45bd-8463-0b4813e62c3a,Ulaanbaatar,Mongolia,asia,"Amidst sprawling landscapes, discover a blend of Soviet-era architecture, bustling markets, and the warm hospitality of locals eager to share their stories.",47.9184676,106.9177016,"{""1"":{""avg"":-22.1,""max"":-12.6,""min"":-23.4},""2"":{""avg"":-16.6,""max"":-7.2,""min"":-19.7},""3"":{""avg"":-4.8,""max"":3,""min"":-10},""4"":{""avg"":3.9,""max"":11.6,""min"":-2.2},""5"":{""avg"":9.9,""max"":16.6,""min"":2.7},""6"":{""avg"":16.6,""max"":23.2,""min"":10.3},""7"":{""avg"":19.2,""max"":25.2,""min"":13.7},""8"":{""avg"":16.3,""max"":21.8,""min"":10.9},""9"":{""avg"":10.5,""max"":19,""min"":5.9},""10"":{""avg"":0.5,""max"":7.4,""min"":-4.6},""11"":{""avg"":-12,""max"":-2.8,""min"":-13.1},""12"":{""avg"":-20.9,""max"":-14.8,""min"":-23.7}}","[""Short trip"",""One week""]",Budget,4,4,4,1,3,3,2,3,4,1,-22.1,-16.6,-4.8,3.9,9.9,16.6,19.2,16.3,10.5,0.5,-12.0,-20.9,"['Short trip', 'One week']",0,0,1,1,0,2,-1.0529309032586884,-1.6378121491426687,Spokojne kierunki kulturowe
08f1b340-be30-43d0-a0dd-199157dffb00,Essaouira,Morocco,africa,"Charming coastal breezes mix with the vibrant hum of bustling souks and the scent of fresh seafood, creating a laid-back, inviting atmosphere.",31.5118281,-9.7620903,"{""1"":{""avg"":15.2,""max"":22.2,""min"":9.8},""2"":{""avg"":16.1,""max"":22.9,""min"":10.9},""3"":{""avg"":17,""max"":23,""min"":12.2},""4"":{""avg"":18.2,""max"":23.9,""min"":13.6},""5"":{""avg"":20.6,""max"":26.2,""min"":15.6},""6"":{""avg"":22,""max"":27.6,""min"":17.5},""7"":{""avg"":24.4,""max"":32.4,""min"":19.2},""8"":{""avg"":25,""max"":32.5,""min"":19.5},""9"":{""avg"":23,""max"":29.3,""min"":18},""10"":{""avg"":22.1,""max"":29.1,""min"":16.7},""11"":{""avg"":18.9,""max"":26.4,""min"":13.2},""12"":{""avg"":16.6,""max"":23.2,""min"":11}}","[""Short trip"",""Weekend""]",Budget,4,3,4,4,3,4,3,3,4,1,15.2,16.1,17.0,18.2,20.6,22.0,24.4,25.0,23.0,22.1,18.9,16.6,"['Short trip', 'Weekend']",0,1,1,0,0,3,-0.5119912552721299,0.41506348287995376,"Plaże, natura i relaks"
6d6e150b-925c-49b0-bfd6-199070922341,Pokhara,Nepal,asia,"Nestled by a serene lake and surrounded by lush hills, this place offers tranquility and adventure, with stunning mountain views at every turn.",28.209538,83.991402,"{""1"":{""avg"":12,""max"":19.9,""min"":6},""2"":{""avg"":14.2,""max"":21.9,""min"":8},""3"":{""avg"":18.4,""max"":26.2,""min"":12.5},""4"":{""avg"":21.5,""max"":29.3,""min"":15.3},""5"":{""avg"":22.8,""max"":29.4,""min"":17.7},""6"":{""avg"":25.2,""max"":30.6,""min"":21.5},""7"":{""avg"":25.8,""max"":30.3,""min"":22.8},""8"":{""avg"":25.9,""max"":30.5,""min"":22.7},""9"":{""avg"":24.7,""max"":29.9,""min"":21.1},""10"":{""avg"":21.1,""max"":28,""min"":15.9},""11"":{""avg"":16.7,""max"":24.4,""min"":11},""12"":{""avg"":12.6,""max"":20.8,""min"":6.6}}","[""Short trip"",""One week"",""Weekend""]",Budget,3,5,5,1,2,3,4,2,4,1,12.0,14.2,18.4,21.5,22.8,25.2,25.8,25.9,24.7,21.1,16.7,12.6,"['Short trip', 'One week', 'Weekend']",0,1,1,1,0,0,-3.273980470370681,0.5253275545629829,Natura i przygoda
d0065fb6-78a4-4982-a4d9-bcb30d2fd66b,Eindhoven,Netherlands,europe,"Innovative design and vibrant street art create a lively atmosphere, while cozy cafes and green spaces offer moments of relaxation and inspiration.",51.4392648,5.478633,"{""1"":{""avg"":4,""max"":6.4,""min"":1.4},""2"":{""avg"":5.1,""max"":8.5,""min"":1.7},""3"":{""avg"":7,""max"":11,""min"":3.5},""4"":{""avg"":9.9,""max"":14.9,""min"":4.6},""5"":{""avg"":14.4,""max"":19.6,""min"":8.9},""6"":{""avg"":18.2,""max"":23.2,""min"":12.8},""7"":{""avg"":19,""max"":24,""min"":13.7},""8"":{""avg"":19.3,""max"":24.6,""min"":14.1},""9"":{""avg"":15.6,""max"":20.8,""min"":10.8},""10"":{""avg"":11.9,""max"":15.8,""min"":8.3},""11"":{""avg"":7.1,""max"":10.2,""min"":4},""12"":{""avg"":5.7,""max"":8,""min"":3.3}}","[""Weekend"",""Short trip""]",Mid-range,3,2,3,1,3,3,3,4,2,2,4.0,5.1,7.0,9.9,14.4,18.2,19.0,19.3,15.6,11.9,7.1,5.7,"['Weekend', 'Short trip']",0,1,1,0,0,2,0.9725900877973706,-1.0630987135374137,Spokojne kierunki kulturowe
16232df9-2dcc-4a1a-a3a5-9aab5bf5dba5,Port Moresby,Papua New Guinea,oceania,"A bustling city where the vibrant markets and lush coastal landscapes blend with the rich cultural tapestry, offering a unique sensory adventure.",-9.4743301,147.1599504,"{""1"":{""avg"":27.5,""max"":32,""min"":23.9},""2"":{""avg"":27.5,""max"":32.2,""min"":23.8},""3"":{""avg"":27.3,""max"":31.9,""min"":23.8},""4"":{""avg"":27.3,""max"":31.7,""min"":23.8},""5"":{""avg"":27.1,""max"":31.2,""min"":23.8},""6"":{""avg"":26.8,""max"":30.9,""min"":23.5},""7"":{""avg"":26.6,""max"":30.7,""min"":23.5},""8"":{""avg"":26.1,""max"":30.3,""min"":23},""9"":{""avg"":26.4,""max"":30.5,""min"":23.4},""10"":{""avg"":27.2,""max"":31.5,""min"":23.9},""11"":{""avg"":27.7,""max"":32.4,""min"":23.9},""12"":{""avg"":28,""max"":32.7,""min"":24.1}}","[""One week"",""Short trip""]",Mid-range,3,4,4,2,2,3,2,2,3,2,27.5,27.5,27.3,27.3,27.1,26.8,26.6,26.1,26.4,27.2,27.7,28.0,"['One week', 'Short trip']",0,0,1,1,0,0,-1.9527283400506996,-1.4627018769323332,Natura i przygoda
5e5eb018-1df0-459c-85d4-46a45c1dcbe9,Cebu,Philippines,asia,"Tropical warmth, vibrant street life, and a mix of modern and historic sites create an inviting atmosphere full of discovery and relaxation.",10.47,123.83,"{""1"":{""avg"":27.1,""max"":29.9,""min"":24.9},""2"":{""avg"":27,""max"":30,""min"":24.6},""3"":{""avg"":27.9,""max"":31.2,""min"":25.1},""4"":{""avg"":28.8,""max"":32.2,""min"":25.9},""5"":{""avg"":29.5,""max"":33.1,""min"":26.8},""6"":{""avg"":28.8,""max"":32.3,""min"":26},""7"":{""avg"":28.4,""max"":31.7,""min"":25.8},""8"":{""avg"":28.6,""max"":32.2,""min"":25.8},""9"":{""avg"":28.4,""max"":32,""min"":25.7},""10"":{""avg"":28.2,""max"":31.6,""min"":25.5},""11"":{""avg"":28.3,""max"":31.2,""min"":25.7},""12"":{""avg"":27.6,""max"":30.3,""min"":25.3}}","[""One week"",""Short trip""]",Budget,3,4,5,5,3,4,3,3,3,1,27.1,27.0,27.9,28.8,29.5,28.8,28.4,28.6,28.4,28.2,28.3,27.6,"['One week', 'Short trip']",0,0,1,1,0,3,-1.4521012679458862,1.7310644724905688,"Plaże, natura i relaks"
2f634211-0161-41dc-b871-3d405b1b3975,Lisbon,Portugal,europe,"Hillside streets alive with music, pastel-colored buildings, sunlit plazas, and the scent of fresh pastries give this city an irresistible warmth.",38.7077507,-9.1365919,"{""1"":{""avg"":11.9,""max"":15.5,""min"":9.2},""2"":{""avg"":12.9,""max"":16.6,""min"":10},""3"":{""avg"":14.1,""max"":18.4,""min"":10.7},""4"":{""avg"":16.1,""max"":20.8,""min"":12.7},""5"":{""avg"":19.4,""max"":24.3,""min"":15.4},""6"":{""avg"":20.8,""max"":26.1,""min"":17},""7"":{""avg"":22.8,""max"":28.5,""min"":18.6},""8"":{""avg"":23.1,""max"":29.2,""min"":18.9},""9"":{""avg"":21.9,""max"":26.9,""min"":18},""10"":{""avg"":19.3,""max"":23.4,""min"":16.2},""11"":{""avg"":15.3,""max"":18.5,""min"":12.8},""12"":{""avg"":13,""max"":16,""min"":10.4}}","[""Weekend"",""One week"",""Short trip""]",Mid-range,5,3,3,3,4,5,3,4,2,2,11.9,12.9,14.1,16.1,19.4,20.8,22.8,23.1,21.9,19.3,15.3,13.0,"['Weekend', 'One week', 'Short trip']",0,1,1,1,0,1,2.595801044311832,0.7919432446970162,Miejskie i kulturowe
a8bec1b5-1b2e-4f8a-9f4e-ed1ec350c1f3,Brazzaville,Republic of the Congo,africa,"Lush riverfront views and vibrant markets create a lively atmosphere, where the rhythm of life feels both dynamic and welcoming.",-4.2694407,15.2712256,"{""1"":{""avg"":26.3,""max"":31.2,""min"":22.8},""2"":{""avg"":26.7,""max"":31.8,""min"":22.8},""3"":{""avg"":27.2,""max"":32.7,""min"":23.1},""4"":{""avg"":27,""max"":32.8,""min"":23},""5"":{""avg"":26.6,""max"":31.9,""min"":23.1},""6"":{""avg"":24.5,""max"":29.4,""min"":20.7},""7"":{""avg"":23.8,""max"":28.8,""min"":19.6},""8"":{""avg"":24.7,""max"":30.1,""min"":20.5},""9"":{""avg"":26.2,""max"":31.5,""min"":22.1},""10"":{""avg"":26.4,""max"":31.7,""min"":22.5},""11"":{""avg"":26.1,""max"":31.4,""min"":22.6},""12"":{""avg"":26.1,""max"":31.1,""min"":22.5}}","[""Weekend"",""Short trip""]",Mid-range,3,3,4,1,2,3,2,3,4,2,26.3,26.7,27.2,27.0,26.6,24.5,23.8,24.7,26.2,26.4,26.1,26.1,"['Weekend', 'Short trip']",0,1,1,0,0,2,-1.444059067923399,-2.1831448570594976,Spokojne kierunki kulturowe
b937f178-569d-4efb-b97c-1a3dc4a4e42c,Kigali,Rwanda,africa,Rolling hills meet vibrant city life where markets buzz with energy and the aroma of fresh coffee fills the air.,-1.8859597,30.1296751,"{""1"":{""avg"":21.2,""max"":27,""min"":17},""2"":{""avg"":21.3,""max"":27,""min"":17.1},""3"":{""avg"":21.1,""max"":26.8,""min"":17},""4"":{""avg"":20.7,""max"":25.9,""min"":17.3},""5"":{""avg"":21.3,""max"":26.2,""min"":17.7},""6"":{""avg"":21.7,""max"":26.4,""min"":17.1},""7"":{""avg"":21.9,""max"":27,""min"":17},""8"":{""avg"":22.6,""max"":27.8,""min"":17.5},""9"":{""avg"":21.9,""max"":27.7,""min"":17.3},""10"":{""avg"":21.3,""max"":27,""min"":17.1},""11"":{""avg"":20.3,""max"":26.2,""min"":16.8},""12"":{""avg"":20.7,""max"":26.7,""min"":16.8}}","[""Weekend"",""One week"",""Short trip""]",Mid-range,4,3,4,1,2,3,3,3,4,2,21.2,21.3,21.1,20.7,21.3,21.7,21.9,22.6,21.9,21.3,20.3,20.7,"['Weekend', 'One week', 'Short trip']",0,1,1,1,0,2,-1.1146349714745367,-1.493792724037677,Spokojne kierunki kulturowe
d638194d-3ad6-42fc-a665-1f858787a374,Apia,Samoa,oceania,"Lush tropical gardens, vibrant markets, and the gentle sound of waves create a serene and welcoming atmosphere perfect for unwinding.",-13.8345235,-171.7630955,"{""1"":{""avg"":27.2,""max"":29.5,""min"":25.2},""2"":{""avg"":27,""max"":29.2,""min"":25.3},""3"":{""avg"":27.5,""max"":29.6,""min"":25.6},""4"":{""avg"":27.6,""max"":29.8,""min"":25.8},""5"":{""avg"":27.3,""max"":30.2,""min"":25.2},""6"":{""avg"":27,""max"":29.2,""min"":25},""7"":{""avg"":26.6,""max"":28.9,""min"":24.6},""8"":{""avg"":26.6,""max"":28.9,""min"":24.8},""9"":{""avg"":26.7,""max"":29.6,""min"":24.1},""10"":{""avg"":26.9,""max"":29.4,""min"":24.8},""11"":{""avg"":27,""max"":29.5,""min"":24.9},""12"":{""avg"":27.2,""max"":29.9,""min"":24.9}}","[""Weekend"",""One week"",""Short trip""]",Mid-range,4,3,4,4,2,3,3,2,4,2,27.2,27.0,27.5,27.6,27.3,27.0,26.6,26.6,26.7,26.9,27.0,27.2,"['Weekend', 'One week', 'Short trip']",0,1,1,1,0,2,-1.834962100884267,-0.5488327030671741,Spokojne kierunki kulturowe
f7812d83-a0ca-428a-9b98-a6ee705b3925,Gorée Island,Senegal,africa,"Charming cobblestone streets, vibrant colonial architecture, and a poignant history create a deeply moving and enriching experience by the ocean.",14.66720465,-17.398356301764487,"{""1"":{""avg"":22.5,""max"":27.2,""min"":20},""2"":{""avg"":21.6,""max"":26.3,""min"":19.1},""3"":{""avg"":21.4,""max"":25.3,""min"":18.8},""4"":{""avg"":22,""max"":25.9,""min"":19.7},""5"":{""avg"":23.3,""max"":27.1,""min"":21.5},""6"":{""avg"":26.1,""max"":29.2,""min"":24},""7"":{""avg"":27.6,""max"":30.5,""min"":25.6},""8"":{""avg"":28.1,""max"":30.8,""min"":25.9},""9"":{""avg"":28.1,""max"":30.9,""min"":25.4},""10"":{""avg"":28.5,""max"":31.6,""min"":25.7},""11"":{""avg"":26.8,""max"":30.5,""min"":23.9},""12"":{""avg"":24.5,""max"":29,""min"":21.8}}","[""Day trip"",""Weekend""]",Mid-range,5,2,3,2,1,3,2,1,4,2,22.5,21.6,21.4,22.0,23.3,26.1,27.6,28.1,28.1,28.5,26.8,24.5,"['Day trip', 'Weekend']",1,1,0,0,0,2,-1.1081795470349685,-3.5984024046405643,Spokojne kierunki kulturowe
8c999bb4-7456-4226-9124-515a84f3cc7d,Durban,South Africa,africa,"A vibrant blend of golden beaches, rich Zulu culture, and fragrant Indian spices, creating an inviting atmosphere full of warmth and diversity.",-29.861825,31.009909,"{""1"":{""avg"":24,""max"":28.7,""min"":20.5},""2"":{""avg"":24.3,""max"":28.6,""min"":21.2},""3"":{""avg"":23.8,""max"":28.3,""min"":20.6},""4"":{""avg"":21.7,""max"":26.6,""min"":18},""5"":{""avg"":19.9,""max"":25.7,""min"":15.4},""6"":{""avg"":17.7,""max"":24.3,""min"":12.4},""7"":{""avg"":17.1,""max"":23.6,""min"":11.9},""8"":{""avg"":17.8,""max"":23.7,""min"":13.3},""9"":{""avg"":19,""max"":24.1,""min"":14.7},""10"":{""avg"":20,""max"":24.9,""min"":16.1},""11"":{""avg"":21.3,""max"":25.9,""min"":17.6},""12"":{""avg"":22.9,""max"":27.6,""min"":19.3}}","[""Weekend"",""One week"",""Short trip""]",Mid-range,3,4,4,5,3,4,3,3,2,2,24.0,24.3,23.8,21.7,19.9,17.7,17.1,17.8,19.0,20.0,21.3,22.9,"['Weekend', 'One week', 'Short trip']",0,1,1,1,0,3,-0.5927639538699863,1.6397983141849033,"Plaże, natura i relaks"
db933be3-64bc-4471-b1e5-ad29a27b56c6,Bled,Slovenia,europe,"A serene lakeside town where the emerald waters reflect the surrounding mountains, offering a peaceful escape and stunning natural beauty.",46.3684202,14.1100595,"{""1"":{""avg"":-2.5,""max"":0.3,""min"":-5.5},""2"":{""avg"":-1.2,""max"":2.2,""min"":-4.4},""3"":{""avg"":0.5,""max"":3,""min"":-2},""4"":{""avg"":1.9,""max"":5.2,""min"":-1.6},""5"":{""avg"":6.5,""max"":9.4,""min"":3.7},""6"":{""avg"":13.2,""max"":17.1,""min"":9.2},""7"":{""avg"":15,""max"":18.7,""min"":10.8},""8"":{""avg"":14.5,""max"":18.3,""min"":10.5},""9"":{""avg"":9.9,""max"":13.5,""min"":6.4},""10"":{""avg"":7.4,""max"":10.7,""min"":4.2},""11"":{""avg"":1.5,""max"":4.6,""min"":-1.5},""12"":{""avg"":-0.8,""max"":2.3,""min"":-3.9}}","[""Weekend"",""Short trip""]",Mid-range,3,4,5,2,2,3,3,2,4,2,-2.5,-1.2,0.5,1.9,6.5,13.2,15.0,14.5,9.9,7.4,1.5,-0.8,"['Weekend', 'Short trip']",0,1,1,0,0,0,-2.8895782842060482,-0.43525780343990095,Natura i przygoda
abb3afcd-3460-43f0-a209-0fdef66264c4,Bilbao,Spain,europe,"A vibrant blend of modern architecture and rich history, with bustling markets, delightful pintxos bars, and the soothing sound of the river.",43.2630018,-2.9350039,"{""1"":{""avg"":9.4,""max"":13.6,""min"":5},""2"":{""avg"":10.6,""max"":15.2,""min"":5.6},""3"":{""avg"":12,""max"":16.7,""min"":7.1},""4"":{""avg"":13.8,""max"":18.9,""min"":8.6},""5"":{""avg"":16.3,""max"":21.4,""min"":11.2},""6"":{""avg"":19.3,""max"":24.1,""min"":14.6},""7"":{""avg"":21.3,""max"":26.1,""min"":16.5},""8"":{""avg"":21.6,""max"":27.2,""min"":16.4},""9"":{""avg"":19.7,""max"":25.3,""min"":14.5},""10"":{""avg"":17.2,""max"":22.4,""min"":12.2},""11"":{""avg"":13.1,""max"":17.4,""min"":8.8},""12"":{""avg"":11.5,""max"":15.7,""min"":7.2}}","[""Weekend"",""One week"",""Short trip""]",Mid-range,5,3,3,2,4,4,3,4,2,2,9.4,10.6,12.0,13.8,16.3,19.3,21.3,21.6,19.7,17.2,13.1,11.5,"['Weekend', 'One week', 'Short trip']",0,1,1,1,0,1,2.1832280116511122,0.013675728455743073,Miejskie i kulturowe
82cd6d56-a268-4de2-9339-9471cfd32343,Asturias,Spain,europe,"Lush green landscapes meet rugged coastlines, offering a sense of tranquility and adventure with every breathtaking vista and charming village.",43.3133868,-5.94192,"{""1"":{""avg"":8.3,""max"":12.2,""min"":4.8},""2"":{""avg"":9.3,""max"":13.5,""min"":5.6},""3"":{""avg"":10.3,""max"":15,""min"":6.4},""4"":{""avg"":12.2,""max"":17,""min"":7.9},""5"":{""avg"":14.5,""max"":19.2,""min"":10.4},""6"":{""avg"":16.9,""max"":21,""min"":13.4},""7"":{""avg"":19.2,""max"":23.5,""min"":15.5},""8"":{""avg"":19.4,""max"":24.1,""min"":15.6},""9"":{""avg"":17.5,""max"":22.1,""min"":13.7},""10"":{""avg"":15.2,""max"":19.6,""min"":11.4},""11"":{""avg"":11.3,""max"":15.1,""min"":7.9},""12"":{""avg"":9.7,""max"":13.5,""min"":6.4}}","[""One week"",""Short trip""]",Mid-range,4,4,5,4,3,4,3,2,4,2,8.3,9.3,10.3,12.2,14.5,16.9,19.2,19.4,17.5,15.2,11.3,9.7,"['One week', 'Short trip']",0,0,1,1,0,3,-1.7789875307954333,0.8639349779020848,"Plaże, natura i relaks"
31f5b626-c19c-4b17-b740-a2316960fad1,Zermatt,Switzerland,europe,"Nestled amid towering peaks, this charming alpine village offers crisp mountain air, stunning vistas, and a serene escape from the everyday hustle.",46.0212076,7.749254,"{""1"":{""avg"":-3.4,""max"":0.1,""min"":-6},""2"":{""avg"":-0.4,""max"":4,""min"":-3.6},""3"":{""avg"":2,""max"":6.5,""min"":-1.5},""4"":{""avg"":4.1,""max"":9,""min"":-0.2},""5"":{""avg"":8,""max"":12.4,""min"":3.8},""6"":{""avg"":12.9,""max"":17.8,""min"":8.3},""7"":{""avg"":15,""max"":20.4,""min"":10.2},""8"":{""avg"":14.6,""max"":19.9,""min"":10},""9"":{""avg"":10.9,""max"":15.9,""min"":6.8},""10"":{""avg"":7,""max"":11.8,""min"":3.6},""11"":{""avg"":1.1,""max"":4.9,""min"":-1.5},""12"":{""avg"":-1.8,""max"":1.4,""min"":-4.3}}","[""One week"",""Short trip""]",Luxury,3,5,5,1,2,4,4,2,4,3,-3.4,-0.4,2.0,4.1,8.0,12.9,15.0,14.6,10.9,7.0,1.1,-1.8,"['One week', 'Short trip']",0,0,1,1,0,0,-2.760397127030064,0.9407574273935568,Natura i przygoda
3eb00e2f-97e0-445b-a337-2c2852056104,Chiang Mai,Thailand,asia,"Lush mountain landscapes and vibrant night markets create a serene yet lively atmosphere, inviting exploration and relaxation at every turn.",18.7882778,98.9858802,"{""1"":{""avg"":22.6,""max"":30.3,""min"":17.3},""2"":{""avg"":24.8,""max"":33.4,""min"":18.1},""3"":{""avg"":28.5,""max"":36.7,""min"":21.6},""4"":{""avg"":30.2,""max"":37.5,""min"":24.3},""5"":{""avg"":29.8,""max"":36.4,""min"":25.4},""6"":{""avg"":28.7,""max"":34.5,""min"":25.2},""7"":{""avg"":28.1,""max"":33.4,""min"":25},""8"":{""avg"":27.6,""max"":32.8,""min"":24.5},""9"":{""avg"":27.5,""max"":33.2,""min"":24.2},""10"":{""avg"":27,""max"":32.8,""min"":23.5},""11"":{""avg"":25.9,""max"":32.4,""min"":21.6},""12"":{""avg"":23.4,""max"":30.3,""min"":18.4}}","[""Weekend"",""One week"",""Short trip""]",Budget,5,4,4,1,3,5,4,3,4,1,22.6,24.8,28.5,30.2,29.8,28.7,28.1,27.6,27.5,27.0,25.9,23.4,"['Weekend', 'One week', 'Short trip']",0,1,1,1,0,3,0.22614724979195955,0.8185776447270677,"Plaże, natura i relaks"
81a386eb-0e43-463f-9c5b-c7c116b9daad,Kairouan,Tunisia,africa,"Wandering through ancient medinas, the air filled with spices and the call to prayer, immerses you in a rich tapestry of history and culture.",35.6710101,10.10062,"{""1"":{""avg"":13,""max"":19,""min"":8.2},""2"":{""avg"":14.1,""max"":20.6,""min"":8.9},""3"":{""avg"":16.3,""max"":22.6,""min"":10.7},""4"":{""avg"":19.1,""max"":25.4,""min"":13.6},""5"":{""avg"":23.2,""max"":30.3,""min"":17.2},""6"":{""avg"":28.2,""max"":36.4,""min"":21.8},""7"":{""avg"":31.8,""max"":40,""min"":24.6},""8"":{""avg"":30.9,""max"":38.4,""min"":24.8},""9"":{""avg"":27.4,""max"":34.2,""min"":22.4},""10"":{""avg"":23,""max"":29.3,""min"":18},""11"":{""avg"":17.9,""max"":24,""min"":13.3},""12"":{""avg"":14.3,""max"":20.4,""min"":9.9}}","[""Weekend"",""Short trip""]",Budget,5,2,2,1,2,3,2,3,3,1,13.0,14.1,16.3,19.1,23.2,28.2,31.8,30.9,27.4,23.0,17.9,14.3,"['Weekend', 'Short trip']",0,1,1,0,0,2,1.0788517773623876,-3.36048698397878,Spokojne kierunki kulturowe
df9dfdee-2ccd-45c4-a2a8-f9fe84c1748e,Kampala,Uganda,africa,"Bustling streets filled with vibrant markets, the aroma of local cuisine, and a lively cultural scene create an inviting urban adventure.",0.3177137,32.5813539,"{""1"":{""avg"":22.6,""max"":27.2,""min"":18.6},""2"":{""avg"":23,""max"":27.6,""min"":19.2},""3"":{""avg"":22.8,""max"":27.1,""min"":19.2},""4"":{""avg"":22.2,""max"":26,""min"":19.2},""5"":{""avg"":22.2,""max"":25.8,""min"":19.1},""6"":{""avg"":21.4,""max"":25.6,""min"":18.2},""7"":{""avg"":21.5,""max"":25.6,""min"":18},""8"":{""avg"":21.7,""max"":26.1,""min"":18.2},""9"":{""avg"":21.9,""max"":26.5,""min"":18.5},""10"":{""avg"":21.9,""max"":26.5,""min"":18.4},""11"":{""avg"":21.8,""max"":26.2,""min"":18.5},""12"":{""avg"":22.1,""max"":26.1,""min"":18.7}}","[""Weekend"",""One week"",""Short trip""]",Budget,4,3,4,1,3,3,2,3,2,1,22.6,23.0,22.8,22.2,22.2,21.4,21.5,21.7,21.9,21.9,21.8,22.1,"['Weekend', 'One week', 'Short trip']",0,1,1,1,0,2,0.19004316888182657,-1.7972309158669957,Spokojne kierunki kulturowe
e67d1cf4-1acd-410c-9173-6857f6c89332,Minneapolis,United States,north_america,"A city with vibrant arts scenes, scenic lakeside parks, and diverse neighborhoods, offering a welcoming mix of culture and natural beauty.",44.9772995,-93.2654692,"{""1"":{""avg"":-7.8,""max"":-4.1,""min"":-11.8},""2"":{""avg"":-7,""max"":-2.5,""min"":-12},""3"":{""avg"":1.6,""max"":6.2,""min"":-3},""4"":{""avg"":7.5,""max"":12.5,""min"":2.5},""5"":{""avg"":15.6,""max"":21,""min"":9.9},""6"":{""avg"":21.9,""max"":27.2,""min"":16.3},""7"":{""avg"":23.5,""max"":28.7,""min"":18},""8"":{""avg"":21.8,""max"":26.8,""min"":16.7},""9"":{""avg"":18.5,""max"":23.8,""min"":13.4},""10"":{""avg"":9.8,""max"":14.7,""min"":5.2},""11"":{""avg"":2.3,""max"":6.3,""min"":-2},""12"":{""avg"":-4.2,""max"":-0.7,""min"":-7.9}}","[""Short trip"",""Weekend"",""One week""]",Mid-range,4,3,4,2,3,4,3,4,2,2,-7.8,-7.0,1.6,7.5,15.6,21.9,23.5,21.8,18.5,9.8,2.3,-4.2,"['Short trip', 'Weekend', 'One week']",0,1,1,1,0,1,0.9423997688331367,0.060767424822639325,Miejskie i kulturowe
6ce77f2d-9856-497c-a6d8-7d7c2363e489,Denver,United States,north_america,"A vibrant mix of urban sophistication and outdoor adventure, with crisp mountain air and a lively arts scene creating an invigorating atmosphere.",39.7392364,-104.984862,"{""1"":{""avg"":-1.3,""max"":6.2,""min"":-7.5},""2"":{""avg"":0.5,""max"":7.6,""min"":-7.2},""3"":{""avg"":4.5,""max"":12.6,""min"":-2.4},""4"":{""avg"":9.1,""max"":16.5,""min"":1.4},""5"":{""avg"":13.9,""max"":20.4,""min"":6.5},""6"":{""avg"":21.1,""max"":29.2,""min"":13},""7"":{""avg"":23.9,""max"":32.1,""min"":16},""8"":{""avg"":22.9,""max"":31.3,""min"":15},""9"":{""avg"":19.3,""max"":27.8,""min"":11},""10"":{""avg"":10.9,""max"":19.2,""min"":3.6},""11"":{""avg"":4.3,""max"":12.5,""min"":-2.2},""12"":{""avg"":0.2,""max"":8.1,""min"":-6.2}}","[""One week"",""Short trip"",""Weekend""]",Mid-range,4,5,5,1,3,4,4,4,3,2,-1.3,0.5,4.5,9.1,13.9,21.1,23.9,22.9,19.3,10.9,4.3,0.2,"['One week', 'Short trip', 'Weekend']",0,1,1,1,0,3,-0.7092395981724775,1.4998640273580044,"Plaże, natura i relaks"
fd625374-2800-49ca-9f65-ea3eabca88ab,Glasgow,United Kingdom,europe,"Lively streets filled with music, striking architecture, and a rich cultural scene make every corner of this city feel inviting and vibrant.",55.861155,-4.2501687,"{""1"":{""avg"":4.3,""max"":6.8,""min"":1.4},""2"":{""avg"":5.3,""max"":8,""min"":2.3},""3"":{""avg"":6.7,""max"":9.5,""min"":3.8},""4"":{""avg"":8,""max"":12.3,""min"":3.5},""5"":{""avg"":11.7,""max"":16.1,""min"":7.2},""6"":{""avg"":14.2,""max"":18.3,""min"":10.1},""7"":{""avg"":15.4,""max"":19.1,""min"":11.5},""8"":{""avg"":14.9,""max"":18.6,""min"":11},""9"":{""avg"":12.9,""max"":16.7,""min"":9.1},""10"":{""avg"":10,""max"":13.2,""min"":6.6},""11"":{""avg"":6.5,""max"":9.4,""min"":3.4},""12"":{""avg"":5.4,""max"":7.8,""min"":2.6}}","[""Weekend"",""One week"",""Short trip""]",Mid-range,4,2,3,1,4,4,3,4,2,2,4.3,5.3,6.7,8.0,11.7,14.2,15.4,14.9,12.9,10.0,6.5,5.4,"['Weekend', 'One week', 'Short trip']",0,1,1,1,0,1,2.28520146256778,-0.48958121901682605,Miejskie i kulturowe
5cccd9f1-46c1-461c-928b-207a70521e74,Ushuaia,Argentina,south_america,"A windswept frontier town with dramatic landscapes, where the end of the world feels both mysterious and beautifully remote.",-54.807306,-68.3084133,"{""1"":{""avg"":9.7,""max"":14.2,""min"":6.6},""2"":{""avg"":9.9,""max"":14.5,""min"":6.4},""3"":{""avg"":8.3,""max"":12,""min"":5.1},""4"":{""avg"":6.2,""max"":10,""min"":3.6},""5"":{""avg"":4.7,""max"":7.9,""min"":2.5},""6"":{""avg"":2.6,""max"":4.8,""min"":0.2},""7"":{""avg"":2.4,""max"":4.7,""min"":0.3},""8"":{""avg"":3.1,""max"":6.2,""min"":0.9},""9"":{""avg"":4.4,""max"":8.2,""min"":1.4},""10"":{""avg"":6.4,""max"":10.7,""min"":3.2},""11"":{""avg"":8,""max"":13.4,""min"":4.5},""12"":{""avg"":8.9,""max"":14,""min"":5.9}}","[""Long trip"",""One week"",""Short trip""]",Mid-range,3,5,5,2,2,3,3,2,4,2,9.7,9.9,8.3,6.2,4.7,2.6,2.4,3.1,4.4,6.4,8.0,8.9,"['Long trip', 'One week', 'Short trip']",0,0,1,1,1,0,-3.2974781509711297,-0.048012717213085136,Natura i przygoda
c7cd6c83-42a4-48b2-ad40-7b0c61dcf992,Tucson,United States,north_america,"Vibrant desert landscapes, stunning sunsets, and a rich blend of Native American and Mexican cultures make every moment feel uniquely captivating.",32.2228765,-110.974847,"{""1"":{""avg"":11.6,""max"":19.5,""min"":4.6},""2"":{""avg"":13.9,""max"":21.8,""min"":6.2},""3"":{""avg"":17,""max"":24.8,""min"":9.2},""4"":{""avg"":21.4,""max"":29.7,""min"":12.6},""5"":{""avg"":25.2,""max"":33.3,""min"":16.4},""6"":{""avg"":31.2,""max"":39.3,""min"":22.7},""7"":{""avg"":31.8,""max"":39,""min"":25.2},""8"":{""avg"":30.8,""max"":37.8,""min"":24.4},""9"":{""avg"":28.7,""max"":35.9,""min"":21.8},""10"":{""avg"":23.3,""max"":31.4,""min"":15.6},""11"":{""avg"":16.9,""max"":25.2,""min"":9.3},""12"":{""avg"":12.5,""max"":20.4,""min"":5.6}}","[""Short trip"",""Weekend""]",Mid-range,4,4,4,1,3,4,3,3,4,2,11.6,13.9,17.0,21.4,25.2,31.2,31.8,30.8,28.7,23.3,16.9,12.5,"['Short trip', 'Weekend']",0,1,1,0,0,2,-0.6168601899975199,-0.2862043611253276,Spokojne kierunki kulturowe
99ef42e6-1bce-46a5-a6cd-0dc8d924b901,Pittsburgh,United States,north_america,"Charming riverside views, vibrant arts districts, and a rich industrial history create a welcoming atmosphere full of cultural and culinary discoveries.",40.4416941,-79.9900861,"{""1"":{""avg"":-1.3,""max"":2.6,""min"":-5.4},""2"":{""avg"":0.8,""max"":5.9,""min"":-4.1},""3"":{""avg"":5.3,""max"":10.8,""min"":-0.1},""4"":{""avg"":11.2,""max"":16.9,""min"":5.2},""5"":{""avg"":17.1,""max"":22.7,""min"":11.3},""6"":{""avg"":21.2,""max"":26.6,""min"":15.7},""7"":{""avg"":23.6,""max"":28.9,""min"":18.3},""8"":{""avg"":22.6,""max"":27.9,""min"":17.4},""9"":{""avg"":19.6,""max"":25.3,""min"":14.3},""10"":{""avg"":13.2,""max"":18.5,""min"":7.8},""11"":{""avg"":6.5,""max"":11.3,""min"":1.5},""12"":{""avg"":2.5,""max"":6.5,""min"":-1.3}}","[""Short trip"",""Weekend"",""One week""]",Mid-range,4,3,3,1,3,4,3,4,2,2,-1.3,0.8,5.3,11.2,17.1,21.2,23.6,22.6,19.6,13.2,6.5,2.5,"['Short trip', 'Weekend', 'One week']",0,1,1,1,0,1,1.485210290901217,-0.5072495366449696,Miejskie i kulturowe
18db3d45-0c86-4da9-b5b4-9fbbba0bf443,Adelaide,Australia,oceania,"Charming streets lined with historic buildings and lush parks offer a laid-back vibe, perfect for leisurely strolls and enjoying local wines.",-34.9281805,138.5999312,"{""1"":{""avg"":22.6,""max"":29.7,""min"":17.5},""2"":{""avg"":21.9,""max"":28.5,""min"":16.9},""3"":{""avg"":20.2,""max"":26.4,""min"":15.6},""4"":{""avg"":17.1,""max"":22.3,""min"":12.7},""5"":{""avg"":14.1,""max"":18.2,""min"":9.9},""6"":{""avg"":11.6,""max"":15.6,""min"":8},""7"":{""avg"":11.3,""max"":15,""min"":7.6},""8"":{""avg"":12,""max"":16.1,""min"":8.2},""9"":{""avg"":13.8,""max"":18.7,""min"":9.3},""10"":{""avg"":16.8,""max"":23.2,""min"":11.8},""11"":{""avg"":18.4,""max"":24.3,""min"":13.4},""12"":{""avg"":20.9,""max"":27.8,""min"":15.6}}","[""One week"",""Short trip"",""Weekend""]",Mid-range,4,3,4,3,3,4,3,3,4,2,22.6,21.9,20.2,17.1,14.1,11.6,11.3,12.0,13.8,16.8,18.4,20.9,"['One week', 'Short trip', 'Weekend']",0,1,1,1,0,2,-0.4109809445922327,0.05222583946925476,Spokojne kierunki kulturowe
21b7a81d-f0a3-4260-be02-f6c82cc74254,Manama,Bahrain,middle_east,"A blend of modern skyscrapers and traditional souks, offering a warm, welcoming atmosphere with the aroma of spices and sea breezes.",26.2235041,50.5822436,"{""1"":{""avg"":18.6,""max"":21.4,""min"":16},""2"":{""avg"":19.1,""max"":22.2,""min"":16.5},""3"":{""avg"":22.4,""max"":26.4,""min"":19.4},""4"":{""avg"":26.9,""max"":31.4,""min"":23.4},""5"":{""avg"":31.9,""max"":36.5,""min"":28.4},""6"":{""avg"":35,""max"":39.6,""min"":31.6},""7"":{""avg"":36.4,""max"":40.4,""min"":33.4},""8"":{""avg"":36.3,""max"":40.6,""min"":33.3},""9"":{""avg"":34.4,""max"":38.6,""min"":31.4},""10"":{""avg"":30.9,""max"":34.5,""min"":28},""11"":{""avg"":25.8,""max"":28.7,""min"":23.4},""12"":{""avg"":20.8,""max"":23.5,""min"":18.5}}","[""Short trip"",""Weekend""]",Mid-range,4,3,2,3,4,4,3,4,2,2,18.6,19.1,22.4,26.9,31.9,35.0,36.4,36.3,34.4,30.9,25.8,20.8,"['Short trip', 'Weekend']",0,1,1,0,0,1,2.117081185831087,0.4181598359744781,Miejskie i kulturowe
88f49e69-1210-4b97-be1e-b906ca0ebcec,La Paz,Bolivia,south_america,"High-altitude streets buzz with vibrant markets, colorful textiles, and a unique blend of indigenous culture and modern city life.",-16.4955455,-68.1336229,"{""1"":{""avg"":9.3,""max"":15.8,""min"":4.3},""2"":{""avg"":9.2,""max"":15.5,""min"":4.4},""3"":{""avg"":9,""max"":15.3,""min"":3.5},""4"":{""avg"":8.2,""max"":15.8,""min"":1.3},""5"":{""avg"":7,""max"":15.8,""min"":-1.9},""6"":{""avg"":5.7,""max"":15.1,""min"":-3.7},""7"":{""avg"":5.8,""max"":15.8,""min"":-4.2},""8"":{""avg"":6.4,""max"":16.3,""min"":-3.4},""9"":{""avg"":7.8,""max"":16.8,""min"":-0.8},""10"":{""avg"":9,""max"":17.3,""min"":1.1},""11"":{""avg"":9.9,""max"":17.8,""min"":2.6},""12"":{""avg"":9.6,""max"":16.5,""min"":3.8}}","[""One week"",""Short trip""]",Budget,4,4,4,1,3,3,3,3,3,1,9.3,9.2,9.0,8.2,7.0,5.7,5.8,6.4,7.8,9.0,9.9,9.6,"['One week', 'Short trip']",0,0,1,1,0,2,-0.7129064306504203,-0.5877210742046571,Spokojne kierunki kulturowe
edb9bd75-975a-438a-8d19-7b506bae3003,Montevideo,Uruguay,south_america,"Strolling along the rambla with the ocean breeze, discovering vibrant street art, and savoring local mate create a welcoming and laid-back vibe.",-34.9058916,-56.1913095,"{""1"":{""avg"":23.2,""max"":28.1,""min"":18.7},""2"":{""avg"":22.9,""max"":27.7,""min"":18.5},""3"":{""avg"":21,""max"":25.6,""min"":17.2},""4"":{""avg"":18.3,""max"":22.4,""min"":14.3},""5"":{""avg"":14.3,""max"":18.3,""min"":10.5},""6"":{""avg"":11.7,""max"":15.5,""min"":8.3},""7"":{""avg"":10.9,""max"":14.9,""min"":6.6},""8"":{""avg"":12.2,""max"":16.4,""min"":7.8},""9"":{""avg"":13.7,""max"":18.1,""min"":9.6},""10"":{""avg"":16,""max"":20.3,""min"":11.9},""11"":{""avg"":19.2,""max"":24.4,""min"":14.4},""12"":{""avg"":21.4,""max"":26.5,""min"":16.4}}","[""Short trip"",""Weekend"",""One week""]",Mid-range,4,3,3,3,3,4,3,4,3,2,23.2,22.9,21.0,18.3,14.3,11.7,10.9,12.2,13.7,16.0,19.2,21.4,"['Short trip', 'Weekend', 'One week']",0,1,1,1,0,1,0.865652566853706,0.10451259042518415,Miejskie i kulturowe
1ca8e2d5-d8af-4855-a61c-93d3f4557f10,Mendoza,Argentina,south_america,"Vineyards stretch across sunlit valleys, offering rich aromas and flavors, while the Andes provide a breathtaking backdrop to this relaxed, wine-loving region.",-34.78709305,-68.43818677312292,"{""1"":{""avg"":24.4,""max"":32.9,""min"":16.7},""2"":{""avg"":22.9,""max"":31.4,""min"":15.4},""3"":{""avg"":20,""max"":28.4,""min"":12.8},""4"":{""avg"":15.7,""max"":24.2,""min"":9.4},""5"":{""avg"":10.9,""max"":19.2,""min"":4.7},""6"":{""avg"":7.9,""max"":16.4,""min"":1.6},""7"":{""avg"":7.4,""max"":16.7,""min"":0.6},""8"":{""avg"":10.1,""max"":19.2,""min"":2.3},""9"":{""avg"":13.1,""max"":22.3,""min"":5.4},""10"":{""avg"":15.7,""max"":25.3,""min"":8.4},""11"":{""avg"":20,""max"":29.1,""min"":12.5},""12"":{""avg"":22.8,""max"":31.9,""min"":14.7}}","[""Short trip"",""Weekend"",""One week""]",Mid-range,3,4,4,1,3,4,3,3,4,2,24.4,22.9,20.0,15.7,10.9,7.9,7.4,10.1,13.1,15.7,20.0,22.8,"['Short trip', 'Weekend', 'One week']",0,1,1,1,0,2,-1.023796916525831,-0.03937857896038192,Spokojne kierunki kulturowe
20fa6443-16d9-43a4-8cda-d6c9cc93f5e0,Innsbruck,Austria,europe,"Nestled in the heart of the Alps, this city offers stunning mountain views, charming old town streets, and a blend of urban and outdoor adventures.",47.2654296,11.3927685,"{""1"":{""avg"":-1.4,""max"":3.2,""min"":-5.6},""2"":{""avg"":0.5,""max"":5.9,""min"":-4.1},""3"":{""avg"":2.8,""max"":8.7,""min"":-2.6},""4"":{""avg"":6.6,""max"":12.6,""min"":0.8},""5"":{""avg"":10,""max"":15.5,""min"":4.8},""6"":{""avg"":15.4,""max"":21.5,""min"":9.9},""7"":{""avg"":16.5,""max"":22.6,""min"":11.3},""8"":{""avg"":16.2,""max"":22.5,""min"":10.9},""9"":{""avg"":12.3,""max"":18.6,""min"":7.3},""10"":{""avg"":8.9,""max"":15,""min"":4.1},""11"":{""avg"":3.1,""max"":8.3,""min"":-1.1},""12"":{""avg"":0,""max"":4.5,""min"":-3.8}}","[""Short trip"",""Weekend"",""One week""]",Mid-range,4,5,5,1,3,4,3,3,3,2,-1.4,0.5,2.8,6.6,10.0,15.4,16.5,16.2,12.3,8.9,3.1,0.0,"['Short trip', 'Weekend', 'One week']",0,1,1,1,0,0,-1.049023165463068,0.42013320290964257,Natura i przygoda
031fc396-76f4-4789-ad26-26a0ca29b267,Washington DC,United States,north_america,"Monument-lined streets, vibrant museums, and lively neighborhoods create an engaging atmosphere, blending history with modern culture and diverse culinary experiences.",38.8950368,-77.0365427,"{""1"":{""avg"":3.3,""max"":7.5,""min"":-0.6},""2"":{""avg"":5.2,""max"":10.1,""min"":0.7},""3"":{""avg"":9.3,""max"":14.7,""min"":4.5},""4"":{""avg"":14.9,""max"":20.4,""min"":9.6},""5"":{""avg"":19.7,""max"":24.8,""min"":15},""6"":{""avg"":24.8,""max"":29.8,""min"":20},""7"":{""avg"":27.5,""max"":32.4,""min"":23.1},""8"":{""avg"":26.4,""max"":31.2,""min"":22.1},""9"":{""avg"":23,""max"":27.7,""min"":18.7},""10"":{""avg"":16.8,""max"":21.8,""min"":12.2},""11"":{""avg"":10.4,""max"":15.2,""min"":5.7},""12"":{""avg"":6.2,""max"":10.5,""min"":2.2}}","[""Short trip"",""Weekend"",""One week""]",Mid-range,5,2,3,1,3,4,3,5,2,2,3.3,5.2,9.3,14.9,19.7,24.8,27.5,26.4,23.0,16.8,10.4,6.2,"['Short trip', 'Weekend', 'One week']",0,1,1,1,0,1,2.7173430815646484,-0.9977674957751366,Miejskie i kulturowe
fb56c304-dd9e-433a-8a3b-fda3cdf73cf4,Brussels,Belgium,europe,"Charming cobblestone streets, the scent of fresh waffles, and vibrant squares create an inviting atmosphere perfect for leisurely exploration.",50.8465573,4.351697,"{""1"":{""avg"":3.9,""max"":6.2,""min"":1.9},""2"":{""avg"":5.4,""max"":8.5,""min"":2.4},""3"":{""avg"":7.4,""max"":12.2,""min"":3.8},""4"":{""avg"":10,""max"":14.8,""min"":5.5},""5"":{""avg"":14.2,""max"":19,""min"":9.5},""6"":{""avg"":17.8,""max"":22.5,""min"":13.1},""7"":{""avg"":19,""max"":23.6,""min"":14.4},""8"":{""avg"":19.1,""max"":23.8,""min"":14.8},""9"":{""avg"":15.8,""max"":20.4,""min"":11.4},""10"":{""avg"":12.4,""max"":15.9,""min"":9.2},""11"":{""avg"":7.3,""max"":10.3,""min"":5},""12"":{""avg"":5.4,""max"":7.5,""min"":3.3}}","[""One week"",""Short trip"",""Weekend""]",Mid-range,4,2,3,1,3,4,3,4,2,2,3.9,5.4,7.4,10.0,14.2,17.8,19.0,19.1,15.8,12.4,7.3,5.4,"['One week', 'Short trip', 'Weekend']",0,1,1,1,0,1,1.8931101576662985,-0.8944946228717854,Miejskie i kulturowe
5c5a1424-5c18-4a8a-b4ec-b8084bfc1003,Ottawa,Canada,north_america,"Charming streets lined with historic architecture meet lush green parks, offering a peaceful yet vibrant atmosphere perfect for leisurely exploration.",45.4208777,-75.6901106,"{""1"":{""avg"":-8.6,""max"":-4.3,""min"":-13.1},""2"":{""avg"":-8,""max"":-2.9,""min"":-13.3},""3"":{""avg"":-1.8,""max"":2.8,""min"":-6.6},""4"":{""avg"":6,""max"":11.2,""min"":0.8},""5"":{""avg"":14,""max"":20.1,""min"":8.2},""6"":{""avg"":18.7,""max"":24.2,""min"":13.1},""7"":{""avg"":21.8,""max"":27.5,""min"":16},""8"":{""avg"":20.4,""max"":25.7,""min"":14.8},""9"":{""avg"":16.4,""max"":22.2,""min"":10.6},""10"":{""avg"":9.4,""max"":14.2,""min"":4.3},""11"":{""avg"":1.9,""max"":6.1,""min"":-2.3},""12"":{""avg"":-4,""max"":-0.4,""min"":-7.5}}","[""One week"",""Short trip"",""Weekend""]",Mid-range,4,3,4,2,3,3,3,3,3,2,-8.6,-8.0,-1.8,6.0,14.0,18.7,21.8,20.4,16.4,9.4,1.9,-4.0,"['One week', 'Short trip', 'Weekend']",0,1,1,1,0,2,-0.40601687456523583,-0.6121285170207739,Spokojne kierunki kulturowe
9c6dae1f-2059-4196-804f-fcd440fb19d0,Brno,Czech Republic,europe,"Charming cobblestone streets and vibrant student life create an inviting energy, while historic architecture and cozy cafés offer delightful moments of discovery.",49.1922443,16.6113382,"{""1"":{""avg"":0.1,""max"":2.8,""min"":-2.7},""2"":{""avg"":2.8,""max"":6.2,""min"":-0.9},""3"":{""avg"":5.6,""max"":11.5,""min"":1.3},""4"":{""avg"":10.3,""max"":15.5,""min"":4.8},""5"":{""avg"":14.9,""max"":20,""min"":9.5},""6"":{""avg"":20,""max"":25.4,""min"":14.2},""7"":{""avg"":21.5,""max"":27.4,""min"":15.4},""8"":{""avg"":21.6,""max"":27.2,""min"":16},""9"":{""avg"":16.4,""max"":21.5,""min"":11.5},""10"":{""avg"":10.9,""max"":15.1,""min"":6.9},""11"":{""avg"":5.3,""max"":8.2,""min"":2.3},""12"":{""avg"":1.6,""max"":3.9,""min"":-0.9}}","[""Short trip"",""Weekend""]",Budget,4,3,3,1,3,4,3,3,2,1,0.1,2.8,5.6,10.3,14.9,20.0,21.5,21.6,16.4,10.9,5.3,1.6,"['Short trip', 'Weekend']",0,1,1,0,0,1,1.0679140935311782,-0.6508024459065643,Miejskie i kulturowe
a72016d1-6e5a-45e9-9d47-b0d1dcff8e69,Tartu,Estonia,europe,"Charming cobblestone streets and vibrant student life create a lively yet laid-back atmosphere, perfect for exploring quaint cafes and historic architecture.",58.3801207,26.72245,"{""1"":{""avg"":-3.2,""max"":-1,""min"":-5.6},""2"":{""avg"":-2.3,""max"":0.2,""min"":-4.8},""3"":{""avg"":0.5,""max"":4.7,""min"":-2.6},""4"":{""avg"":5.8,""max"":11,""min"":1.2},""5"":{""avg"":11.8,""max"":17.4,""min"":5.5},""6"":{""avg"":16.8,""max"":22.2,""min"":10.8},""7"":{""avg"":17.9,""max"":22.8,""min"":13},""8"":{""avg"":17.3,""max"":22.4,""min"":12.7},""9"":{""avg"":12.7,""max"":17.4,""min"":9},""10"":{""avg"":6.6,""max"":9.9,""min"":3.8},""11"":{""avg"":2.4,""max"":4.2,""min"":0.5},""12"":{""avg"":-1.1,""max"":0.7,""min"":-3.3}}","[""Short trip"",""Weekend""]",Budget,4,2,3,1,3,3,3,3,3,1,-3.2,-2.3,0.5,5.8,11.8,16.8,17.9,17.3,12.7,6.6,2.4,-1.1,"['Short trip', 'Weekend']",0,1,1,0,0,2,0.5446935142679259,-1.5673905647151987,Spokojne kierunki kulturowe
920da6cf-c573-4a7d-94f8-b6f93bccb344,Praia,Cape Verde,africa,"Colorful markets, lively music, and ocean breezes create a vibrant yet laid-back atmosphere that invites you to explore and unwind.",14.9162811,-23.5095095,"{""1"":{""avg"":23.3,""max"":27.1,""min"":20.7},""2"":{""avg"":22.9,""max"":26.6,""min"":20.2},""3"":{""avg"":22.9,""max"":26.7,""min"":19.8},""4"":{""avg"":24.2,""max"":28.2,""min"":21.2},""5"":{""avg"":24.7,""max"":28.8,""min"":21.8},""6"":{""avg"":25.4,""max"":29.3,""min"":22.6},""7"":{""avg"":26,""max"":29.4,""min"":23.3},""8"":{""avg"":27,""max"":30.2,""min"":24.5},""9"":{""avg"":27.3,""max"":30.3,""min"":25},""10"":{""avg"":27.3,""max"":30.9,""min"":24.5},""11"":{""avg"":26.1,""max"":30,""min"":23.1},""12"":{""avg"":24.2,""max"":27.6,""min"":21.6}}","[""One week"",""Short trip"",""Weekend""]",Mid-range,3,3,3,4,3,3,2,3,4,2,23.3,22.9,22.9,24.2,24.7,25.4,26.0,27.0,27.3,27.3,26.1,24.2,"['One week', 'Short trip', 'Weekend']",0,1,1,1,0,2,-0.9131984836734262,-0.8948978410293513,Spokojne kierunki kulturowe
d218703a-93de-47e5-b591-a6a45b3187cd,Harbin,China,asia,"A winter wonderland with intricate ice sculptures, bustling street markets, and the aroma of hearty local dishes filling the crisp air.",45.7593633,126.6276177,"{""1"":{""avg"":-17.2,""max"":-10.1,""min"":-23.6},""2"":{""avg"":-11.7,""max"":-5.1,""min"":-19.1},""3"":{""avg"":-0.4,""max"":5.8,""min"":-7.3},""4"":{""avg"":8.8,""max"":15.6,""min"":1.4},""5"":{""avg"":15.8,""max"":22.3,""min"":8.6},""6"":{""avg"":20.7,""max"":26.1,""min"":15.2},""7"":{""avg"":24.4,""max"":29.3,""min"":20.1},""8"":{""avg"":21.9,""max"":26.7,""min"":17.5},""9"":{""avg"":16.4,""max"":22.9,""min"":10.9},""10"":{""avg"":7.1,""max"":14.7,""min"":1.4},""11"":{""avg"":-4.8,""max"":1.3,""min"":-9.1},""12"":{""avg"":-14.6,""max"":-8.9,""min"":-20.3}}","[""One week"",""Short trip"",""Weekend""]",Mid-range,4,3,3,1,3,3,2,4,2,2,-17.2,-11.7,-0.4,8.8,15.8,20.7,24.4,21.9,16.4,7.1,-4.8,-14.6,"['One week', 'Short trip', 'Weekend']",0,1,1,1,0,2,1.0491395776400485,-1.8588573246623104,Spokojne kierunki kulturowe
51ab40b5-1e27-463a-a1fd-cf9f33a9263a,Moroni,Comoros,africa,Winding streets lined with colorful markets and the aroma of spices create a lively yet laid-back atmosphere by the Indian Ocean.,-11.6931255,43.2543044,"{""1"":{""avg"":28,""max"":31.4,""min"":25},""2"":{""avg"":27.8,""max"":31.2,""min"":24.5},""3"":{""avg"":28.4,""max"":32.3,""min"":24.9},""4"":{""avg"":28.2,""max"":32.1,""min"":25.1},""5"":{""avg"":27.7,""max"":31.2,""min"":23.5},""6"":{""avg"":26.1,""max"":30.3,""min"":22.3},""7"":{""avg"":25.4,""max"":29.6,""min"":21.5},""8"":{""avg"":25.1,""max"":29.4,""min"":21.2},""9"":{""avg"":25.6,""max"":29.6,""min"":21.9},""10"":{""avg"":26.9,""max"":31.1,""min"":23.3},""11"":{""avg"":28.3,""max"":32.2,""min"":24.8},""12"":{""avg"":28.4,""max"":32.2,""min"":24.9}}","[""Short trip"",""Weekend""]",Budget,3,3,4,3,2,3,2,2,4,1,28.0,27.8,28.4,28.2,27.7,26.1,25.4,25.1,25.6,26.9,28.3,28.4,"['Short trip', 'Weekend']",0,1,1,0,0,2,-2.063375886653232,-1.6010224794996946,Spokojne kierunki kulturowe
acd5d99c-5303-4f22-b176-f67a87c7e59c,Prague,Czech Republic,europe,"Cobblestone streets and Gothic architecture create a fairytale-like atmosphere, where historic charm and modern culture blend seamlessly along the river.",50.0874654,14.4212535,"{""1"":{""avg"":1.2,""max"":3.4,""min"":-1.7},""2"":{""avg"":2.7,""max"":6,""min"":-0.8},""3"":{""avg"":5.3,""max"":10.3,""min"":0.7},""4"":{""avg"":9.7,""max"":14.7,""min"":4},""5"":{""avg"":14.4,""max"":19.4,""min"":8.3},""6"":{""avg"":19.4,""max"":24.6,""min"":13.1},""7"":{""avg"":20.7,""max"":26.3,""min"":14.3},""8"":{""avg"":20.6,""max"":26.2,""min"":14.6},""9"":{""avg"":15.7,""max"":21,""min"":10.5},""10"":{""avg"":10.6,""max"":14.9,""min"":6.5},""11"":{""avg"":5.2,""max"":7.8,""min"":2.3},""12"":{""avg"":2.8,""max"":4.8,""min"":0.2}}","[""One week"",""Short trip"",""Weekend""]",Mid-range,5,2,3,1,4,4,3,5,2,2,1.2,2.7,5.3,9.7,14.4,19.4,20.7,20.6,15.7,10.6,5.2,2.8,"['One week', 'Short trip', 'Weekend']",0,1,1,1,0,1,3.1094343864661296,-0.5928540919201771,Miejskie i kulturowe
29e3c666-7847-4ce2-a1ab-c4036a94b9db,Beijing,China,asia,"A dynamic blend of ancient history and modern innovation, with bustling markets, serene temples, and the aroma of sizzling street food.",40.190632,116.412144,"{""1"":{""avg"":-2.6,""max"":3.6,""min"":-8.1},""2"":{""avg"":0.5,""max"":7.1,""min"":-5.3},""3"":{""avg"":8.7,""max"":15.5,""min"":2},""4"":{""avg"":15.7,""max"":22.3,""min"":8.8},""5"":{""avg"":21.6,""max"":28.4,""min"":14.5},""6"":{""avg"":26.1,""max"":32.5,""min"":20},""7"":{""avg"":27.4,""max"":32.6,""min"":23},""8"":{""avg"":26.4,""max"":31.7,""min"":22},""9"":{""avg"":21.6,""max"":27.6,""min"":16.5},""10"":{""avg"":13.1,""max"":19.7,""min"":7.7},""11"":{""avg"":5,""max"":11.3,""min"":0.2},""12"":{""avg"":-1.8,""max"":4.6,""min"":-7.1}}","[""Long trip"",""One week"",""Short trip""]",Mid-range,5,3,3,1,4,5,3,5,2,2,-2.6,0.5,8.7,15.7,21.6,26.1,27.4,26.4,21.6,13.1,5.0,-1.8,"['Long trip', 'One week', 'Short trip']",0,0,1,1,1,1,3.2151178630416655,0.20982086713721265,Miejskie i kulturowe
e79d9e7b-6fc0-43de-a4fd-df7874e6f754,Lhasa,China,asia,High-altitude streets filled with the scent of incense and the sound of prayer wheels create a serene yet vibrant atmosphere.,29.6542054,91.1173015,"{""1"":{""avg"":0.3,""max"":8.7,""min"":-6.6},""2"":{""avg"":3.3,""max"":10.5,""min"":-4.5},""3"":{""avg"":6.9,""max"":14.4,""min"":0.2},""4"":{""avg"":9.9,""max"":16.9,""min"":3.5},""5"":{""avg"":13.6,""max"":20.8,""min"":7.6},""6"":{""avg"":17.7,""max"":25.5,""min"":12.3},""7"":{""avg"":17.3,""max"":24.4,""min"":12.4},""8"":{""avg"":16.9,""max"":23.6,""min"":11.9},""9"":{""avg"":15.6,""max"":22.5,""min"":10.4},""10"":{""avg"":11.4,""max"":19.5,""min"":5.1},""11"":{""avg"":5.4,""max"":14.5,""min"":-1.1},""12"":{""avg"":1.5,""max"":10.5,""min"":-5.8}}","[""Long trip"",""One week""]",Luxury,5,4,4,1,1,3,4,2,5,3,0.3,3.3,6.9,9.9,13.6,17.7,17.3,16.9,15.6,11.4,5.4,1.5,"['Long trip', 'One week']",0,0,0,1,1,0,-2.420035346749992,-1.079574977656838,Natura i przygoda
16b76b63-d83f-4e9c-86e1-b39fd024f8a9,Aswan,Egypt,africa,"Tranquil river views and ancient temples offer a serene escape, with warm breezes and the gentle flow of the Nile setting the pace.",24.091071,32.897306,"{""1"":{""avg"":16.4,""max"":23.4,""min"":10.2},""2"":{""avg"":18.6,""max"":25.4,""min"":11.1},""3"":{""avg"":23.1,""max"":30.1,""min"":15.2},""4"":{""avg"":28.2,""max"":36.1,""min"":20.4},""5"":{""avg"":32.7,""max"":39.9,""min"":25.1},""6"":{""avg"":35.5,""max"":42.8,""min"":28},""7"":{""avg"":35.8,""max"":42.8,""min"":28.7},""8"":{""avg"":36,""max"":42.8,""min"":29.1},""9"":{""avg"":33.9,""max"":41.3,""min"":27.1},""10"":{""avg"":29.7,""max"":37.4,""min"":23},""11"":{""avg"":23.1,""max"":29.9,""min"":16.5},""12"":{""avg"":17.9,""max"":25.3,""min"":12.1}}","[""Short trip"",""Weekend"",""One week""]",Budget,5,3,4,2,2,4,3,2,4,1,16.4,18.6,23.1,28.2,32.7,35.5,35.8,36.0,33.9,29.7,23.1,17.9,"['Short trip', 'Weekend', 'One week']",0,1,1,1,0,2,-0.7124214096555446,-1.105903899222944,Spokojne kierunki kulturowe
a3838612-edde-4229-91ba-f6483f24e7c5,Rijeka,Croatia,europe,"Coastal breezes meet lively streets filled with music and laughter, while historic architecture and vibrant markets create a welcoming, dynamic atmosphere.",45.3267976,14.442208,"{""1"":{""avg"":7,""max"":10.2,""min"":3.8},""2"":{""avg"":8.5,""max"":12.1,""min"":5.1},""3"":{""avg"":10.8,""max"":14.5,""min"":7.3},""4"":{""avg"":13.1,""max"":17.2,""min"":9.2},""5"":{""avg"":17.4,""max"":21.2,""min"":13.5},""6"":{""avg"":23.5,""max"":28,""min"":18.7},""7"":{""avg"":25.8,""max"":30.6,""min"":20.7},""8"":{""avg"":25.9,""max"":30.7,""min"":21.2},""9"":{""avg"":20.9,""max"":25.2,""min"":16.7},""10"":{""avg"":16.5,""max"":20.3,""min"":13.1},""11"":{""avg"":11.8,""max"":15.3,""min"":8.6},""12"":{""avg"":8.6,""max"":11.7,""min"":5.8}}","[""One week"",""Short trip"",""Weekend""]",Mid-range,4,3,4,3,3,4,3,3,3,2,7.0,8.5,10.8,13.1,17.4,23.5,25.8,25.9,20.9,16.5,11.8,8.6,"['One week', 'Short trip', 'Weekend']",0,1,1,1,0,2,0.006556158095484042,0.16613899922049924,Spokojne kierunki kulturowe
766463db-8af1-4a9f-95f4-f2bb8a50db45,Cuenca,Ecuador,south_america,"Cobblestone streets lined with colonial architecture and vibrant markets create a charming atmosphere, inviting you to explore its rich cultural heritage.",-2.8974072,-79.0041726,"{""1"":{""avg"":15.4,""max"":22,""min"":10.6},""2"":{""avg"":15.7,""max"":22.2,""min"":11},""3"":{""avg"":15.2,""max"":21.7,""min"":10.8},""4"":{""avg"":15.3,""max"":21.4,""min"":10.8},""5"":{""avg"":15.3,""max"":21.2,""min"":10.8},""6"":{""avg"":14.6,""max"":20.5,""min"":10},""7"":{""avg"":14.2,""max"":19.9,""min"":9.4},""8"":{""avg"":13.9,""max"":20.4,""min"":8.5},""9"":{""avg"":14.6,""max"":21.5,""min"":8.8},""10"":{""avg"":15.3,""max"":22.5,""min"":10},""11"":{""avg"":15.3,""max"":23.1,""min"":10.1},""12"":{""avg"":15.7,""max"":22.5,""min"":10.9}}","[""Short trip"",""One week"",""Weekend""]",Budget,5,3,4,1,3,4,3,3,4,1,15.4,15.7,15.2,15.3,15.3,14.6,14.2,13.9,14.6,15.3,15.3,15.7,"['Short trip', 'One week', 'Weekend']",0,1,1,1,0,2,0.19797640329587252,-0.9202752295170893,Spokojne kierunki kulturowe
12aa2887-b59c-4f3d-bad6-7b57dac21879,Giza,Egypt,africa,The awe-inspiring sight of ancient pyramids rising from the golden desert sands creates an atmosphere of timeless wonder and historical intrigue.,29.9870753,31.2118063,"{""1"":{""avg"":14.9,""max"":19,""min"":11.3},""2"":{""avg"":16,""max"":20.9,""min"":11.4},""3"":{""avg"":19.2,""max"":24.2,""min"":14.6},""4"":{""avg"":22.6,""max"":28.7,""min"":16.9},""5"":{""avg"":26.6,""max"":33.1,""min"":21.2},""6"":{""avg"":29.3,""max"":35.3,""min"":23.7},""7"":{""avg"":30.4,""max"":36,""min"":25.2},""8"":{""avg"":30.1,""max"":35.2,""min"":25},""9"":{""avg"":28.8,""max"":34.1,""min"":24.3},""10"":{""avg"":25.6,""max"":30.4,""min"":21.2},""11"":{""avg"":21,""max"":25.5,""min"":17.4},""12"":{""avg"":17.1,""max"":21.1,""min"":13.5}}","[""Short trip"",""Weekend""]",Mid-range,5,3,3,1,2,4,2,3,2,2,14.9,16.0,19.2,22.6,26.6,29.3,30.4,30.1,28.8,25.6,21.0,17.1,"['Short trip', 'Weekend']",0,1,1,0,0,2,1.1602721452374565,-2.238719547113236,Spokojne kierunki kulturowe
1f834fe2-c60c-4806-8880-081a9f7c9b72,Saaremaa Island,Estonia,europe,"Gentle sea breezes, serene coastal landscapes, and charming villages offer a peaceful escape that encourages you to unwind and explore leisurely.",58.27381995,22.277105752545435,"{""1"":{""avg"":-0.1,""max"":1.6,""min"":-2.1},""2"":{""avg"":0,""max"":1.7,""min"":-1.9},""3"":{""avg"":1.7,""max"":3.9,""min"":-0.2},""4"":{""avg"":5.3,""max"":8.4,""min"":2.4},""5"":{""avg"":10.6,""max"":14.3,""min"":6.9},""6"":{""avg"":15.9,""max"":19.4,""min"":12.2},""7"":{""avg"":18,""max"":20.8,""min"":14.8},""8"":{""avg"":18.1,""max"":20.9,""min"":15.3},""9"":{""avg"":14.2,""max"":17,""min"":11.6},""10"":{""avg"":9.1,""max"":11.1,""min"":6.8},""11"":{""avg"":5,""max"":6.6,""min"":3.1},""12"":{""avg"":2,""max"":3.6,""min"":0.2}}","[""Short trip"",""Weekend""]",Budget,3,3,5,4,2,3,4,2,5,1,-0.1,0.0,1.7,5.3,10.6,15.9,18.0,18.1,14.2,9.1,5.0,2.0,"['Short trip', 'Weekend']",0,1,1,0,0,0,-3.178748771567926,0.725437152590204,Natura i przygoda
1f31c352-d854-47e4-a556-f0458c248320,Venice,Italy,europe,"Winding canals, charming gondolas, and historic architecture create a romantic atmosphere, where every corner reveals a new story and hidden gem.",45.4371908,12.3345898,"{""1"":{""avg"":3.9,""max"":7.6,""min"":0.9},""2"":{""avg"":6.4,""max"":10.3,""min"":2.8},""3"":{""avg"":9.5,""max"":15,""min"":4.4},""4"":{""avg"":13.5,""max"":17.6,""min"":9.3},""5"":{""avg"":18,""max"":21.9,""min"":13.8},""6"":{""avg"":23.2,""max"":27.1,""min"":18.8},""7"":{""avg"":25.5,""max"":29.3,""min"":20.8},""8"":{""avg"":25,""max"":29.5,""min"":20.3},""9"":{""avg"":20.3,""max"":24.5,""min"":16.5},""10"":{""avg"":15.1,""max"":19.2,""min"":11.5},""11"":{""avg"":9.4,""max"":13,""min"":6.2},""12"":{""avg"":4.9,""max"":8.6,""min"":2.3}}","[""Short trip"",""Weekend"",""One week""]",Luxury,5,2,3,1,3,5,3,4,2,3,3.9,6.4,9.5,13.5,18.0,23.2,25.5,25.0,20.3,15.1,9.4,4.9,"['Short trip', 'Weekend', 'One week']",0,1,1,1,0,1,2.813630227535227,-0.7258905322061573,Miejskie i kulturowe
4311c598-a756-4776-ab4a-aab47d5252b7,Rennes,France,europe,"Charming streets lined with timber-framed houses, lively markets, and a vibrant student atmosphere create a welcoming and dynamic experience.",48.1113387,-1.6800198,"{""1"":{""avg"":6.1,""max"":9.4,""min"":3.1},""2"":{""avg"":7,""max"":11,""min"":3.6},""3"":{""avg"":8.8,""max"":13.6,""min"":4.7},""4"":{""avg"":11.1,""max"":16.9,""min"":5.7},""5"":{""avg"":14.3,""max"":20,""min"":9.1},""6"":{""avg"":17.7,""max"":23.4,""min"":12.5},""7"":{""avg"":19.5,""max"":25.6,""min"":13.9},""8"":{""avg"":19,""max"":25.3,""min"":13.7},""9"":{""avg"":16.6,""max"":22.5,""min"":11.9},""10"":{""avg"":13.2,""max"":17.9,""min"":9.4},""11"":{""avg"":9.2,""max"":13.1,""min"":6.1},""12"":{""avg"":7.6,""max"":10.6,""min"":4.7}}","[""Short trip"",""Weekend""]",Mid-range,4,2,3,2,3,4,3,3,3,2,6.1,7.0,8.8,11.1,14.3,17.7,19.5,19.0,16.6,13.2,9.2,7.6,"['Short trip', 'Weekend']",0,1,1,0,0,2,0.9572665469286458,-0.7891230484739256,Spokojne kierunki kulturowe
7b87f72d-9e50-4e58-9053-cc2e71ff6511,Papeete,French Polynesia,oceania,"A tropical blend of vibrant markets, lush landscapes, and the gentle sound of waves creates a serene yet lively island atmosphere.",-17.5373835,-149.5659964,"{""1"":{""avg"":26.8,""max"":30.9,""min"":24.4},""2"":{""avg"":27.7,""max"":31.2,""min"":24.6},""3"":{""avg"":28,""max"":31.6,""min"":24.7},""4"":{""avg"":27.7,""max"":31.4,""min"":24.6},""5"":{""avg"":26.9,""max"":30.6,""min"":23.9},""6"":{""avg"":26,""max"":29.6,""min"":22.8},""7"":{""avg"":25.5,""max"":29.2,""min"":22},""8"":{""avg"":25.3,""max"":28.9,""min"":22},""9"":{""avg"":25.7,""max"":29.2,""min"":22.2},""10"":{""avg"":26.1,""max"":29.6,""min"":22.9},""11"":{""avg"":27,""max"":30.3,""min"":23.8},""12"":{""avg"":27.3,""max"":30.9,""min"":24}}","[""Long trip"",""Short trip"",""One week""]",Luxury,3,4,5,5,3,4,4,3,4,3,26.8,27.7,28.0,27.7,26.9,26.0,25.5,25.3,25.7,26.1,27.0,27.3,"['Long trip', 'Short trip', 'One week']",0,0,1,1,1,3,-1.9471510007130512,2.553329227926092,"Plaże, natura i relaks"
c4dbcb6c-a538-4ea4-8949-15abc60cfb20,Lyon,France,europe,"Charming cobblestone streets, riverside views, and an irresistible culinary scene make every moment feel like a delightful discovery.",45.7578137,4.8320114,"{""1"":{""avg"":4.6,""max"":7.2,""min"":1.8},""2"":{""avg"":6.6,""max"":10.6,""min"":3},""3"":{""avg"":9.2,""max"":14.1,""min"":5},""4"":{""avg"":12.5,""max"":17.4,""min"":7.6},""5"":{""avg"":16.3,""max"":21.1,""min"":11.5},""6"":{""avg"":21.3,""max"":26.4,""min"":16.1},""7"":{""avg"":23.8,""max"":29.1,""min"":17.7},""8"":{""avg"":23.2,""max"":28.7,""min"":17.6},""9"":{""avg"":18.7,""max"":24.1,""min"":13.8},""10"":{""avg"":14,""max"":18.4,""min"":10.2},""11"":{""avg"":8.4,""max"":11.7,""min"":5.5},""12"":{""avg"":5.6,""max"":8.5,""min"":2.8}}","[""Short trip"",""One week"",""Weekend""]",Mid-range,5,2,3,1,4,5,3,4,2,2,4.6,6.6,9.2,12.5,16.3,21.3,23.8,23.2,18.7,14.0,8.4,5.6,"['Short trip', 'One week', 'Weekend']",0,1,1,1,0,1,3.205721532436708,-0.32097712835119785,Miejskie i kulturowe
91cac04b-ad02-4e41-bc20-ad0bbe5e65a0,Bora Bora,French Polynesia,oceania,"Turquoise lagoons and lush green mountains create a serene paradise, where the gentle ocean breeze and vibrant sunsets captivate your senses.",-16.504346650000002,-151.73668863927236,"{""1"":{""avg"":28,""max"":30.5,""min"":25.4},""2"":{""avg"":28.2,""max"":30.8,""min"":26},""3"":{""avg"":28.5,""max"":31.2,""min"":26},""4"":{""avg"":28.4,""max"":31,""min"":26.1},""5"":{""avg"":27.8,""max"":30.2,""min"":25.6},""6"":{""avg"":26.9,""max"":29.4,""min"":24.9},""7"":{""avg"":26.3,""max"":28.7,""min"":24.3},""8"":{""avg"":26.2,""max"":28.8,""min"":24.1},""9"":{""avg"":26.4,""max"":28.9,""min"":24.1},""10"":{""avg"":26.7,""max"":29.4,""min"":24.6},""11"":{""avg"":27.4,""max"":29.9,""min"":25.2},""12"":{""avg"":27.9,""max"":30.2,""min"":25.4}}","[""One week"",""Long trip""]",Luxury,2,4,5,5,2,3,5,1,5,3,28.0,28.2,28.5,28.4,27.8,26.9,26.3,26.2,26.4,26.7,27.4,27.9,"['One week', 'Long trip']",0,0,0,1,1,0,-4.589404502990703,2.514970670317837,Natura i przygoda
14f66152-9e1f-49a6-af54-b5c594fb958f,Carcassone,France,europe,"Wandering through narrow cobblestone streets, you feel the weight of history enveloped by ancient walls, with the aroma of rustic French cuisine lingering.",43.2130358,2.3491069,"{""1"":{""avg"":6.8,""max"":10.3,""min"":3.4},""2"":{""avg"":8.7,""max"":13.2,""min"":4.7},""3"":{""avg"":10.7,""max"":15.6,""min"":6.2},""4"":{""avg"":12.7,""max"":18,""min"":7.8},""5"":{""avg"":16.4,""max"":21.8,""min"":11.4},""6"":{""avg"":21,""max"":26.7,""min"":15.5},""7"":{""avg"":23.9,""max"":30.1,""min"":17.8},""8"":{""avg"":23.9,""max"":30.5,""min"":17.9},""9"":{""avg"":20.2,""max"":26.4,""min"":14.8},""10"":{""avg"":15.8,""max"":20.8,""min"":11.7},""11"":{""avg"":10.6,""max"":14.7,""min"":6.8},""12"":{""avg"":8.2,""max"":12,""min"":4.6}}","[""Short trip"",""Weekend""]",Mid-range,5,2,3,1,2,4,2,2,3,2,6.8,8.7,10.7,12.7,16.4,21.0,23.9,23.9,20.2,15.8,10.6,8.2,"['Short trip', 'Weekend']",0,1,1,0,0,2,0.7333387119447825,-2.883430702352891,Spokojne kierunki kulturowe
c2f88913-cb3d-480a-9468-539f31cda9f7,Osaka,Japan,asia,"Bustling streets filled with neon lights, delicious street food aromas, and the energetic hum of friendly locals create a lively urban vibe.",34.6937569,135.5014539,"{""1"":{""avg"":6.5,""max"":9.7,""min"":3.6},""2"":{""avg"":7.2,""max"":11,""min"":4.2},""3"":{""avg"":11,""max"":15.4,""min"":7.4},""4"":{""avg"":16,""max"":20.3,""min"":11.6},""5"":{""avg"":20.5,""max"":25.2,""min"":16.2},""6"":{""avg"":23.8,""max"":28.2,""min"":20.7},""7"":{""avg"":28.1,""max"":31.5,""min"":25},""8"":{""avg"":29.5,""max"":33.9,""min"":26.6},""9"":{""avg"":25.7,""max"":30.1,""min"":23.3},""10"":{""avg"":19.7,""max"":23.8,""min"":16.6},""11"":{""avg"":14.3,""max"":18.5,""min"":11},""12"":{""avg"":8.9,""max"":12.1,""min"":5.6}}","[""Short trip"",""One week""]",Luxury,4,2,3,2,4,5,3,5,2,3,6.5,7.2,11.0,16.0,20.5,23.8,28.1,29.5,25.7,19.7,14.3,8.9,"['Short trip', 'One week']",0,0,1,1,0,1,3.1150706925985383,0.4322392064860417,Miejskie i kulturowe
89a63e37-123a-4dfd-88d2-b7cb58c7b4e4,Banjul,Gambia,africa,"Bustling markets filled with vibrant colors and the aroma of spices, alongside tranquil river views, create a welcoming and lively atmosphere.",13.4410165,-16.56275092072591,"{""1"":{""avg"":24.7,""max"":34.5,""min"":18.2},""2"":{""avg"":25.3,""max"":35.3,""min"":18.8},""3"":{""avg"":25.3,""max"":35.4,""min"":19.5},""4"":{""avg"":25.5,""max"":34.6,""min"":20.1},""5"":{""avg"":25.7,""max"":33.5,""min"":21},""6"":{""avg"":27.6,""max"":33.8,""min"":23.5},""7"":{""avg"":27.4,""max"":32.5,""min"":23.8},""8"":{""avg"":26.9,""max"":31.6,""min"":23.6},""9"":{""avg"":27,""max"":31.8,""min"":23.1},""10"":{""avg"":27.9,""max"":33.4,""min"":23.3},""11"":{""avg"":26.8,""max"":34.5,""min"":20.9},""12"":{""avg"":25.1,""max"":33.9,""min"":18.7}}","[""Short trip"",""Weekend""]",Budget,3,3,4,4,2,3,2,2,3,1,24.7,25.3,25.3,25.5,25.7,27.6,27.4,26.9,27.0,27.9,26.8,25.1,"['Short trip', 'Weekend']",0,1,1,0,0,2,-1.7468490946454125,-1.124271676337751,Spokojne kierunki kulturowe
bbbaa3f2-5a06-4e14-9626-0ec02a43b129,Hamburg,Germany,europe,"A lively port city where historic architecture meets modern design, offering a relaxed vibe with waterfront strolls and bustling markets.",53.550341,10.000654,"{""1"":{""avg"":2.9,""max"":5.1,""min"":0.4},""2"":{""avg"":3.6,""max"":6.6,""min"":0.4},""3"":{""avg"":5.6,""max"":9.7,""min"":1.5},""4"":{""avg"":8.6,""max"":13.6,""min"":3.4},""5"":{""avg"":13.2,""max"":18.5,""min"":7.6},""6"":{""avg"":17.4,""max"":22.7,""min"":11.6},""7"":{""avg"":18.1,""max"":23.1,""min"":13},""8"":{""avg"":18.5,""max"":23.8,""min"":13.1},""9"":{""avg"":15.1,""max"":20,""min"":10.4},""10"":{""avg"":11,""max"":14.6,""min"":7.4},""11"":{""avg"":6.4,""max"":8.9,""min"":3.6},""12"":{""avg"":4.6,""max"":6.6,""min"":2.2}}","[""Short trip"",""One week"",""Weekend""]",Mid-range,4,3,3,2,4,4,3,5,2,2,2.9,3.6,5.6,8.6,13.2,17.4,18.1,18.5,15.1,11.0,6.4,4.6,"['Short trip', 'One week', 'Weekend']",0,1,1,1,0,1,2.19358748249284,0.4040544198822835,Miejskie i kulturowe
8487babf-ddba-48fa-aaa9-d8bbf60b7d73,Vilnius,Lithuania,europe,"Charming cobblestone streets and baroque architecture blend with a youthful energy, offering a cozy yet vibrant atmosphere perfect for leisurely exploration.",54.6870458,25.2829111,"{""1"":{""avg"":-2.6,""max"":-0.1,""min"":-4.8},""2"":{""avg"":-1.4,""max"":1.4,""min"":-3.7},""3"":{""avg"":2,""max"":5.7,""min"":-1.2},""4"":{""avg"":7.4,""max"":12.6,""min"":2.7},""5"":{""avg"":12.9,""max"":18.5,""min"":7.3},""6"":{""avg"":17.9,""max"":23.6,""min"":12.4},""7"":{""avg"":18.4,""max"":23.9,""min"":14.1},""8"":{""avg"":18.6,""max"":24.3,""min"":13.6},""9"":{""avg"":13.7,""max"":18.8,""min"":9.3},""10"":{""avg"":7.6,""max"":11.6,""min"":4.5},""11"":{""avg"":2.8,""max"":4.7,""min"":0.9},""12"":{""avg"":-0.5,""max"":1.1,""min"":-2.7}}","[""Short trip"",""Weekend""]",Budget,4,2,3,2,3,3,3,3,3,1,-2.6,-1.4,2.0,7.4,12.9,17.9,18.4,18.6,13.7,7.6,2.8,-0.5,"['Short trip', 'Weekend']",0,1,1,0,0,2,0.4436832035880289,-1.2045529213044994,Spokojne kierunki kulturowe
6cad25d4-a467-4942-9b04-0ace1de123e4,San Cristobal,Venezuela,south_america,"A lively blend of bustling markets, friendly locals, and the refreshing mountain air creates a welcoming and invigorating atmosphere.",7.7756663,-72.2214154,"{""1"":{""avg"":26.1,""max"":30,""min"":20.7},""2"":{""avg"":25.8,""max"":29.4,""min"":21.3},""3"":{""avg"":26.3,""max"":29.7,""min"":21.4},""4"":{""avg"":26,""max"":30.2,""min"":22.1},""5"":{""avg"":27,""max"":30.7,""min"":22.8},""6"":{""avg"":27.2,""max"":30.7,""min"":22.7},""7"":{""avg"":27.7,""max"":31.3,""min"":23.2},""8"":{""avg"":28.4,""max"":31.6,""min"":22.4},""9"":{""avg"":29,""max"":33,""min"":22.8},""10"":{""avg"":26.8,""max"":32.1,""min"":22.9},""11"":{""avg"":25.6,""max"":29.6,""min"":21.6},""12"":{""avg"":24.5,""max"":29.4,""min"":20.8}}","[""Short trip"",""Weekend""]",Budget,3,3,4,1,3,3,3,3,4,1,26.1,25.8,26.3,26.0,27.0,27.2,27.7,28.4,29.0,26.8,25.6,24.5,"['Short trip', 'Weekend']",0,1,1,0,0,2,-1.1294803931013664,-0.8420535380177717,Spokojne kierunki kulturowe
3c17a4a0-29e4-4aba-aaba-8f6e831349f1,Lübeck,Germany,europe,Charming cobblestone streets lined with medieval architecture and the scent of marzipan create an inviting and cozy atmosphere for exploration.,53.866444,10.684738,"{""1"":{""avg"":2.6,""max"":4.8,""min"":0},""2"":{""avg"":3.1,""max"":6.3,""min"":-0.3},""3"":{""avg"":5.1,""max"":9.5,""min"":0.6},""4"":{""avg"":8.1,""max"":13.4,""min"":2.5},""5"":{""avg"":12.9,""max"":18.5,""min"":6.8},""6"":{""avg"":17.1,""max"":22.8,""min"":10.9},""7"":{""avg"":17.9,""max"":23.4,""min"":12.2},""8"":{""avg"":18.2,""max"":23.9,""min"":12.4},""9"":{""avg"":14.8,""max"":20.1,""min"":9.4},""10"":{""avg"":10.6,""max"":14.5,""min"":6.9},""11"":{""avg"":6.1,""max"":8.5,""min"":3.1},""12"":{""avg"":4.2,""max"":6.2,""min"":1.8}}","[""Short trip"",""Weekend""]",Mid-range,4,2,3,2,3,4,3,3,3,2,2.6,3.1,5.1,8.1,12.9,17.1,17.9,18.2,14.8,10.6,6.1,4.2,"['Short trip', 'Weekend']",0,1,1,0,0,2,0.9572665469286458,-0.7891230484739256,Spokojne kierunki kulturowe
c929605b-29fe-440d-9b79-c0a899e95238,Antigua,Guatemala,north_america,Cobblestone streets lined with colorful colonial buildings and vibrant markets create an enchanting atmosphere that feels both historic and warmly inviting.,14.5567814,-90.7337346,"{""1"":{""avg"":18.4,""max"":24.6,""min"":14.2},""2"":{""avg"":18.8,""max"":25.3,""min"":14.3},""3"":{""avg"":20,""max"":26.6,""min"":15.4},""4"":{""avg"":21.1,""max"":27.4,""min"":16.7},""5"":{""avg"":21.5,""max"":27.3,""min"":17.7},""6"":{""avg"":20.4,""max"":25.4,""min"":17.3},""7"":{""avg"":20.6,""max"":25.8,""min"":17.1},""8"":{""avg"":20.5,""max"":25.8,""min"":17.1},""9"":{""avg"":20.3,""max"":25.6,""min"":17.1},""10"":{""avg"":19.8,""max"":24.8,""min"":16.8},""11"":{""avg"":19.1,""max"":24.1,""min"":15.8},""12"":{""avg"":18.4,""max"":24.1,""min"":14.6}}","[""Short trip"",""Weekend""]",Budget,5,3,4,1,3,4,3,3,4,1,18.4,18.8,20.0,21.1,21.5,20.4,20.6,20.5,20.3,19.8,19.1,18.4,"['Short trip', 'Weekend']",0,1,1,0,0,2,0.19797640329587252,-0.9202752295170893,Spokojne kierunki kulturowe
fd6dcc88-7ef3-4990-a6e2-ae24b08badab,Akureyri,Iceland,europe,"Nestled by stunning fjords, this charming town offers a cozy vibe with colorful houses and a backdrop of snow-capped mountains.",65.68390355,-18.11217559813441,"{""1"":{""avg"":-1.7,""max"":2.2,""min"":-5.2},""2"":{""avg"":-0.8,""max"":2.3,""min"":-5},""3"":{""avg"":0,""max"":3.6,""min"":-3.2},""4"":{""avg"":3.1,""max"":7.7,""min"":-0.4},""5"":{""avg"":6.4,""max"":10.8,""min"":2.6},""6"":{""avg"":9.9,""max"":14.3,""min"":6.7},""7"":{""avg"":11.2,""max"":14.9,""min"":8.4},""8"":{""avg"":10.5,""max"":14.8,""min"":7.2},""9"":{""avg"":7.9,""max"":11.9,""min"":4.2},""10"":{""avg"":3.6,""max"":6.6,""min"":0.3},""11"":{""avg"":0.6,""max"":3.9,""min"":-2.7},""12"":{""avg"":-2,""max"":1.9,""min"":-6.5}}","[""Short trip"",""Weekend""]",Luxury,3,4,5,2,2,3,3,3,4,3,-1.7,-0.8,0.0,3.1,6.4,9.9,11.2,10.5,7.9,3.6,0.6,-2.0,"['Short trip', 'Weekend']",0,1,1,0,0,0,-2.4722820868360094,-0.2917048941783063,Natura i przygoda
279f4b89-4f47-45b5-bd14-a791517bdf37,Varanasi,India,asia,Winding alleyways filled with the scent of incense and the sound of temple bells create a spiritual and vibrant atmosphere by the river.,25.3356491,83.0076292,"{""1"":{""avg"":15.1,""max"":21.6,""min"":9.8},""2"":{""avg"":19.8,""max"":27.1,""min"":12.6},""3"":{""avg"":25.3,""max"":33.3,""min"":17.9},""4"":{""avg"":31,""max"":39.3,""min"":23.3},""5"":{""avg"":33.1,""max"":38.5,""min"":25.3},""6"":{""avg"":33.5,""max"":39.4,""min"":27.9},""7"":{""avg"":30.4,""max"":35.6,""min"":27},""8"":{""avg"":29.8,""max"":33.8,""min"":26.1},""9"":{""avg"":29.1,""max"":33.3,""min"":25.4},""10"":{""avg"":27.1,""max"":32.2,""min"":21.9},""11"":{""avg"":21.9,""max"":28.3,""min"":15.7},""12"":{""avg"":16.8,""max"":23.9,""min"":11.2}}","[""Short trip"",""One week"",""Weekend""]",Budget,5,2,3,1,2,4,3,3,2,1,15.1,19.8,25.3,31.0,33.1,33.5,30.4,29.8,29.1,27.1,21.9,16.8,"['Short trip', 'One week', 'Weekend']",0,1,1,1,0,2,1.4906593819230893,-1.689786718153285,Spokojne kierunki kulturowe
37d8bd6e-fad0-4304-93bd-26975ac8944f,Ajaccio,France,europe,"Nestled between mountains and sea, this charming coastal town offers sunlit streets, vibrant markets, and a rich tapestry of history and culture.",41.9263991,8.7376029,"{""1"":{""avg"":9.6,""max"":14.8,""min"":5.3},""2"":{""avg"":10.2,""max"":15.4,""min"":5.7},""3"":{""avg"":11.4,""max"":16.7,""min"":6.1},""4"":{""avg"":13.9,""max"":19.3,""min"":8.3},""5"":{""avg"":17.6,""max"":22.6,""min"":12.4},""6"":{""avg"":22.4,""max"":27.6,""min"":16.7},""7"":{""avg"":25.2,""max"":30.3,""min"":19.2},""8"":{""avg"":24.9,""max"":30.2,""min"":19},""9"":{""avg"":21.6,""max"":27.1,""min"":16.4},""10"":{""avg"":18,""max"":23.7,""min"":13.1},""11"":{""avg"":13.6,""max"":19,""min"":9.3},""12"":{""avg"":10.6,""max"":16.1,""min"":6.3}}","[""Short trip"",""Weekend"",""One week""]",Mid-range,4,3,4,4,3,4,3,3,4,2,9.6,10.2,11.4,13.9,17.6,22.4,25.2,24.9,21.6,18.0,13.6,10.6,"['Short trip', 'Weekend', 'One week']",0,1,1,1,0,3,-0.5119912552721299,0.41506348287995376,"Plaże, natura i relaks"
077a909f-9984-4cef-8872-07c697cab0fb,Tanna Island,Vanuatu,oceania,"Lush jungles, volcanic landscapes, and welcoming locals create a serene and adventurous atmosphere, inviting you to explore and unwind.",-19.48577845,169.33450144830016,"{""1"":{""avg"":27.5,""max"":31.2,""min"":22.7},""2"":{""avg"":28,""max"":31.4,""min"":23.8},""3"":{""avg"":27.3,""max"":30.6,""min"":22.8},""4"":{""avg"":26.6,""max"":30.2,""min"":22.6},""5"":{""avg"":24.8,""max"":28.4,""min"":20.4},""6"":{""avg"":23.9,""max"":27.3,""min"":19.4},""7"":{""avg"":23.6,""max"":27,""min"":18.8},""8"":{""avg"":23,""max"":26.7,""min"":18.3},""9"":{""avg"":23.8,""max"":27.3,""min"":18.6},""10"":{""avg"":25,""max"":28.2,""min"":20.5},""11"":{""avg"":26.2,""max"":29.3,""min"":20.8},""12"":{""avg"":27.3,""max"":31.4,""min"":22.4}}","[""Short trip"",""One week""]",Mid-range,4,4,5,4,1,3,3,1,5,2,27.5,28.0,27.3,26.6,24.8,23.9,23.6,23.0,23.8,25.0,26.2,27.3,"['Short trip', 'One week']",0,0,1,1,0,0,-3.9115867839967686,-0.6187877716512468,Natura i przygoda
b3d93e9e-ad99-4429-b281-c0750bf6e2c8,Ho Chi Minh City,Vietnam,asia,"Bustling streets filled with the aroma of street food and the hum of scooters create a vibrant, energetic atmosphere that's uniquely captivating.",10.7763897,106.7011391,"{""1"":{""avg"":27.5,""max"":32.7,""min"":23.6},""2"":{""avg"":27.9,""max"":33.5,""min"":24},""3"":{""avg"":29.1,""max"":34.5,""min"":25.7},""4"":{""avg"":30.2,""max"":35.1,""min"":27.1},""5"":{""avg"":29.9,""max"":34.9,""min"":26.9},""6"":{""avg"":28.8,""max"":33.4,""min"":25.7},""7"":{""avg"":28.3,""max"":32.7,""min"":25.2},""8"":{""avg"":28.4,""max"":32.8,""min"":25.5},""9"":{""avg"":27.9,""max"":32.2,""min"":25},""10"":{""avg"":27.8,""max"":32.2,""min"":24.8},""11"":{""avg"":28.1,""max"":32.4,""min"":24.8},""12"":{""avg"":27.5,""max"":32.2,""min"":23.8}}","[""Short trip"",""Weekend"",""One week""]",Budget,4,3,2,2,4,5,3,5,2,1,27.5,27.9,29.1,30.2,29.9,28.8,28.3,28.4,27.9,27.8,28.1,27.5,"['Short trip', 'Weekend', 'One week']",0,1,1,1,0,1,3.1489710372216404,0.6143049746559477,Miejskie i kulturowe
bebdecac-357c-4178-a4d3-b29d1c286f0d,York,United Kingdom,europe,"Charming cobblestone streets and ancient city walls create a cozy, inviting atmosphere, where history and modern vibrancy coexist beautifully.",53.96565785,-1.0743052444639218,"{""1"":{""avg"":4.3,""max"":6.9,""min"":1.8},""2"":{""avg"":5.4,""max"":8.4,""min"":2.4},""3"":{""avg"":7,""max"":10,""min"":3.5},""4"":{""avg"":8.4,""max"":12.8,""min"":3.9},""5"":{""avg"":12.3,""max"":16.8,""min"":7.7},""6"":{""avg"":15,""max"":19.4,""min"":10.5},""7"":{""avg"":16.6,""max"":20.7,""min"":12.4},""8"":{""avg"":16.5,""max"":20.7,""min"":12.5},""9"":{""avg"":14,""max"":18.1,""min"":10.1},""10"":{""avg"":10.9,""max"":14.2,""min"":7.7},""11"":{""avg"":7.2,""max"":9.9,""min"":4.4},""12"":{""avg"":5.8,""max"":8.1,""min"":3.4}}","[""Weekend"",""Short trip""]",Mid-range,5,2,3,1,3,4,3,3,3,2,4.3,5.4,7.0,8.4,12.3,15.0,16.6,16.5,14.0,10.9,7.2,5.8,"['Weekend', 'Short trip']",0,1,1,0,0,2,1.4652135841368537,-1.3987864740495703,Spokojne kierunki kulturowe
49075331-5017-45a7-8645-0c668b2fe1bb,Delhi,India,asia,"Bustling streets filled with vibrant colors, diverse aromas, and the sounds of life create an energetic and unforgettable experience.",28.6273928,77.1716954,"{""1"":{""avg"":13.6,""max"":19.9,""min"":8.1},""2"":{""avg"":18,""max"":25.7,""min"":11},""3"":{""avg"":23.5,""max"":31.1,""min"":16.2},""4"":{""avg"":29.4,""max"":37.3,""min"":21},""5"":{""avg"":32.6,""max"":40,""min"":24.9},""6"":{""avg"":33.4,""max"":39.7,""min"":27.6},""7"":{""avg"":31.2,""max"":35.8,""min"":27.1},""8"":{""avg"":30.6,""max"":34.8,""min"":26.7},""9"":{""avg"":30,""max"":34.7,""min"":25.6},""10"":{""avg"":26.5,""max"":33.7,""min"":19.9},""11"":{""avg"":20.3,""max"":28.4,""min"":13.5},""12"":{""avg"":15,""max"":22.5,""min"":8.3}}","[""Short trip"",""One week""]",Budget,5,3,2,1,4,5,3,5,1,1,13.6,18.0,23.5,29.4,32.6,33.4,31.2,30.6,30.0,26.5,20.3,15.0,"['Short trip', 'One week']",0,0,1,1,0,1,4.074455177117565,0.11855470883154746,Miejskie i kulturowe
19ad6eea-d5b7-4468-8ed3-79e4c795bb7a,Matera,Italy,europe,"Winding stone streets and ancient cave dwellings create an atmosphere of timeless mystery, inviting you to explore its unique history and charm.",40.4476419,16.47357384028852,"{""1"":{""avg"":8.2,""max"":11.7,""min"":4.4},""2"":{""avg"":9.5,""max"":13.6,""min"":5.5},""3"":{""avg"":12.4,""max"":17.5,""min"":7.9},""4"":{""avg"":14.2,""max"":18.8,""min"":9.1},""5"":{""avg"":18.7,""max"":23.4,""min"":13.3},""6"":{""avg"":24.2,""max"":29.9,""min"":18.8},""7"":{""avg"":27.3,""max"":33.5,""min"":21},""8"":{""avg"":26.9,""max"":32.7,""min"":21},""9"":{""avg"":22.9,""max"":28.4,""min"":18.1},""10"":{""avg"":17.9,""max"":22.5,""min"":13.8},""11"":{""avg"":14,""max"":17.7,""min"":10.3},""12"":{""avg"":9.3,""max"":13,""min"":6.1}}","[""Short trip"",""Weekend""]",Mid-range,5,2,3,1,2,4,3,3,4,2,8.2,9.5,12.4,14.2,18.7,24.2,27.3,26.9,22.9,17.9,14.0,9.3,"['Short trip', 'Weekend']",0,1,1,0,0,2,0.6555851765476559,-1.917613037655774,Spokojne kierunki kulturowe
3cbd302a-6109-43c9-a113-112542bef4ae,Hiroshima,Japan,asia,"A serene blend of reflective history and modern vibrancy, where tranquil gardens meet bustling streets, offering a deeply moving yet uplifting experience.",34.3917241,132.4517589,"{""1"":{""avg"":5.8,""max"":9.9,""min"":2.6},""2"":{""avg"":6.7,""max"":11.1,""min"":3.2},""3"":{""avg"":10.8,""max"":15.1,""min"":6.7},""4"":{""avg"":15.7,""max"":20.1,""min"":11.5},""5"":{""avg"":20.1,""max"":24.6,""min"":15.9},""6"":{""avg"":23.4,""max"":27.3,""min"":20.4},""7"":{""avg"":27.6,""max"":30.7,""min"":24.8},""8"":{""avg"":29.1,""max"":32.9,""min"":26.1},""9"":{""avg"":25.3,""max"":28.9,""min"":22.3},""10"":{""avg"":19.3,""max"":23.6,""min"":16.1},""11"":{""avg"":13.7,""max"":18.1,""min"":10.1},""12"":{""avg"":7.8,""max"":11.7,""min"":4.8}}","[""Short trip"",""Weekend"",""One week""]",Mid-range,5,2,3,2,3,4,3,3,3,2,5.8,6.7,10.8,15.7,20.1,23.4,27.6,29.1,25.3,19.3,13.7,7.8,"['Short trip', 'Weekend', 'One week']",0,1,1,1,0,2,1.3642032734569565,-1.0359488306388713,Spokojne kierunki kulturowe
0f7e00d1-189f-4504-a23d-71dc70d98ae4,Vientiane,Laos,asia,"Tranquil streets lined with French colonial architecture, vibrant markets, and serene temples create a peaceful yet culturally rich experience.",17.9640988,102.6133707,"{""1"":{""avg"":23.3,""max"":29.6,""min"":17.6},""2"":{""avg"":24.6,""max"":31.9,""min"":19.9},""3"":{""avg"":28.1,""max"":34.3,""min"":22.8},""4"":{""avg"":29.9,""max"":35.9,""min"":24.9},""5"":{""avg"":29.7,""max"":35.1,""min"":25.7},""6"":{""avg"":29,""max"":33.6,""min"":25.4},""7"":{""avg"":28.6,""max"":33.4,""min"":25.7},""8"":{""avg"":28.2,""max"":32.1,""min"":25},""9"":{""avg"":28.1,""max"":32.6,""min"":24.8},""10"":{""avg"":27.8,""max"":32.6,""min"":23.7},""11"":{""avg"":26.7,""max"":32.1,""min"":21.3},""12"":{""avg"":23.7,""max"":30,""min"":17.9}}","[""Short trip"",""Weekend""]",Budget,4,3,3,1,2,4,3,2,4,1,23.3,24.6,28.1,29.9,29.7,29.0,28.6,28.2,28.1,27.8,26.7,23.7,"['Short trip', 'Weekend']",0,1,1,0,0,2,-0.5765476141157752,-1.4270950785256071,Spokojne kierunki kulturowe
25da92b8-f1f0-4a49-b8ee-45fbc0f1f17a,Edinburgh,United Kingdom,europe,"Charming cobblestone streets, historic castles, and the sound of bagpipes create a magical atmosphere that feels both ancient and alive.",55.9533456,-3.1883749,"{""1"":{""avg"":4.3,""max"":6.8,""min"":1.3},""2"":{""avg"":5.6,""max"":8.4,""min"":2.3},""3"":{""avg"":6.6,""max"":9.8,""min"":3.5},""4"":{""avg"":7.6,""max"":11.8,""min"":3.1},""5"":{""avg"":11.1,""max"":15.2,""min"":6.8},""6"":{""avg"":13.6,""max"":17.3,""min"":9.7},""7"":{""avg"":15.2,""max"":19.2,""min"":11.4},""8"":{""avg"":14.9,""max"":18.6,""min"":11},""9"":{""avg"":12.8,""max"":16.7,""min"":8.8},""10"":{""avg"":10,""max"":13.2,""min"":6.4},""11"":{""avg"":6.5,""max"":9.5,""min"":3.2},""12"":{""avg"":5.3,""max"":7.9,""min"":2.3}}","[""Weekend"",""One week"",""Short trip""]",Mid-range,5,3,3,2,4,4,3,4,2,2,4.3,5.6,6.6,7.6,11.1,13.6,15.2,14.9,12.8,10.0,6.5,5.3,"['Weekend', 'One week', 'Short trip']",0,1,1,1,0,1,2.1832280116511122,0.013675728455743073,Miejskie i kulturowe
7e080529-0ecf-4c7a-b6dd-c316c5cfdab7,Lusaka,Zambia,africa,"Bustling markets, vibrant local culture, and open green spaces create a lively yet laid-back atmosphere that's both welcoming and engaging.",-15.4163395,28.2818414,"{""1"":{""avg"":24.4,""max"":27.9,""min"":21.1},""2"":{""avg"":25.1,""max"":28.9,""min"":21.2},""3"":{""avg"":24.8,""max"":29.5,""min"":20.3},""4"":{""avg"":22.4,""max"":27.8,""min"":18.1},""5"":{""avg"":21.2,""max"":28.1,""min"":14.7},""6"":{""avg"":19.9,""max"":27.3,""min"":12.8},""7"":{""avg"":19.6,""max"":26.8,""min"":12.2},""8"":{""avg"":22.5,""max"":29.5,""min"":15},""9"":{""avg"":26.4,""max"":32.7,""min"":19.7},""10"":{""avg"":28.2,""max"":34.3,""min"":21.3},""11"":{""avg"":27.4,""max"":32.4,""min"":22},""12"":{""avg"":25.9,""max"":30.6,""min"":21.6}}","[""Short trip"",""Weekend"",""One week""]",Budget,3,3,4,1,2,3,2,3,3,1,24.4,25.1,24.8,22.4,21.2,19.9,19.6,22.5,26.4,28.2,27.4,25.9,"['Short trip', 'Weekend', 'One week']",0,1,1,1,0,2,-1.0265219652356825,-2.069231697308253,Spokojne kierunki kulturowe
6018cfaa-2009-46c1-9b4e-abc97eecad6b,Marrakesh,Morocco,africa,"A sensory feast of vibrant colors, aromatic spices, bustling souks, and serene gardens, creating an enchanting and immersive experience for every visitor.",31.6258257,-7.9891608,"{""1"":{""avg"":13,""max"":20.9,""min"":6.3},""2"":{""avg"":14.8,""max"":23.4,""min"":9},""3"":{""avg"":16.8,""max"":24.7,""min"":10.9},""4"":{""avg"":19.6,""max"":27.4,""min"":12.5},""5"":{""avg"":23.2,""max"":32.4,""min"":16.3},""6"":{""avg"":25.2,""max"":33.8,""min"":17.6},""7"":{""avg"":29.8,""max"":39.9,""min"":21.6},""8"":{""avg"":29.8,""max"":38.7,""min"":21.6},""9"":{""avg"":25.9,""max"":33.7,""min"":19},""10"":{""avg"":23.1,""max"":30.1,""min"":16.5},""11"":{""avg"":17.7,""max"":24.7,""min"":11.5},""12"":{""avg"":14.3,""max"":22.4,""min"":8.3}}","[""Short trip"",""Weekend"",""One week""]",Budget,5,3,3,1,4,5,4,4,2,1,13.0,14.8,16.8,19.6,23.2,25.2,29.8,29.8,25.9,23.1,17.7,14.3,"['Short trip', 'Weekend', 'One week']",0,1,1,1,0,1,2.720309035592178,1.002445873062385,Miejskie i kulturowe
01db5747-b1a8-4398-851b-5f4be4f7e453,Palawan,Philippines,asia,"Crystal-clear waters, lush green landscapes, and vibrant marine life create a serene escape where relaxation and adventure blend seamlessly.",11.0798978,120.93734215474105,"{""1"":{""avg"":26.9,""max"":28,""min"":26.2},""2"":{""avg"":26.7,""max"":28.3,""min"":26},""3"":{""avg"":27.2,""max"":29.2,""min"":26.4},""4"":{""avg"":28.3,""max"":30.2,""min"":27.2},""5"":{""avg"":29,""max"":31.5,""min"":27.1},""6"":{""avg"":28.2,""max"":30.4,""min"":26.4},""7"":{""avg"":27.8,""max"":30.2,""min"":26.2},""8"":{""avg"":27.8,""max"":29.4,""min"":26.1},""9"":{""avg"":27.6,""max"":29.4,""min"":26},""10"":{""avg"":28,""max"":29.8,""min"":26.3},""11"":{""avg"":28.3,""max"":30,""min"":27},""12"":{""avg"":27.6,""max"":28.6,""min"":26.8}}","[""Long trip"",""Short trip"",""One week""]",Budget,3,4,5,5,2,3,3,2,5,1,26.9,26.7,27.2,28.3,29.0,28.2,27.8,27.8,27.6,28.0,28.3,27.6,"['Long trip', 'Short trip', 'One week']",0,0,1,1,1,0,-3.6101463189334564,0.539341967040952,Natura i przygoda
b5a1cb1c-42d2-4235-a907-6791f1177f34,Ohrid,North Macedonia,europe,"Charming lakeside views, ancient cobblestone streets, and the scent of fresh coffee create a peaceful yet vibrant atmosphere perfect for unwinding.",41.1170203,20.8017715,"{""1"":{""avg"":3.5,""max"":7.4,""min"":-0.6},""2"":{""avg"":4.5,""max"":9.2,""min"":-0.2},""3"":{""avg"":7.3,""max"":12.4,""min"":2.2},""4"":{""avg"":10.1,""max"":15.6,""min"":4.8},""5"":{""avg"":15.4,""max"":21,""min"":9.9},""6"":{""avg"":20.4,""max"":26.4,""min"":14.1},""7"":{""avg"":22.9,""max"":29.8,""min"":15.3},""8"":{""avg"":22.3,""max"":28.9,""min"":15},""9"":{""avg"":18.2,""max"":24.3,""min"":11.6},""10"":{""avg"":13.2,""max"":18.6,""min"":7.4},""11"":{""avg"":9,""max"":13,""min"":4.7},""12"":{""avg"":5.4,""max"":9.1,""min"":1.4}}","[""Short trip"",""Weekend""]",Budget,4,3,5,3,3,3,3,2,4,1,3.5,4.5,7.3,10.1,15.4,20.4,22.9,22.3,18.2,13.2,9.0,5.4,"['Short trip', 'Weekend']",0,1,1,0,0,0,-1.7836606966910715,-0.3015776245660041,Natura i przygoda
d61c9838-c92c-4619-aa92-5daf546b71df,Algarve,Portugal,europe,"Golden cliffs and serene beaches meet charming villages, where the scent of grilled sardines and the sound of ocean waves fill the air.",37.24480855,-8.150756196275431,"{""1"":{""avg"":12.8,""max"":16.6,""min"":9.2},""2"":{""avg"":13.7,""max"":17.4,""min"":10.4},""3"":{""avg"":14.6,""max"":18.3,""min"":11.2},""4"":{""avg"":16.8,""max"":20.5,""min"":13.4},""5"":{""avg"":19.8,""max"":24.1,""min"":16},""6"":{""avg"":22,""max"":26.2,""min"":18.4},""7"":{""avg"":24.4,""max"":29,""min"":20.5},""8"":{""avg"":24.7,""max"":29.3,""min"":20.8},""9"":{""avg"":22.4,""max"":26.1,""min"":19},""10"":{""avg"":20,""max"":23.4,""min"":17},""11"":{""avg"":16.2,""max"":19.7,""min"":12.9},""12"":{""avg"":14.2,""max"":17.7,""min"":11.1}}","[""Short trip"",""Weekend"",""One week""]",Mid-range,3,4,4,5,3,4,4,3,3,2,12.8,13.7,14.6,16.8,19.8,22.0,24.4,24.7,22.4,20.0,16.2,14.2,"['Short trip', 'Weekend', 'One week']",0,1,1,1,0,3,-1.0878136866371515,2.4620630696204264,"Plaże, natura i relaks"
cd74974b-0218-4e6a-b947-13d8ee80dbb7,Bucharest,Romania,europe,"Tree-lined boulevards, eclectic architecture, and lively squares invite you to explore a city where history and modernity coexist seamlessly.",44.4361414,26.1027202,"{""1"":{""avg"":0.6,""max"":4.9,""min"":-3.4},""2"":{""avg"":3.7,""max"":8.5,""min"":-0.6},""3"":{""avg"":6.9,""max"":13.2,""min"":0.7},""4"":{""avg"":12.7,""max"":19.1,""min"":6.2},""5"":{""avg"":17.5,""max"":23.8,""min"":10.8},""6"":{""avg"":22.5,""max"":29,""min"":15.6},""7"":{""avg"":24.9,""max"":31.8,""min"":18},""8"":{""avg"":25,""max"":32.4,""min"":17.4},""9"":{""avg"":19.8,""max"":27,""min"":13},""10"":{""avg"":13,""max"":19.5,""min"":7.8},""11"":{""avg"":7.3,""max"":11.8,""min"":3.3},""12"":{""avg"":3,""max"":6.6,""min"":-0.5}}","[""Short trip"",""Weekend"",""One week""]",Budget,4,2,3,1,4,4,3,4,2,1,0.6,3.7,6.9,12.7,17.5,22.5,24.9,25.0,19.8,13.0,7.3,3.0,"['Short trip', 'Weekend', 'One week']",0,1,1,1,0,1,2.28520146256778,-0.48958121901682605,Miejskie i kulturowe
5de00cf4-d669-44be-936b-707e01d25311,Seychelles,Seychelles,africa,"Imagine pristine beaches with powdery sand, lush greenery, and the gentle sound of waves, offering a serene and rejuvenating escape.",-4.6574977,55.4540146,"{""1"":{""avg"":27.5,""max"":30.2,""min"":25.2},""2"":{""avg"":28.1,""max"":30.9,""min"":25.8},""3"":{""avg"":28.7,""max"":31.8,""min"":26.2},""4"":{""avg"":28.7,""max"":31.8,""min"":26.1},""5"":{""avg"":28.5,""max"":31.2,""min"":26.2},""6"":{""avg"":27.5,""max"":29.8,""min"":25.6},""7"":{""avg"":26.4,""max"":28.6,""min"":24.7},""8"":{""avg"":26.4,""max"":28.7,""min"":24.7},""9"":{""avg"":27,""max"":29.6,""min"":25.1},""10"":{""avg"":27.7,""max"":30.4,""min"":25.5},""11"":{""avg"":27.7,""max"":30.9,""min"":25.2},""12"":{""avg"":27.6,""max"":30.6,""min"":25.3}}","[""Long trip"",""One week""]",Luxury,2,3,5,5,2,4,4,2,5,3,27.5,28.1,28.7,28.7,28.5,27.5,26.4,26.4,27.0,27.7,27.7,27.6,"['Long trip', 'One week']",0,0,0,1,1,3,-3.1731124654355174,1.7505304509964232,"Plaże, natura i relaks"
c17afe66-e784-4b36-96ff-da56a56ff78a,Zurich,Switzerland,europe,Charming streets lined with elegant boutiques and cozy cafes offer a blend of modern sophistication and rich historical charm.,47.3744489,8.5410422,"{""1"":{""avg"":1.8,""max"":4.3,""min"":-0.7},""2"":{""avg"":3.2,""max"":7,""min"":0.2},""3"":{""avg"":6.2,""max"":11.2,""min"":2.4},""4"":{""avg"":9.8,""max"":15,""min"":5},""5"":{""avg"":13.7,""max"":18.6,""min"":9.1},""6"":{""avg"":18.6,""max"":23.9,""min"":13.6},""7"":{""avg"":20.3,""max"":25.7,""min"":15.3},""8"":{""avg"":19.8,""max"":25.2,""min"":15},""9"":{""avg"":15.3,""max"":20.4,""min"":11.1},""10"":{""avg"":10.8,""max"":15,""min"":7.5},""11"":{""avg"":5.7,""max"":8.4,""min"":3.2},""12"":{""avg"":2.8,""max"":5.1,""min"":0.5}}","[""Short trip"",""Weekend"",""One week""]",Luxury,4,3,4,1,3,4,4,5,2,3,1.8,3.2,6.2,9.8,13.7,18.6,20.3,19.8,15.3,10.8,5.7,2.8,"['Short trip', 'Weekend', 'One week']",0,1,1,1,0,1,1.383193646803624,0.777660605860302,Miejskie i kulturowe
5c470d58-5ad9-4aaa-903b-fa9a2bed3c68,Dubai,United Arab Emirates,middle_east,"Skyscrapers glisten under the sun, luxury blends with tradition, and the aroma of spices fills the air, creating a uniquely vibrant experience.",25.07428235,55.18853865430702,"{""1"":{""avg"":20.7,""max"":25.1,""min"":16.5},""2"":{""avg"":21.8,""max"":26.5,""min"":17.3},""3"":{""avg"":24.7,""max"":30.1,""min"":20.2},""4"":{""avg"":28.6,""max"":34.5,""min"":23.2},""5"":{""avg"":32.6,""max"":38.7,""min"":27.5},""6"":{""avg"":35.3,""max"":42,""min"":30.1},""7"":{""avg"":36.9,""max"":42.6,""min"":32.6},""8"":{""avg"":36.8,""max"":42.9,""min"":31.9},""9"":{""avg"":34.5,""max"":40.7,""min"":29.7},""10"":{""avg"":31.2,""max"":36.6,""min"":26.7},""11"":{""avg"":26.9,""max"":31.5,""min"":22.6},""12"":{""avg"":22.8,""max"":27.4,""min"":18.6}}","[""Short trip"",""One week""]",Luxury,4,4,2,4,5,4,5,5,2,3,20.7,21.8,24.7,28.6,32.6,35.3,36.9,36.8,34.5,31.2,26.9,22.8,"['Short trip', 'One week']",0,0,1,1,0,1,2.262533250498732,3.5890647091020815,Miejskie i kulturowe
89e1f300-6ffd-4c18-a700-c9815dcdad84,Zanzibar,Tanzania,africa,"White sandy beaches, turquoise waters, and the scent of spices fill the air, creating an enchanting and laid-back island vibe.",-6.1664908,39.2074312,"{""1"":{""avg"":28.5,""max"":32.5,""min"":25.2},""2"":{""avg"":28.8,""max"":33.4,""min"":25.5},""3"":{""avg"":28.8,""max"":33.4,""min"":25.5},""4"":{""avg"":27.5,""max"":30.9,""min"":25},""5"":{""avg"":27,""max"":30.6,""min"":24.6},""6"":{""avg"":26.5,""max"":30.1,""min"":23.5},""7"":{""avg"":25.7,""max"":29.4,""min"":22.8},""8"":{""avg"":25.6,""max"":29.7,""min"":22.2},""9"":{""avg"":26,""max"":30.6,""min"":22.4},""10"":{""avg"":26.8,""max"":31.1,""min"":23.1},""11"":{""avg"":27.4,""max"":31.5,""min"":24.2},""12"":{""avg"":28.1,""max"":31.9,""min"":24.9}}","[""Short trip"",""One week"",""Long trip""]",Mid-range,4,4,5,5,3,4,4,2,4,2,28.5,28.8,28.8,27.5,27.0,26.5,25.7,25.6,26.0,26.8,27.4,28.1,"['Short trip', 'One week', 'Long trip']",0,0,1,1,1,3,-1.9575104715547789,2.162950536499551,"Plaże, natura i relaks"
60a84e59-6313-4576-a15a-b72c3e0dba67,Atlanta,United States,north_america,"Bustling streets lined with lush trees, vibrant arts scenes, and a welcoming Southern charm create a warm and dynamic urban experience.",33.7489924,-84.3902644,"{""1"":{""avg"":6.5,""max"":11.8,""min"":1.5},""2"":{""avg"":9.8,""max"":15.6,""min"":4.4},""3"":{""avg"":14.3,""max"":20,""min"":8.9},""4"":{""avg"":16.9,""max"":23,""min"":10.7},""5"":{""avg"":21.5,""max"":27.2,""min"":15.8},""6"":{""avg"":25.1,""max"":30.6,""min"":20},""7"":{""avg"":26.6,""max"":32.1,""min"":22.1},""8"":{""avg"":26,""max"":31.4,""min"":21.5},""9"":{""avg"":23.4,""max"":29,""min"":18.5},""10"":{""avg"":17.6,""max"":24,""min"":12.1},""11"":{""avg"":12,""max"":18.1,""min"":6.4},""12"":{""avg"":9.1,""max"":14.2,""min"":4.4}}","[""One week"",""Short trip"",""Weekend""]",Mid-range,4,3,3,1,4,4,3,4,2,2,6.5,9.8,14.3,16.9,21.5,25.1,26.6,26.0,23.4,17.6,12.0,9.1,"['One week', 'Short trip', 'Weekend']",0,1,1,1,0,1,1.8773015958026982,-0.10233613279001026,Miejskie i kulturowe
40167255-1cae-4156-8d8d-cde07255405e,Thimphu,Bhutan,asia,"Nestled in the mountains, this city blends serene monasteries with colorful markets, offering a unique blend of tradition and tranquility.",27.4713546,89.6336729,"{""1"":{""avg"":6.2,""max"":15.8,""min"":-1.6},""2"":{""avg"":7.5,""max"":15.2,""min"":1},""3"":{""avg"":11.2,""max"":19.3,""min"":4.3},""4"":{""avg"":14.1,""max"":22.2,""min"":7.6},""5"":{""avg"":16.5,""max"":24,""min"":10.7},""6"":{""avg"":19.6,""max"":26.3,""min"":15},""7"":{""avg"":20.4,""max"":27,""min"":16.3},""8"":{""avg"":20.1,""max"":26.7,""min"":16},""9"":{""avg"":18.7,""max"":25.6,""min"":13.9},""10"":{""avg"":15.3,""max"":23.1,""min"":9.6},""11"":{""avg"":11,""max"":20.2,""min"":3.1},""12"":{""avg"":7.8,""max"":16.7,""min"":0.2}}","[""Long trip"",""One week""]",Luxury,5,3,4,1,2,3,4,2,5,3,6.2,7.5,11.2,14.1,16.5,19.6,20.4,20.1,18.7,15.3,11.0,7.8,"['Long trip', 'One week']",0,0,0,1,1,2,-1.6200441750834296,-1.0619066600286946,Spokojne kierunki kulturowe
0a7d0b01-4cdf-4968-81ea-ac4e5d5d2fa1,Los Angeles,United States,north_america,"Endless sunshine, diverse neighborhoods, and the allure of Hollywood create a dynamic atmosphere where every street feels like a new adventure.",34.0536909,-118.242766,"{""1"":{""avg"":14.3,""max"":19.6,""min"":9.8},""2"":{""avg"":14.7,""max"":19.8,""min"":10.4},""3"":{""avg"":15,""max"":19.3,""min"":11.2},""4"":{""avg"":17,""max"":21.6,""min"":13.5},""5"":{""avg"":17.6,""max"":21.4,""min"":14.8},""6"":{""avg"":19.9,""max"":24.1,""min"":16.8},""7"":{""avg"":22,""max"":26.9,""min"":18.7},""8"":{""avg"":22.6,""max"":27.2,""min"":19.4},""9"":{""avg"":22.4,""max"":27.2,""min"":19.1},""10"":{""avg"":20.6,""max"":26.2,""min"":16.4},""11"":{""avg"":16.9,""max"":22.9,""min"":12.2},""12"":{""avg"":14.5,""max"":19.5,""min"":10.1}}","[""Short trip"",""One week"",""Long trip""]",Luxury,4,3,3,4,5,4,4,5,2,3,14.3,14.7,15.0,17.0,17.6,19.9,22.0,22.6,22.4,20.6,16.9,14.5,"['Short trip', 'One week', 'Long trip']",0,0,1,1,1,1,2.3061455359550784,2.4708210257454084,Miejskie i kulturowe
4ed326e5-e344-48c0-a1ff-b69d6fdb9b7f,Savannah,United States,north_america,"Cobblestone streets lined with moss-draped oaks create a charming, historic atmosphere, inviting leisurely strolls and a sense of Southern hospitality.",32.0790074,-81.0921335,"{""1"":{""avg"":10.7,""max"":16.9,""min"":4.8},""2"":{""avg"":13.9,""max"":20.5,""min"":7.8},""3"":{""avg"":16.9,""max"":23.5,""min"":10.6},""4"":{""avg"":19.7,""max"":26.2,""min"":13.4},""5"":{""avg"":23.7,""max"":29.7,""min"":18},""6"":{""avg"":26.7,""max"":32.4,""min"":21.9},""7"":{""avg"":28.1,""max"":34,""min"":23.6},""8"":{""avg"":27.6,""max"":33,""min"":23.4},""9"":{""avg"":25.4,""max"":30.8,""min"":20.9},""10"":{""avg"":21,""max"":27.1,""min"":15.5},""11"":{""avg"":15.7,""max"":21.9,""min"":10.1},""12"":{""avg"":13,""max"":19,""min"":7.5}}","[""Short trip"",""Weekend""]",Mid-range,4,3,3,2,3,4,3,3,3,2,10.7,13.9,16.9,19.7,23.7,26.7,28.1,27.6,25.4,21.0,15.7,13.0,"['Short trip', 'Weekend']",0,1,1,0,0,2,0.5493666801635643,-0.40187796224710964,Spokojne kierunki kulturowe
f7d86453-1908-48d0-9b86-63c6a6b7c2ae,Bukhara,Uzbekistan,asia,"Wandering through ancient streets, you'll feel the echoes of history in every corner, with vibrant markets and the scent of spices filling the air.",39.7675529,64.4231326,"{""1"":{""avg"":2.9,""max"":7.8,""min"":-1.7},""2"":{""avg"":5.7,""max"":11.7,""min"":1.6},""3"":{""avg"":11.6,""max"":17.4,""min"":6.2},""4"":{""avg"":18.1,""max"":25,""min"":12.1},""5"":{""avg"":24.3,""max"":31.2,""min"":16.9},""6"":{""avg"":29.5,""max"":36.7,""min"":21.4},""7"":{""avg"":31.2,""max"":38.5,""min"":23.5},""8"":{""avg"":28,""max"":35.5,""min"":20.4},""9"":{""avg"":22.5,""max"":30.3,""min"":14.6},""10"":{""avg"":14.6,""max"":22.1,""min"":8.1},""11"":{""avg"":7.6,""max"":14.2,""min"":1.9},""12"":{""avg"":3.3,""max"":8.5,""min"":-1.3}}","[""One week"",""Short trip"",""Weekend""]",Budget,5,2,3,1,2,3,2,3,4,1,2.9,5.7,11.6,18.1,24.3,29.5,31.2,28.0,22.5,14.6,7.6,3.3,"['One week', 'Short trip', 'Weekend']",0,1,1,1,0,2,0.2195144632864875,-3.2692208256731146,Spokojne kierunki kulturowe
8a01ffff-5a20-4ddb-af63-f82c9fa0e277,Montreal,Canada,north_america,"Charming streets filled with a mix of European elegance and North American vibrancy, offering lively festivals, diverse cuisine, and artistic flair.",45.5031824,-73.5698065,"{""1"":{""avg"":-7.4,""max"":-3.7,""min"":-10.9},""2"":{""avg"":-6.3,""max"":-2.2,""min"":-10.4},""3"":{""avg"":-0.7,""max"":3.1,""min"":-4.5},""4"":{""avg"":6.5,""max"":11,""min"":2.3},""5"":{""avg"":15,""max"":20.2,""min"":10.2},""6"":{""avg"":19.5,""max"":24.4,""min"":14.8},""7"":{""avg"":22.5,""max"":27.2,""min"":18},""8"":{""avg"":21.8,""max"":26.1,""min"":17.5},""9"":{""avg"":17.5,""max"":21.9,""min"":12.9},""10"":{""avg"":10,""max"":14.2,""min"":6.5},""11"":{""avg"":3,""max"":6.3,""min"":-0.2},""12"":{""avg"":-3,""max"":0.2,""min"":-6.1}}","[""One week"",""Short trip"",""Weekend""]",Mid-range,5,3,3,2,4,5,3,5,2,2,-7.4,-6.3,-0.7,6.5,15.0,19.5,22.5,21.8,17.5,10.0,3.0,-3.0,"['One week', 'Short trip', 'Weekend']",0,1,1,1,0,1,3.114107552361768,0.5726585105479117,Miejskie i kulturowe
dca139e8-a2d8-4edc-a494-bb831291452e,Hanoi,Vietnam,asia,"Bustling streets filled with the aroma of street food, lively markets, and serene lakes create a vibrant yet peaceful atmosphere.",21.0283334,105.854041,"{""1"":{""avg"":17.8,""max"":20.8,""min"":15.2},""2"":{""avg"":18.9,""max"":21.8,""min"":16.4},""3"":{""avg"":21.9,""max"":25,""min"":19.9},""4"":{""avg"":25,""max"":28.2,""min"":22.4},""5"":{""avg"":28.3,""max"":31.9,""min"":25},""6"":{""avg"":30.3,""max"":34.7,""min"":26.9},""7"":{""avg"":30,""max"":34.3,""min"":26.8},""8"":{""avg"":29.2,""max"":33,""min"":26.1},""9"":{""avg"":28.5,""max"":32.3,""min"":25.5},""10"":{""avg"":25.9,""max"":29.6,""min"":22.7},""11"":{""avg"":23.4,""max"":27.2,""min"":20.2},""12"":{""avg"":18.6,""max"":22.3,""min"":15.7}}","[""One week"",""Short trip"",""Weekend""]",Budget,5,3,3,1,3,5,3,4,2,1,17.8,18.9,21.9,25.0,28.3,30.3,30.0,29.2,28.5,25.9,23.4,18.6,"['One week', 'Short trip', 'Weekend']",0,1,1,1,0,1,2.405730360770145,-0.33864544597934154,Miejskie i kulturowe
27867d01-7251-434e-a743-c50193f8dc86,Perth,Australia,oceania,"Sun-kissed beaches meet a laid-back city vibe with sprawling parks, buzzing markets, and a sense of space that feels refreshingly open.",-31.9558933,115.8605855,"{""1"":{""avg"":24.9,""max"":30.5,""min"":18.7},""2"":{""avg"":24.8,""max"":30,""min"":19},""3"":{""avg"":23,""max"":28.3,""min"":18.1},""4"":{""avg"":19.5,""max"":25.1,""min"":15.3},""5"":{""avg"":16,""max"":22,""min"":12.4},""6"":{""avg"":14,""max"":19.5,""min"":10.9},""7"":{""avg"":13.6,""max"":18.6,""min"":10.8},""8"":{""avg"":13.6,""max"":18.8,""min"":10.4},""9"":{""avg"":15.2,""max"":20.5,""min"":11.2},""10"":{""avg"":17.4,""max"":22.4,""min"":13},""11"":{""avg"":20.4,""max"":25.4,""min"":15.2},""12"":{""avg"":23.5,""max"":28.3,""min"":17.5}}","[""One week"",""Short trip""]",Mid-range,3,4,4,4,3,4,3,3,3,2,24.9,24.8,23.0,19.5,16.0,14.0,13.6,13.6,15.2,17.4,20.4,23.5,"['One week', 'Short trip']",0,0,1,1,0,3,-0.9092907458778057,1.16304751102296,"Plaże, natura i relaks"
765ff37e-f3fa-48d4-9631-679279fd3045,Cardiff,United Kingdom,europe,"Charming streets lined with historic architecture and lively pubs create a welcoming atmosphere, where you can feel the city's rich cultural heartbeat.",51.4816546,-3.1791934,"{""1"":{""avg"":5.9,""max"":8,""min"":3.5},""2"":{""avg"":6.6,""max"":9,""min"":4.2},""3"":{""avg"":8,""max"":11,""min"":5},""4"":{""avg"":9.4,""max"":13.1,""min"":5.9},""5"":{""avg"":12.7,""max"":16.5,""min"":9},""6"":{""avg"":15.4,""max"":19.1,""min"":11.9},""7"":{""avg"":17,""max"":20.4,""min"":13.6},""8"":{""avg"":16.8,""max"":20.2,""min"":13.7},""9"":{""avg"":15,""max"":18.3,""min"":12},""10"":{""avg"":12.2,""max"":14.9,""min"":9.6},""11"":{""avg"":8.9,""max"":11.2,""min"":6.5},""12"":{""avg"":7.7,""max"":9.5,""min"":5.5}}","[""Weekend"",""One week"",""Short trip""]",Mid-range,4,2,3,2,4,3,3,4,2,2,5.9,6.6,8.0,9.4,12.7,15.4,17.0,16.8,15.0,12.2,8.9,7.7,"['Weekend', 'One week', 'Short trip']",0,1,1,1,0,1,1.6706078085472655,-0.542173448436701,Miejskie i kulturowe
2af06632-f7aa-4f48-88ff-a7f90e8da41e,San Jose,United States,north_america,"A blend of innovation and natural beauty, with sunlit streets, tech-savvy energy, and nearby escapes to lush parks and rolling hills.",37.3361663,-121.890591,"{""1"":{""avg"":11.2,""max"":16.1,""min"":7},""2"":{""avg"":12,""max"":17.5,""min"":7.1},""3"":{""avg"":13.5,""max"":19,""min"":8.7},""4"":{""avg"":15,""max"":21,""min"":10.1},""5"":{""avg"":16.7,""max"":22.8,""min"":12.1},""6"":{""avg"":19.6,""max"":26.2,""min"":14.3},""7"":{""avg"":20.6,""max"":27.2,""min"":15.5},""8"":{""avg"":20.8,""max"":27.4,""min"":16.1},""9"":{""avg"":20.4,""max"":27.4,""min"":15.3},""10"":{""avg"":18.3,""max"":25.3,""min"":13},""11"":{""avg"":13.5,""max"":19.5,""min"":8.5},""12"":{""avg"":10.9,""max"":15.7,""min"":6.4}}","[""Short trip"",""Weekend"",""One week""]",Luxury,3,3,4,2,3,3,3,4,2,3,11.2,12.0,13.5,15.0,16.7,19.6,20.6,20.8,20.4,18.3,13.5,10.9,"['Short trip', 'Weekend', 'One week']",0,1,1,1,0,2,0.021879698964208657,-0.10783666584298891,Spokojne kierunki kulturowe
c4d01836-2731-498c-afa0-164e08df33be,Orlando,United States,north_america,"Theme parks brimming with excitement, vibrant entertainment districts, and sunny afternoons create a lively atmosphere perfect for family adventures and fun-filled days.",28.5421109,-81.3790304,"{""1"":{""avg"":16.1,""max"":21.5,""min"":11.2},""2"":{""avg"":18.5,""max"":24.2,""min"":13.5},""3"":{""avg"":21,""max"":26.5,""min"":16},""4"":{""avg"":23.4,""max"":28.9,""min"":18.6},""5"":{""avg"":25.9,""max"":31.5,""min"":21.4},""6"":{""avg"":27.6,""max"":32.7,""min"":24},""7"":{""avg"":28.2,""max"":33.4,""min"":24.8},""8"":{""avg"":28.2,""max"":33.1,""min"":24.9},""9"":{""avg"":27.2,""max"":32.1,""min"":24.1},""10"":{""avg"":24.4,""max"":29.1,""min"":20.8},""11"":{""avg"":21.3,""max"":26.1,""min"":17.5},""12"":{""avg"":17.9,""max"":22.9,""min"":13.6}}","[""One week"",""Short trip""]",Mid-range,3,4,3,2,4,3,3,4,2,2,16.1,18.5,21.0,23.4,25.9,27.6,28.2,28.2,27.2,24.4,21.3,17.9,"['One week', 'Short trip']",0,0,1,1,0,1,0.4478713484887916,0.4791425061818765,Miejskie i kulturowe
2278b395-3809-4d23-b74d-2e6ebfdce2ed,Sighisoara,Romania,europe,"Cobblestone streets and colorful medieval towers create a fairy-tale setting, inviting you to wander and uncover centuries-old secrets around every corner.",46.2202037,24.7934483,"{""1"":{""avg"":0,""max"":4.3,""min"":-3.7},""2"":{""avg"":1.5,""max"":6.7,""min"":-2.6},""3"":{""avg"":5.4,""max"":11.3,""min"":0},""4"":{""avg"":9.3,""max"":15.9,""min"":3.4},""5"":{""avg"":14.7,""max"":21.2,""min"":8.8},""6"":{""avg"":19.9,""max"":27,""min"":13.8},""7"":{""avg"":20.8,""max"":28.2,""min"":14.4},""8"":{""avg"":20.8,""max"":28.9,""min"":14.1},""9"":{""avg"":15.6,""max"":23.2,""min"":9.5},""10"":{""avg"":9.5,""max"":17.1,""min"":3.7},""11"":{""avg"":4.6,""max"":9.8,""min"":0.6},""12"":{""avg"":1.7,""max"":5.3,""min"":-1}}","[""Weekend"",""Short trip"",""Day trip""]",Budget,5,3,3,1,2,3,2,2,4,1,0.0,1.5,5.4,9.3,14.7,19.9,20.8,20.8,15.6,9.5,4.6,1.7,"['Weekend', 'Short trip', 'Day trip']",1,1,1,0,0,2,-0.6056816008486328,-3.025528648707894,Spokojne kierunki kulturowe
31c38956-bfd7-49a1-82f6-656ae066db1f,Vancouver,Canada,north_america,"Nestled between ocean and mountains, this city offers a harmonious blend of urban excitement and serene natural beauty, perfect for outdoor enthusiasts.",49.2608724,-123.113952,"{""1"":{""avg"":5.4,""max"":7.5,""min"":3.2},""2"":{""avg"":5.2,""max"":7.6,""min"":2.7},""3"":{""avg"":7.7,""max"":10.8,""min"":4.7},""4"":{""avg"":10,""max"":13.6,""min"":6.6},""5"":{""avg"":14.3,""max"":18.3,""min"":10.4},""6"":{""avg"":16.9,""max"":21,""min"":12.9},""7"":{""avg"":19.8,""max"":24.2,""min"":15.4},""8"":{""avg"":19.4,""max"":23.7,""min"":15.2},""9"":{""avg"":15.9,""max"":19.4,""min"":12.3},""10"":{""avg"":11.2,""max"":14,""min"":8.5},""11"":{""avg"":7.5,""max"":9.8,""min"":5},""12"":{""avg"":4.8,""max"":7,""min"":3.1}}","[""Long trip"",""One week"",""Short trip""]",Luxury,4,4,5,3,4,4,4,5,3,3,5.4,5.2,7.7,10.0,14.3,16.9,19.8,19.4,15.9,11.2,7.5,4.8,"['Long trip', 'One week', 'Short trip']",0,0,1,1,1,3,0.30602714950432963,2.386760541069141,"Plaże, natura i relaks"
3f80a914-4217-4ee3-87a7-657e5480fea4,Keswick,United Kingdom,europe,"Surrounded by majestic peaks and serene lakes, this charming town offers a peaceful escape with invigorating hikes and quaint local shops.",54.6009812,-3.1375822,"{""1"":{""avg"":4.5,""max"":6.8,""min"":2},""2"":{""avg"":6.2,""max"":8.9,""min"":3.5},""3"":{""avg"":7.2,""max"":10.7,""min"":3.8},""4"":{""avg"":8.3,""max"":12.6,""min"":4},""5"":{""avg"":11.8,""max"":15.9,""min"":7.8},""6"":{""avg"":14.6,""max"":18.6,""min"":10.8},""7"":{""avg"":16.1,""max"":19.8,""min"":12.5},""8"":{""avg"":15.7,""max"":19.2,""min"":12.5},""9"":{""avg"":13.5,""max"":17.1,""min"":10},""10"":{""avg"":10.6,""max"":13.6,""min"":7.7},""11"":{""avg"":7.5,""max"":10,""min"":4.8},""12"":{""avg"":5.5,""max"":7.7,""min"":3.1}}","[""Short trip"",""Weekend""]",Mid-range,3,4,5,2,2,3,3,2,4,2,4.5,6.2,7.2,8.3,11.8,14.6,16.1,15.7,13.5,10.6,7.5,5.5,"['Short trip', 'Weekend']",0,1,1,0,0,0,-2.8895782842060482,-0.43525780343990095,Natura i przygoda
43e082aa-865c-4847-a8f3-7ee4e77c05de,Bologna,Italy,europe,"Strolling under ancient porticoes, savoring rich aromas of fresh pasta, and enjoying lively piazzas create a warm, welcoming atmosphere.",44.4938203,11.3426327,"{""1"":{""avg"":4.1,""max"":8.1,""min"":0.7},""2"":{""avg"":7,""max"":11.6,""min"":2.8},""3"":{""avg"":10.3,""max"":15.3,""min"":5.5},""4"":{""avg"":13.6,""max"":19.1,""min"":8.1},""5"":{""avg"":17.9,""max"":22.9,""min"":12.9},""6"":{""avg"":23.6,""max"":29.1,""min"":17.9},""7"":{""avg"":26.4,""max"":32.2,""min"":20.5},""8"":{""avg"":25.9,""max"":31.9,""min"":20.2},""9"":{""avg"":20.8,""max"":26.2,""min"":15.9},""10"":{""avg"":15.9,""max"":20.6,""min"":12},""11"":{""avg"":9.5,""max"":13.2,""min"":6.4},""12"":{""avg"":5.3,""max"":8.8,""min"":2.2}}","[""Short trip"",""Weekend"",""One week""]",Mid-range,5,2,3,1,3,5,3,4,2,2,4.1,7.0,10.3,13.6,17.9,23.6,26.4,25.9,20.8,15.9,9.5,5.3,"['Short trip', 'Weekend', 'One week']",0,1,1,1,0,1,2.813630227535227,-0.7258905322061573,Miejskie i kulturowe
794e7d71-b99b-415f-8b9c-790ec7773bd1,Isle of Skye,United Kingdom,europe,"Dramatic landscapes with rugged cliffs and serene lochs create an enchanting atmosphere, perfect for exploring nature and experiencing tranquil moments.",57.36300795,-6.302173669619252,"{""1"":{""avg"":5.8,""max"":7.5,""min"":3.7},""2"":{""avg"":6.2,""max"":8,""min"":4},""3"":{""avg"":7.2,""max"":9,""min"":5},""4"":{""avg"":8.2,""max"":10.9,""min"":5.2},""5"":{""avg"":11,""max"":13.5,""min"":8.3},""6"":{""avg"":13,""max"":15.4,""min"":10.6},""7"":{""avg"":14,""max"":16.3,""min"":11.8},""8"":{""avg"":14.2,""max"":16.3,""min"":12},""9"":{""avg"":13,""max"":15.2,""min"":10.5},""10"":{""avg"":10.9,""max"":12.7,""min"":8.8},""11"":{""avg"":8,""max"":9.9,""min"":5.7},""12"":{""avg"":6.5,""max"":8.4,""min"":4.2}}","[""One week"",""Short trip""]",Mid-range,3,4,5,3,1,3,3,1,5,2,5.8,6.2,7.2,8.2,11.0,13.0,14.0,14.2,13.0,10.9,8.0,6.5,"['One week', 'Short trip']",0,0,1,1,0,0,-4.2175131998451825,-0.7347996328970002,Natura i przygoda
f01a2bac-182f-4a9a-bd44-d75f65b50bd7,Guimarães,Portugal,europe,"Cobblestone streets, medieval architecture, and a welcoming atmosphere make wandering feel like stepping back in time, rich with history and charm.",41.4417677,-8.2955712,"{""1"":{""avg"":10.4,""max"":14.2,""min"":7.1},""2"":{""avg"":11.7,""max"":15.6,""min"":8.2},""3"":{""avg"":13,""max"":16.9,""min"":9.8},""4"":{""avg"":14.3,""max"":18.2,""min"":10.6},""5"":{""avg"":16.5,""max"":20.3,""min"":12.8},""6"":{""avg"":18,""max"":21.7,""min"":14.5},""7"":{""avg"":19.8,""max"":24,""min"":15.9},""8"":{""avg"":19.5,""max"":24,""min"":15.6},""9"":{""avg"":18.8,""max"":23.3,""min"":14.9},""10"":{""avg"":17.1,""max"":21.2,""min"":13.7},""11"":{""avg"":13.8,""max"":17.1,""min"":10.7},""12"":{""avg"":12.1,""max"":15.6,""min"":9.2}}","[""Short trip"",""Weekend"",""Day trip""]",Mid-range,4,3,3,1,2,4,3,3,3,2,10.4,11.7,13.0,14.3,16.5,18.0,19.8,19.5,18.8,17.1,13.8,12.1,"['Short trip', 'Weekend', 'Day trip']",1,1,1,0,0,2,0.25828568594198026,-1.169629009512768,Spokojne kierunki kulturowe
0c2f27fb-d5ed-4047-a16e-05fb872fe7b3,Macau,China,asia,"A unique blend of Portuguese heritage and vibrant Chinese culture, with bustling streets, aromatic food stalls, and dazzling casino lights.",22.1757605,113.5514142,"{""1"":{""avg"":16.6,""max"":19.9,""min"":14},""2"":{""avg"":16.9,""max"":20.1,""min"":14.4},""3"":{""avg"":19.8,""max"":22.5,""min"":17.6},""4"":{""avg"":23.1,""max"":25.9,""min"":20.9},""5"":{""avg"":26.3,""max"":28.7,""min"":23.9},""6"":{""avg"":28.5,""max"":30.9,""min"":26.2},""7"":{""avg"":29.2,""max"":31.8,""min"":26.7},""8"":{""avg"":28.8,""max"":31.6,""min"":26.1},""9"":{""avg"":28.5,""max"":31.5,""min"":25.8},""10"":{""avg"":25.8,""max"":28.7,""min"":23.1},""11"":{""avg"":22.5,""max"":25.5,""min"":19.8},""12"":{""avg"":17.7,""max"":20.9,""min"":14.7}}","[""One week"",""Short trip"",""Weekend""]",Mid-range,4,3,2,2,5,4,3,5,2,2,16.6,16.9,19.8,23.1,26.3,28.5,29.2,28.8,28.5,25.8,22.5,17.7,"['One week', 'Short trip', 'Weekend']",0,1,1,1,0,1,3.0274789987825046,0.603788505680333,Miejskie i kulturowe
a42b301e-5afe-417e-a81f-9f847e267f88,Salento,Colombia,south_america,"Rolling green hills and colorful streets create a welcoming vibe, with coffee aromas and vibrant landscapes offering a true sensory escape.",4.6373012,-75.569799,"{""1"":{""avg"":22.6,""max"":28.6,""min"":17.3},""2"":{""avg"":23,""max"":29,""min"":17.8},""3"":{""avg"":22.5,""max"":27.9,""min"":17.9},""4"":{""avg"":22.4,""max"":28.2,""min"":18},""5"":{""avg"":22.5,""max"":28.2,""min"":18.2},""6"":{""avg"":22.5,""max"":28,""min"":17.8},""7"":{""avg"":22.8,""max"":28.6,""min"":17.6},""8"":{""avg"":23.4,""max"":29.7,""min"":17.9},""9"":{""avg"":22.6,""max"":28.9,""min"":17.4},""10"":{""avg"":22,""max"":27.8,""min"":17.6},""11"":{""avg"":22.5,""max"":28.4,""min"":18.3},""12"":{""avg"":22.3,""max"":27.7,""min"":17.8}}","[""Short trip"",""Weekend""]",Budget,4,4,5,1,2,4,3,2,4,1,22.6,23.0,22.5,22.4,22.5,22.5,22.8,23.4,22.6,22.0,22.5,22.3,"['Short trip', 'Weekend']",0,1,1,0,0,0,-1.868047903657223,-0.6294913561849718,Natura i przygoda
9f779614-05dd-41e8-833b-8fa44cee9475,Zagreb,Croatia,europe,"A blend of charming cobblestone streets, vibrant markets, and lively cafes creates an inviting atmosphere filled with history and modern culture.",45.8130967,15.9772795,"{""1"":{""avg"":3.3,""max"":6.3,""min"":0.4},""2"":{""avg"":6.1,""max"":9.8,""min"":2.6},""3"":{""avg"":9.3,""max"":13.7,""min"":4.9},""4"":{""avg"":13.8,""max"":18.7,""min"":8.7},""5"":{""avg"":18,""max"":22.6,""min"":13.2},""6"":{""avg"":23.3,""max"":28.1,""min"":17.9},""7"":{""avg"":25,""max"":30.1,""min"":19.5},""8"":{""avg"":24.6,""max"":29.6,""min"":19.1},""9"":{""avg"":19.1,""max"":23.9,""min"":14.4},""10"":{""avg"":13.9,""max"":17.8,""min"":10.2},""11"":{""avg"":8.1,""max"":11.2,""min"":5.5},""12"":{""avg"":4.3,""max"":7.1,""min"":1.8}}","[""One week"",""Short trip"",""Weekend""]",Mid-range,4,3,3,1,3,4,3,4,2,2,3.3,6.1,9.3,13.8,18.0,23.3,25.0,24.6,19.1,13.9,8.1,4.3,"['One week', 'Short trip', 'Weekend']",0,1,1,1,0,1,1.485210290901217,-0.5072495366449696,Miejskie i kulturowe
f206b4f0-81db-4098-8142-a69892f9f14b,Quito,Ecuador,south_america,"Wander through cobblestone streets with vibrant colonial architecture, surrounded by the scent of Andean spices and the hum of lively markets.",-0.2201641,-78.5123274,"{""1"":{""avg"":14.2,""max"":19.6,""min"":10.2},""2"":{""avg"":13.6,""max"":18.9,""min"":9.8},""3"":{""avg"":13.8,""max"":19.2,""min"":10},""4"":{""avg"":13.8,""max"":19.3,""min"":10},""5"":{""avg"":14.2,""max"":20.1,""min"":10.3},""6"":{""avg"":13.4,""max"":19.2,""min"":9.1},""7"":{""avg"":13.5,""max"":19.6,""min"":8.6},""8"":{""avg"":14.3,""max"":20.5,""min"":9.1},""9"":{""avg"":14.7,""max"":21.8,""min"":9.4},""10"":{""avg"":13.8,""max"":20,""min"":9},""11"":{""avg"":14.2,""max"":20.4,""min"":10.1},""12"":{""avg"":14.2,""max"":19.7,""min"":10.4}}","[""Short trip"",""One week""]",Budget,5,4,4,2,3,4,3,3,3,1,14.2,13.6,13.8,13.8,14.2,13.4,13.5,14.3,14.7,13.8,14.2,14.2,"['Short trip', 'One week']",0,0,1,1,0,2,0.10660332853861061,-0.056279340128329663,Spokojne kierunki kulturowe
b411a358-6873-46d3-b693-174931a4a948,San Salvador,El Salvador,north_america,"Lively streets buzz with local vendors and colorful markets, while nearby volcanoes and lush landscapes offer a sense of adventure and natural beauty.",13.6989939,-89.1914249,"{""1"":{""avg"":22.7,""max"":28.2,""min"":16.9},""2"":{""avg"":23.4,""max"":29.2,""min"":16.8},""3"":{""avg"":24.3,""max"":29.3,""min"":17.9},""4"":{""avg"":24.6,""max"":29.3,""min"":19},""5"":{""avg"":24.1,""max"":27.8,""min"":19.5},""6"":{""avg"":23.9,""max"":27.1,""min"":19.5},""7"":{""avg"":23.7,""max"":27.2,""min"":18.8},""8"":{""avg"":23.6,""max"":27.1,""min"":19},""9"":{""avg"":23.7,""max"":27.9,""min"":19.7},""10"":{""avg"":23.6,""max"":27.8,""min"":19.6},""11"":{""avg"":22.8,""max"":27.1,""min"":18},""12"":{""avg"":22.6,""max"":27.6,""min"":17}}","[""Short trip"",""One week"",""Weekend""]",Budget,3,3,3,3,3,4,2,3,2,1,22.7,23.4,24.3,24.6,24.1,23.9,23.7,23.6,23.7,23.6,22.8,22.6,"['Short trip', 'One week', 'Weekend']",0,1,1,1,0,2,0.5364693757225215,-0.6144792921069875,Spokojne kierunki kulturowe
9cca8483-23d3-4725-b369-ba831d2c16b3,Suva,Fiji,oceania,"Tropical breezes mingle with the vibrant bustle of markets and the warmth of welcoming locals, creating an inviting and lively atmosphere.",-18.1415884,178.4421662,"{""1"":{""avg"":26.9,""max"":31.2,""min"":23.6},""2"":{""avg"":27.2,""max"":31.3,""min"":23.8},""3"":{""avg"":26.8,""max"":30.9,""min"":23.5},""4"":{""avg"":26.3,""max"":30.5,""min"":23.3},""5"":{""avg"":24.9,""max"":28.6,""min"":22},""6"":{""avg"":24,""max"":27.9,""min"":20.7},""7"":{""avg"":23.6,""max"":27.5,""min"":20.6},""8"":{""avg"":23.2,""max"":27,""min"":20.3},""9"":{""avg"":23.9,""max"":27.7,""min"":21},""10"":{""avg"":24.9,""max"":28.5,""min"":21.6},""11"":{""avg"":25.9,""max"":29.8,""min"":22.5},""12"":{""avg"":26.5,""max"":30.5,""min"":23.2}}","[""Short trip"",""One week""]",Mid-range,3,3,4,3,3,3,3,3,2,2,26.9,27.2,26.8,26.3,24.9,24.0,23.6,23.2,23.9,24.9,25.9,26.5,"['Short trip', 'One week']",0,0,1,1,0,2,-0.49642680908572717,0.11144806830611553,Spokojne kierunki kulturowe
0eeb9c0f-6cae-4e46-ba5a-dba09017c4ec,Toulouse,France,europe,"Charming cobblestone streets, pink-hued buildings, and a lively café culture create a welcoming atmosphere that's both vibrant and soothing.",43.6044622,1.4442469,"{""1"":{""avg"":6.2,""max"":9.9,""min"":3},""2"":{""avg"":8.2,""max"":12.8,""min"":4.3},""3"":{""avg"":10.4,""max"":15.4,""min"":6.3},""4"":{""avg"":13.1,""max"":18.5,""min"":8.4},""5"":{""avg"":16.5,""max"":22,""min"":11.8},""6"":{""avg"":21.1,""max"":26.9,""min"":16.1},""7"":{""avg"":23.5,""max"":29.6,""min"":18},""8"":{""avg"":23.5,""max"":29.9,""min"":17.8},""9"":{""avg"":19.8,""max"":25.9,""min"":14.8},""10"":{""avg"":15.7,""max"":21,""min"":11.5},""11"":{""avg"":10.4,""max"":14.6,""min"":6.9},""12"":{""avg"":7.9,""max"":12,""min"":4.6}}","[""Short trip"",""One week"",""Weekend""]",Mid-range,4,3,3,2,4,4,3,4,2,2,6.2,8.2,10.4,13.1,16.5,21.1,23.5,23.5,19.8,15.7,10.4,7.9,"['Short trip', 'One week', 'Weekend']",0,1,1,1,0,1,1.776291285122801,0.2605015106206888,Miejskie i kulturowe
9a4f8eec-e269-42bb-96bd-4c0e0a82df57,Frankfurt,Germany,europe,"Skyscrapers and historic charm blend seamlessly, offering a dynamic cityscape where modernity meets tradition, all underlined by a vibrant cultural scene.",50.1106444,8.6820917,"{""1"":{""avg"":3.6,""max"":5.8,""min"":1.3},""2"":{""avg"":4.9,""max"":8.2,""min"":1.9},""3"":{""avg"":7.8,""max"":12.2,""min"":3.7},""4"":{""avg"":11.3,""max"":16.7,""min"":6.1},""5"":{""avg"":15.5,""max"":20.9,""min"":10.3},""6"":{""avg"":20.1,""max"":25.7,""min"":14.7},""7"":{""avg"":21.4,""max"":27.2,""min"":16.1},""8"":{""avg"":21.3,""max"":27.1,""min"":16.1},""9"":{""avg"":16.9,""max"":22.4,""min"":12.2},""10"":{""avg"":12,""max"":16,""min"":8.5},""11"":{""avg"":7,""max"":9.7,""min"":4.5},""12"":{""avg"":4.8,""max"":6.8,""min"":2.8}}","[""Short trip"",""One week"",""Weekend""]",Mid-range,4,2,3,1,4,4,3,5,2,2,3.6,4.9,7.8,11.3,15.5,20.1,21.4,21.3,16.9,12.0,7.0,4.8,"['Short trip', 'One week', 'Weekend']",0,1,1,1,0,1,2.7024976599378188,-0.34602830975523136,Miejskie i kulturowe
3c3ca961-011a-4144-8dff-741dd64d363e,Accra,Ghana,africa,"Lively streets filled with vibrant markets, rhythmic music, and the aroma of spicy street food create a captivating and energetic atmosphere.",5.5571096,-0.2012376,"{""1"":{""avg"":28.7,""max"":33.3,""min"":25.8},""2"":{""avg"":29.1,""max"":33.6,""min"":26.3},""3"":{""avg"":29.2,""max"":33.3,""min"":26.2},""4"":{""avg"":29.1,""max"":33.1,""min"":25.9},""5"":{""avg"":28.5,""max"":32.6,""min"":25.3},""6"":{""avg"":27,""max"":30.6,""min"":24.4},""7"":{""avg"":26.1,""max"":29.3,""min"":24.2},""8"":{""avg"":25.8,""max"":28.8,""min"":23.6},""9"":{""avg"":26.2,""max"":29.8,""min"":24},""10"":{""avg"":27.3,""max"":31.1,""min"":24.4},""11"":{""avg"":28.4,""max"":32.4,""min"":25.2},""12"":{""avg"":28.8,""max"":33.2,""min"":25.7}}","[""Short trip"",""One week"",""Weekend""]",Budget,4,3,3,3,3,4,3,3,2,1,28.7,29.1,29.2,29.1,28.5,27.0,26.1,25.8,26.2,27.3,28.4,28.8,"['Short trip', 'One week', 'Weekend']",0,1,1,1,0,1,0.8658934721713839,0.074872840914834,Miejskie i kulturowe
bfb367bf-51e6-4098-89b3-4868a8b7c834,Cayenne,French Guiana,south_america,"Tropical vibes meet colonial charm with bustling markets, vibrant street life, and lush greenery creating a unique and inviting atmosphere.",4.9371544,-52.3258736,"{""1"":{""avg"":25.2,""max"":29.8,""min"":21},""2"":{""avg"":24.7,""max"":29.6,""min"":20.1},""3"":{""avg"":25.6,""max"":30.1,""min"":20.5},""4"":{""avg"":25.3,""max"":30.1,""min"":19.2},""5"":{""avg"":24.3,""max"":30.2,""min"":17.8},""6"":{""avg"":25.1,""max"":31,""min"":19.8},""7"":{""avg"":25.4,""max"":31.6,""min"":17.6},""8"":{""avg"":26.4,""max"":32.4,""min"":20.4},""9"":{""avg"":27.3,""max"":33.2,""min"":21.6},""10"":{""avg"":27.2,""max"":33.2,""min"":21.5},""11"":{""avg"":26.4,""max"":32,""min"":20.6},""12"":{""avg"":24.6,""max"":30.4,""min"":18.9}}","[""Short trip"",""Weekend""]",Mid-range,3,4,5,3,2,3,2,2,4,2,25.2,24.7,25.6,25.3,24.3,25.1,25.4,26.4,27.3,27.2,26.4,24.6,"['Short trip', 'Weekend']",0,1,1,0,0,0,-2.913075964806497,-1.008598075215969,Natura i przygoda
90ca1550-325d-4036-ae5a-5a2d7518d12a,Launceston,Australia,oceania,"Charming streets lined with heritage buildings, surrounded by lush parks and vineyards, offer a welcoming atmosphere with a touch of rustic elegance.",-41.4340813,147.1373496,"{""1"":{""avg"":18.6,""max"":25.7,""min"":13.4},""2"":{""avg"":17.7,""max"":24.9,""min"":12.5},""3"":{""avg"":16,""max"":23.1,""min"":11},""4"":{""avg"":12.7,""max"":19.5,""min"":7.8},""5"":{""avg"":9.6,""max"":16,""min"":5},""6"":{""avg"":7.5,""max"":13.4,""min"":2.7},""7"":{""avg"":7.2,""max"":13,""min"":2.7},""8"":{""avg"":8.2,""max"":14,""min"":3.7},""9"":{""avg"":10,""max"":16.2,""min"":5.4},""10"":{""avg"":11.4,""max"":18.6,""min"":7.5},""11"":{""avg"":14.7,""max"":21.4,""min"":9.8},""12"":{""avg"":16.7,""max"":23.5,""min"":11.5}}","[""Short trip"",""Weekend""]",Mid-range,3,4,5,2,2,3,3,3,4,2,18.6,17.7,16.0,12.7,9.6,7.5,7.2,8.2,10.0,11.4,14.7,16.7,"['Short trip', 'Weekend']",0,1,1,0,0,0,-2.4722820868360094,-0.2917048941783063,Natura i przygoda
7c9a3427-bce5-49c4-ace2-b19967022373,Valparaíso,Chile,south_america,"Colorful hillside neighborhoods cascade down to the bustling port, where vibrant street art and ocean breezes create an inspiring, bohemian atmosphere.",-33.0458456,-71.6196749,"{""1"":{""avg"":16.8,""max"":23,""min"":12.4},""2"":{""avg"":16.8,""max"":22.4,""min"":12.9},""3"":{""avg"":16.2,""max"":22.3,""min"":12.3},""4"":{""avg"":14.1,""max"":19.3,""min"":10.6},""5"":{""avg"":12.3,""max"":17.4,""min"":8.9},""6"":{""avg"":11.8,""max"":16.1,""min"":8.8},""7"":{""avg"":10.5,""max"":15.2,""min"":7.2},""8"":{""avg"":11,""max"":15.3,""min"":7.7},""9"":{""avg"":12,""max"":17,""min"":8.5},""10"":{""avg"":12.8,""max"":18.3,""min"":9},""11"":{""avg"":14.2,""max"":20.2,""min"":10.1},""12"":{""avg"":15.8,""max"":21.6,""min"":11.5}}","[""Short trip"",""Weekend""]",Mid-range,4,3,3,3,4,4,3,4,2,2,16.8,16.8,16.2,14.1,12.3,11.8,10.5,11.0,12.0,12.8,14.2,15.8,"['Short trip', 'Weekend']",0,1,1,0,0,1,1.6752809744429038,0.623339154031388,Miejskie i kulturowe
265ee9f4-2324-46bc-95e2-11a7b655e833,Colmar,France,europe,"Charming canals lined with half-timbered houses and vibrant flowers create a fairy-tale atmosphere, inviting leisurely strolls and delightful discoveries.",48.0777517,7.3579641,"{""1"":{""avg"":3.2,""max"":6.5,""min"":-0.1},""2"":{""avg"":5.9,""max"":10.6,""min"":1.7},""3"":{""avg"":8.4,""max"":13.5,""min"":3.2},""4"":{""avg"":10.9,""max"":16.5,""min"":5.3},""5"":{""avg"":15.1,""max"":20.4,""min"":9.5},""6"":{""avg"":20,""max"":25.6,""min"":14.4},""7"":{""avg"":21.4,""max"":27.2,""min"":15.4},""8"":{""avg"":21.3,""max"":27.4,""min"":15.6},""9"":{""avg"":17.2,""max"":23.5,""min"":11.4},""10"":{""avg"":12.8,""max"":18,""min"":8.2},""11"":{""avg"":6.6,""max"":10.2,""min"":3.2},""12"":{""avg"":4.5,""max"":7.4,""min"":1.6}}","[""Short trip"",""Weekend""]",Mid-range,4,2,3,1,2,4,3,2,4,2,3.2,5.9,8.4,10.9,15.1,20.0,21.4,21.3,17.2,12.8,6.6,4.5,"['Short trip', 'Weekend']",0,1,1,0,0,2,-0.16864774735069385,-1.8143401647524229,Spokojne kierunki kulturowe
1e1b5cd7-966e-419c-a2d4-c9fe088a9289,Bratislava,Slovakia,europe,"Charming cobblestone streets and lively squares invite you to explore colorful facades, historic landmarks, and cozy cafés offering a warm, welcoming vibe.",48.1516988,17.1093063,"{""1"":{""avg"":1.3,""max"":3.8,""min"":-1.4},""2"":{""avg"":3.9,""max"":7.5,""min"":0.4},""3"":{""avg"":7.6,""max"":12,""min"":3.2},""4"":{""avg"":11.3,""max"":16.4,""min"":6.1},""5"":{""avg"":15.8,""max"":20.6,""min"":10.8},""6"":{""avg"":21.3,""max"":26.4,""min"":15.9},""7"":{""avg"":22.9,""max"":28.3,""min"":17.3},""8"":{""avg"":22.5,""max"":28,""min"":17.2},""9"":{""avg"":17.3,""max"":22.4,""min"":12.6},""10"":{""avg"":11.7,""max"":16.1,""min"":7.7},""11"":{""avg"":6.1,""max"":9.3,""min"":3},""12"":{""avg"":2.4,""max"":4.7,""min"":0}}","[""Short trip"",""Weekend""]",Mid-range,4,3,3,1,3,3,3,3,3,2,1.3,3.9,7.6,11.3,15.8,21.3,22.9,22.5,17.3,11.7,6.1,2.4,"['Short trip', 'Weekend']",0,1,1,0,0,2,0.1367936475028446,-1.1801454784883827,Spokojne kierunki kulturowe
1d32dfff-864b-4298-8be7-1f9714936244,Hong Kong,Hong Kong,asia,"A bustling metropolis where neon lights reflect off harbor waters, offering a vibrant mix of street markets, towering skyscrapers, and serene parks.",22.2793278,114.1628131,"{""1"":{""avg"":17.4,""max"":20.2,""min"":15.1},""2"":{""avg"":18.4,""max"":21.4,""min"":16.3},""3"":{""avg"":21.2,""max"":24,""min"":19.1},""4"":{""avg"":24.1,""max"":26.8,""min"":21.9},""5"":{""avg"":26.7,""max"":29.3,""min"":24.8},""6"":{""avg"":29.2,""max"":31.7,""min"":27.2},""7"":{""avg"":30,""max"":32.7,""min"":27.9},""8"":{""avg"":29.4,""max"":32,""min"":27.2},""9"":{""avg"":29.1,""max"":31.9,""min"":27},""10"":{""avg"":26.5,""max"":29.1,""min"":24.3},""11"":{""avg"":23.3,""max"":26,""min"":21.2},""12"":{""avg"":18.5,""max"":21.2,""min"":16.1}}","[""Short trip"",""One week""]",Luxury,5,3,3,2,5,5,3,5,2,3,17.4,18.4,21.2,24.1,26.7,29.2,30.0,29.4,29.1,26.5,23.3,18.5,"['Short trip', 'One week']",0,0,1,1,0,1,3.5061988572632496,0.9775719144028711,Miejskie i kulturowe
f03bee1f-4a0c-48b7-9552-b0520359357d,Trinidad,Cuba,north_america,"Cobblestone streets echo with the sounds of salsa music, while colorful colonial buildings and vibrant markets create a lively, timeless atmosphere.",21.8052055,-79.9845797,"{""1"":{""avg"":24.4,""max"":27.3,""min"":21.8},""2"":{""avg"":25,""max"":28.2,""min"":22.2},""3"":{""avg"":26,""max"":29,""min"":23.5},""4"":{""avg"":27,""max"":30.3,""min"":24.5},""5"":{""avg"":27.9,""max"":30.9,""min"":25.6},""6"":{""avg"":28.6,""max"":31.8,""min"":26},""7"":{""avg"":29.3,""max"":32.8,""min"":26.5},""8"":{""avg"":28.9,""max"":32.6,""min"":26.1},""9"":{""avg"":28.6,""max"":31.9,""min"":26.2},""10"":{""avg"":28,""max"":30.7,""min"":25.9},""11"":{""avg"":26.5,""max"":29.1,""min"":24.3},""12"":{""avg"":25.2,""max"":27.7,""min"":22.9}}","[""Short trip"",""Weekend""]",Budget,5,3,4,3,3,4,3,2,4,1,24.4,25.0,26.0,27.0,27.9,28.6,29.3,28.9,28.6,28.0,26.5,25.2,"['Short trip', 'Weekend']",0,1,1,0,0,2,-0.42134041543396045,-0.33815285195728567,Spokojne kierunki kulturowe
2112510a-fb29-4ca0-82e1-682dc6073880,Plovdiv,Bulgaria,europe,"Charming cobblestone streets, vibrant street art, and ancient ruins create a unique blend of history and modernity, inviting leisurely exploration.",42.1418541,24.7499297,"{""1"":{""avg"":2.5,""max"":7.1,""min"":-1.7},""2"":{""avg"":5.5,""max"":10.6,""min"":0.6},""3"":{""avg"":9.3,""max"":14.8,""min"":3.8},""4"":{""avg"":13.1,""max"":19.4,""min"":6.8},""5"":{""avg"":17.1,""max"":22.9,""min"":11.1},""6"":{""avg"":22.7,""max"":28.9,""min"":16.3},""7"":{""avg"":25.5,""max"":32.1,""min"":18.4},""8"":{""avg"":25.4,""max"":32.2,""min"":17.9},""9"":{""avg"":20.8,""max"":27.3,""min"":14.1},""10"":{""avg"":14.3,""max"":20.6,""min"":8.5},""11"":{""avg"":8.8,""max"":13.7,""min"":4.4},""12"":{""avg"":4.6,""max"":9.1,""min"":0.7}}","[""Short trip"",""Weekend""]",Budget,4,3,3,1,3,4,3,3,3,1,2.5,5.5,9.3,13.1,17.1,22.7,25.5,25.4,20.8,14.3,8.8,4.6,"['Short trip', 'Weekend']",0,1,1,0,0,2,0.6503769908434615,-0.7647156056578088,Spokojne kierunki kulturowe
27486037-4990-4ad3-89a3-0d7cf6d3e065,Maui,United States,oceania,"Lush landscapes, vibrant sunsets, and the gentle sound of ocean waves create an inviting and tranquil island atmosphere perfect for unwinding.",20.8029568,-156.31068331602177,"{""1"":{""avg"":22.5,""max"":26.6,""min"":18.4},""2"":{""avg"":22.1,""max"":25.7,""min"":18.7},""3"":{""avg"":22.5,""max"":26.1,""min"":19},""4"":{""avg"":23.4,""max"":26.9,""min"":20.2},""5"":{""avg"":24.2,""max"":28.4,""min"":20.5},""6"":{""avg"":25.1,""max"":28.8,""min"":21.7},""7"":{""avg"":25.9,""max"":29.5,""min"":22.7},""8"":{""avg"":26.2,""max"":30.2,""min"":22.8},""9"":{""avg"":26.4,""max"":30.7,""min"":22.5},""10"":{""avg"":25.5,""max"":29.4,""min"":22},""11"":{""avg"":24.4,""max"":28,""min"":21.1},""12"":{""avg"":23.3,""max"":27.2,""min"":19.4}}","[""Short trip"",""One week"",""Long trip""]",Luxury,3,4,5,5,3,4,4,2,4,3,22.5,22.1,22.5,23.4,24.2,25.1,25.9,26.2,26.4,25.5,24.4,23.3,"['Short trip', 'One week', 'Long trip']",0,0,1,1,1,3,-2.36444719808309,2.409776318664497,"Plaże, natura i relaks"
de902972-e11c-42e8-858a-a3bf3cca5af4,Khiva,Uzbekistan,asia,"Wander through ancient, sun-drenched streets surrounded by intricately carved minarets and walls, where history whispers from every corner and time feels suspended.",41.3776893,60.3620006,"{""1"":{""avg"":-0.4,""max"":4.4,""min"":-4.5},""2"":{""avg"":2,""max"":7.8,""min"":-1.9},""3"":{""avg"":8.7,""max"":14.5,""min"":3.6},""4"":{""avg"":16.7,""max"":23.6,""min"":10.6},""5"":{""avg"":23,""max"":30.1,""min"":15.8},""6"":{""avg"":28.5,""max"":36.1,""min"":20.3},""7"":{""avg"":30.2,""max"":37.8,""min"":22.1},""8"":{""avg"":26.3,""max"":34.1,""min"":18.8},""9"":{""avg"":20.1,""max"":27.9,""min"":12.3},""10"":{""avg"":12,""max"":19.6,""min"":5.7},""11"":{""avg"":4.4,""max"":11.3,""min"":-0.6},""12"":{""avg"":-0.4,""max"":4,""min"":-5.1}}","[""Short trip"",""Weekend""]",Budget,5,2,3,1,2,3,2,2,4,1,-0.4,2.0,8.7,16.7,23.0,28.5,30.2,26.3,20.1,12.0,4.4,-0.4,"['Short trip', 'Weekend']",0,1,1,0,0,2,-0.19778173408355124,-3.4127737349347096,Spokojne kierunki kulturowe
d827d6ed-6c6f-4ab0-b964-26a4defeedef,Belize City,Belize,north_america,"A vibrant mix of Caribbean charm and colonial history, with bustling markets, colorful streets, and the gentle sound of the sea nearby.",17.5002768,-88.1988737,"{""1"":{""avg"":24.6,""max"":28.5,""min"":21.3},""2"":{""avg"":25.5,""max"":29.2,""min"":22.2},""3"":{""avg"":26.8,""max"":30.3,""min"":23.4},""4"":{""avg"":28.2,""max"":31.6,""min"":24.8},""5"":{""avg"":29,""max"":32.3,""min"":25.8},""6"":{""avg"":29,""max"":32.3,""min"":25.9},""7"":{""avg"":29,""max"":31.9,""min"":25.7},""8"":{""avg"":29,""max"":32.2,""min"":25.3},""9"":{""avg"":28.8,""max"":32.2,""min"":25},""10"":{""avg"":27.6,""max"":31.4,""min"":24.1},""11"":{""avg"":26.2,""max"":29.8,""min"":22.6},""12"":{""avg"":25.2,""max"":28.6,""min"":21.3}}","[""Short trip"",""Weekend""]",Mid-range,3,4,4,3,3,4,3,3,2,2,24.6,25.5,26.8,28.2,29.0,29.0,29.0,29.0,28.8,27.6,26.2,25.2,"['Short trip', 'Weekend']",0,1,1,0,0,3,-0.3907433325101917,0.9141230273635053,"Plaże, natura i relaks"
e570ec15-1d11-49e6-8a55-1243633a8668,Harare,Zimbabwe,africa,"Vibrant streets filled with colorful markets, the scent of blooming jacarandas, and a lively atmosphere make every moment feel uniquely captivating.",-17.8567035,31.0601584,"{""1"":{""avg"":21.1,""max"":25.3,""min"":17.1},""2"":{""avg"":21.3,""max"":26.2,""min"":16.7},""3"":{""avg"":20.9,""max"":26.4,""min"":15.6},""4"":{""avg"":19.6,""max"":25.5,""min"":13.8},""5"":{""avg"":16.8,""max"":23.7,""min"":10.2},""6"":{""avg"":14.7,""max"":21.1,""min"":8.5},""7"":{""avg"":14.6,""max"":21.8,""min"":7.3},""8"":{""avg"":17.5,""max"":25.2,""min"":9.9},""9"":{""avg"":20.6,""max"":27.9,""min"":12.8},""10"":{""avg"":22.4,""max"":29,""min"":15},""11"":{""avg"":22.3,""max"":28.3,""min"":16.8},""12"":{""avg"":22.1,""max"":27.5,""min"":17.2}}","[""Short trip"",""One week""]",Budget,3,3,4,1,2,3,2,3,3,1,21.1,21.3,20.9,19.6,16.8,14.7,14.6,17.5,20.6,22.4,22.3,22.1,"['Short trip', 'One week']",0,0,1,1,0,2,-1.0265219652356825,-2.069231697308253,Spokojne kierunki kulturowe
60ee6bbb-54f1-495d-b0ce-8f6c4a73f6ab,Ubud,Indonesia,asia,"Lush rice terraces, serene temples, and a vibrant arts scene create a peaceful yet inspiring atmosphere perfect for rejuvenation and exploration.",-8.5068977,115.2622931,"{""1"":{""avg"":28,""max"":30.7,""min"":25.2},""2"":{""avg"":28,""max"":30.9,""min"":25.2},""3"":{""avg"":28.3,""max"":31.3,""min"":25.3},""4"":{""avg"":28.4,""max"":31.1,""min"":25.2},""5"":{""avg"":28,""max"":30.6,""min"":25.5},""6"":{""avg"":27.4,""max"":30,""min"":24.8},""7"":{""avg"":26.7,""max"":29.1,""min"":24.6},""8"":{""avg"":26.5,""max"":29.1,""min"":24.3},""9"":{""avg"":27.1,""max"":30,""min"":24.5},""10"":{""avg"":27.7,""max"":31,""min"":24.9},""11"":{""avg"":28.4,""max"":31.4,""min"":25.6},""12"":{""avg"":28.2,""max"":31.2,""min"":25.4}}","[""Short trip"",""Weekend"",""One week""]",Budget,4,3,5,2,2,4,5,2,4,1,28.0,28.0,28.3,28.4,28.0,27.4,26.7,26.5,27.1,27.7,28.4,28.2,"['Short trip', 'Weekend', 'One week']",0,1,1,1,0,3,-1.7161836077309356,1.2184570313724457,"Plaże, natura i relaks"
fae2433c-c914-436c-9b12-c733c2974ac8,Punta del Este,Uruguay,south_america,"Golden beaches meet vibrant nightlife, creating a lively yet laid-back atmosphere where ocean breezes, art, and music fill the air.",-34.9632342,-54.9439981,"{""1"":{""avg"":23.1,""max"":28.3,""min"":18.4},""2"":{""avg"":23,""max"":27.9,""min"":18.5},""3"":{""avg"":21.2,""max"":25.8,""min"":17.2},""4"":{""avg"":17.8,""max"":22.5,""min"":13.5},""5"":{""avg"":13.7,""max"":17.9,""min"":9.6},""6"":{""avg"":11.8,""max"":15.8,""min"":8},""7"":{""avg"":10.8,""max"":15.5,""min"":6.7},""8"":{""avg"":11.7,""max"":16.6,""min"":7.6},""9"":{""avg"":13.8,""max"":18.5,""min"":9.6},""10"":{""avg"":15.9,""max"":21,""min"":11.3},""11"":{""avg"":19.2,""max"":24.6,""min"":14.3},""12"":{""avg"":20.8,""max"":25.8,""min"":16.2}}","[""Short trip"",""Weekend"",""One week""]",Mid-range,3,3,3,5,5,4,3,4,2,2,23.1,23.0,21.2,17.8,13.7,11.8,10.8,11.7,13.8,15.9,19.2,20.8,"['Short trip', 'Weekend', 'One week']",0,1,1,1,0,1,1.45841493145628,2.0007536268726915,Miejskie i kulturowe
9a1ce654-b167-4225-b87a-49d78a91ca0b,Rapa Nui,Chile,south_america,"Mystical landscapes dotted with iconic stone statues create a serene yet awe-inspiring atmosphere, perfect for those seeking a unique cultural experience.",-27.1259317,-109.3495887,"{""1"":{""avg"":23.2,""max"":26.8,""min"":19.9},""2"":{""avg"":23.8,""max"":27.2,""min"":20.7},""3"":{""avg"":23.4,""max"":26.7,""min"":20.2},""4"":{""avg"":22.2,""max"":25.3,""min"":19.5},""5"":{""avg"":20.4,""max"":23.4,""min"":17.6},""6"":{""avg"":18.9,""max"":21.8,""min"":16.3},""7"":{""avg"":18.1,""max"":21.1,""min"":15.3},""8"":{""avg"":18.2,""max"":21.1,""min"":15.5},""9"":{""avg"":18.1,""max"":21.3,""min"":14.9},""10"":{""avg"":19.1,""max"":22.4,""min"":16.2},""11"":{""avg"":20.6,""max"":24,""min"":17.5},""12"":{""avg"":21.9,""max"":25.4,""min"":18.8}}","[""Long trip"",""One week""]",Luxury,5,3,4,3,2,3,2,1,5,3,23.2,23.8,23.4,22.2,20.4,18.9,18.1,18.2,18.1,19.1,20.6,21.9,"['Long trip', 'One week']",0,0,0,1,1,2,-2.0843357336543655,-2.3521401128424255,Spokojne kierunki kulturowe
6ce8aa84-b119-4e84-aaec-fc4a2471cc9e,Cork,Ireland,europe,"Charming streets lined with colorful shops and lively pubs create a welcoming vibe, while the nearby coast offers stunning natural beauty.",51.8985136,-8.4726423,"{""1"":{""avg"":5.9,""max"":8.2,""min"":3.4},""2"":{""avg"":6.3,""max"":8.8,""min"":3.6},""3"":{""avg"":6.5,""max"":10.2,""min"":3.4},""4"":{""avg"":8.6,""max"":11.9,""min"":5.5},""5"":{""avg"":11.3,""max"":15,""min"":8.1},""6"":{""avg"":13.8,""max"":17.5,""min"":10.4},""7"":{""avg"":15.3,""max"":19,""min"":11.9},""8"":{""avg"":15,""max"":18.5,""min"":11.7},""9"":{""avg"":13.3,""max"":16.5,""min"":10.2},""10"":{""avg"":10.9,""max"":13.5,""min"":8.2},""11"":{""avg"":8.1,""max"":10.4,""min"":5.6},""12"":{""avg"":7.1,""max"":9.2,""min"":4.6}}","[""Short trip"",""Weekend""]",Mid-range,4,3,4,2,3,4,3,3,3,2,5.9,6.3,6.5,8.6,11.3,13.8,15.3,15.0,13.3,10.9,8.1,7.1,"['Short trip', 'Weekend']",0,1,1,0,0,2,0.10756646877538119,-0.1966986441901999,Spokojne kierunki kulturowe
b6b694b6-df6b-4aa8-be96-478108285fba,Batumi,Georgia,asia,"A coastal city where lush green mountains meet the Black Sea, offering a blend of modern architecture and charming historic streets.",41.6509502,41.6360085,"{""1"":{""avg"":8.2,""max"":12.4,""min"":6},""2"":{""avg"":8.3,""max"":11.4,""min"":5.2},""3"":{""avg"":10.1,""max"":13.4,""min"":6.8},""4"":{""avg"":12.9,""max"":17.2,""min"":10.1},""5"":{""avg"":16.6,""max"":18.9,""min"":12.6},""6"":{""avg"":21.7,""max"":24.3,""min"":18.4},""7"":{""avg"":23.6,""max"":26.8,""min"":20.7},""8"":{""avg"":24.8,""max"":28.4,""min"":22.1},""9"":{""avg"":21.5,""max"":25.7,""min"":19},""10"":{""avg"":17,""max"":20.9,""min"":14.1},""11"":{""avg"":13,""max"":17.2,""min"":10.6},""12"":{""avg"":10.1,""max"":14.8,""min"":8.4}}","[""Short trip"",""One week"",""Weekend""]",Budget,3,3,4,4,3,4,3,3,2,1,8.2,8.3,10.1,12.9,16.6,21.7,23.6,24.8,21.5,17.0,13.0,10.1,"['Short trip', 'One week', 'Weekend']",0,1,1,1,0,3,-0.08385377642500719,0.8897155845473885,"Plaże, natura i relaks"
d0a7fef1-2591-401c-adb2-50b1a432982f,Vladivostok,Russia,asia,"Sweeping ocean views, bustling ports, and a mix of Russian and Asian influences create a dynamic and intriguing atmosphere.",43.1150678,131.8855768,"{""1"":{""avg"":-11.5,""max"":-7.3,""min"":-14.8},""2"":{""avg"":-7.6,""max"":-3.4,""min"":-11.2},""3"":{""avg"":0,""max"":4.2,""min"":-3.3},""4"":{""avg"":6.2,""max"":10.6,""min"":2.9},""5"":{""avg"":11.2,""max"":15.9,""min"":7.9},""6"":{""avg"":14.5,""max"":18,""min"":12.1},""7"":{""avg"":19.5,""max"":22.9,""min"":17.4},""8"":{""avg"":20.7,""max"":23.7,""min"":18.6},""9"":{""avg"":16.8,""max"":20.5,""min"":13.7},""10"":{""avg"":9.4,""max"":13.3,""min"":6},""11"":{""avg"":-0.7,""max"":2.8,""min"":-3.8},""12"":{""avg"":-9,""max"":-5.3,""min"":-12.2}}","[""One week"",""Short trip""]",Mid-range,4,3,4,2,3,3,2,3,3,2,-11.5,-7.6,0.0,6.2,11.2,14.5,19.5,20.7,16.8,9.4,-0.7,-9.0,"['One week', 'Short trip']",0,0,1,1,0,2,-0.32850424448578736,-1.5483064322075408,Spokojne kierunki kulturowe
d908e2d3-b5f2-47d7-9cfc-836e69d13fcb,Murmansk,Russia,asia,"Cold winds sweep across the Arctic landscape, where northern lights dance in the sky and the stark beauty of nature feels otherworldly.",68.970665,33.07497,"{""1"":{""avg"":-12.1,""max"":-7.2,""min"":-15.2},""2"":{""avg"":-8.7,""max"":-5.1,""min"":-11.7},""3"":{""avg"":-4.9,""max"":-1.2,""min"":-8.2},""4"":{""avg"":-0.2,""max"":3.1,""min"":-3.4},""5"":{""avg"":5.7,""max"":9.8,""min"":1.8},""6"":{""avg"":10.6,""max"":15.2,""min"":6.4},""7"":{""avg"":14.5,""max"":19.2,""min"":10.2},""8"":{""avg"":12.6,""max"":16.9,""min"":8.9},""9"":{""avg"":8.3,""max"":11.8,""min"":5.6},""10"":{""avg"":1.6,""max"":4,""min"":-0.1},""11"":{""avg"":-4,""max"":-1.3,""min"":-6.1},""12"":{""avg"":-8.7,""max"":-4.5,""min"":-11.5}}","[""One week"",""Short trip""]",Mid-range,3,3,4,1,2,2,2,3,4,2,-12.1,-8.7,-4.9,-0.2,5.7,10.6,14.5,12.6,8.3,1.6,-4.0,-8.7,"['One week', 'Short trip']",0,0,1,1,0,2,-1.957642411264016,-2.5985747298900717,Spokojne kierunki kulturowe
5e7318b5-3cc9-462e-b9df-7c6f7bec1885,Moscow,Russia,asia,"Grand architecture, vibrant streets, and a rich cultural tapestry create a dynamic atmosphere where history and modern life intertwine seamlessly.",55.625578,37.6063916,"{""1"":{""avg"":-5.8,""max"":-3.7,""min"":-8.1},""2"":{""avg"":-4.5,""max"":-1.9,""min"":-7.2},""3"":{""avg"":-0.1,""max"":3.6,""min"":-3.9},""4"":{""avg"":7.1,""max"":11.8,""min"":2.4},""5"":{""avg"":12.9,""max"":18.1,""min"":7.5},""6"":{""avg"":18.5,""max"":22.9,""min"":12.4},""7"":{""avg"":19.3,""max"":24.1,""min"":14.5},""8"":{""avg"":18.8,""max"":23.7,""min"":13.6},""9"":{""avg"":12.8,""max"":17.5,""min"":8.8},""10"":{""avg"":6.4,""max"":9.4,""min"":3.3},""11"":{""avg"":0.2,""max"":2,""min"":-1.8},""12"":{""avg"":-3.5,""max"":-1.7,""min"":-5.4}}","[""One week"",""Short trip""]",Mid-range,5,3,2,1,4,4,3,5,2,2,-5.8,-4.5,-0.1,7.1,12.9,18.5,19.3,18.8,12.8,6.4,0.2,-3.5,"['One week', 'Short trip']",0,0,1,1,0,1,3.1433347310892317,-0.4107883237502711,Miejskie i kulturowe
4bea1fd4-279e-4e2b-a602-f408dbce9017,St Petersburg,Russia,asia,"Grand palaces and winding canals create an enchanting atmosphere, where every corner reveals rich history and artistic treasures.",59.9606739,30.1586551,"{""1"":{""avg"":-4.5,""max"":-2,""min"":-6.9},""2"":{""avg"":-3.3,""max"":-0.7,""min"":-5.6},""3"":{""avg"":0.3,""max"":3.9,""min"":-2.7},""4"":{""avg"":5.2,""max"":9.6,""min"":1.6},""5"":{""avg"":11.8,""max"":16.8,""min"":7.3},""6"":{""avg"":17.2,""max"":21.9,""min"":12.8},""7"":{""avg"":18.6,""max"":23,""min"":14.9},""8"":{""avg"":17.7,""max"":22.4,""min"":14.1},""9"":{""avg"":13,""max"":17,""min"":9.9},""10"":{""avg"":6.4,""max"":9.3,""min"":4.3},""11"":{""avg"":1.5,""max"":3.4,""min"":-0.1},""12"":{""avg"":-2,""max"":0,""min"":-3.9}}","[""Short trip"",""Weekend"",""One week""]",Mid-range,5,2,3,1,4,4,3,5,2,2,-4.5,-3.3,0.3,5.2,11.8,17.2,18.6,17.7,13.0,6.4,1.5,-2.0,"['Short trip', 'Weekend', 'One week']",0,1,1,1,0,1,3.1094343864661296,-0.5928540919201771,Miejskie i kulturowe
e10d6c97-8c49-40ca-a97e-231b750532aa,Caye Caulker,Belize,north_america,"Charming sandy streets, vibrant Caribbean colors, and a laid-back vibe invite you to unwind and soak up the island's easygoing atmosphere.",17.7395148,-88.0336867,"{""1"":{""avg"":24.6,""max"":28.5,""min"":21.3},""2"":{""avg"":25.6,""max"":29.2,""min"":22.3},""3"":{""avg"":26.8,""max"":30.4,""min"":23.4},""4"":{""avg"":28.1,""max"":31.6,""min"":24.6},""5"":{""avg"":29,""max"":32.3,""min"":25.8},""6"":{""avg"":29,""max"":32.3,""min"":25.9},""7"":{""avg"":29,""max"":31.9,""min"":25.7},""8"":{""avg"":29,""max"":32.2,""min"":25.3},""9"":{""avg"":28.8,""max"":32.2,""min"":25},""10"":{""avg"":27.6,""max"":31.4,""min"":24.1},""11"":{""avg"":26.2,""max"":29.8,""min"":22.6},""12"":{""avg"":25.2,""max"":28.6,""min"":21.3}}","[""Short trip"",""Weekend""]",Budget,3,4,4,4,3,4,3,2,4,1,24.6,25.6,26.8,28.1,29.0,29.0,29.0,29.0,28.8,27.6,26.2,25.2,"['Short trip', 'Weekend']",0,1,1,0,0,3,-1.7441240459355611,0.9055814420101207,"Plaże, natura i relaks"
b4e893fc-27d3-47c4-be88-098db36c1cb7,Fort Lauderdale,United States,north_america,"Palm-lined beaches and vibrant nightlife create an inviting atmosphere, where the gentle ocean breeze and warm sun make relaxation effortless.",26.1223084,-80.1433786,"{""1"":{""avg"":20.4,""max"":24.5,""min"":16.3},""2"":{""avg"":22.3,""max"":26.1,""min"":18.8},""3"":{""avg"":23.4,""max"":27.4,""min"":19.7},""4"":{""avg"":25.4,""max"":28.9,""min"":22.1},""5"":{""avg"":26.7,""max"":30.2,""min"":23.6},""6"":{""avg"":28.1,""max"":31.6,""min"":25},""7"":{""avg"":29,""max"":32.5,""min"":25.9},""8"":{""avg"":29.1,""max"":32.5,""min"":25.9},""9"":{""avg"":28.3,""max"":31.8,""min"":25.2},""10"":{""avg"":26.9,""max"":30.1,""min"":24},""11"":{""avg"":24.4,""max"":27.7,""min"":21.2},""12"":{""avg"":22.4,""max"":26,""min"":19}}","[""Short trip"",""Weekend"",""One week""]",Mid-range,3,3,3,5,4,4,4,4,2,2,20.4,22.3,23.4,25.4,26.7,28.1,29.0,29.1,28.3,26.9,24.4,22.4,"['Short trip', 'Weekend', 'One week']",0,1,1,1,0,3,0.9888109964753502,2.5320181382044993,"Plaże, natura i relaks"
0bd0743b-8e3c-49d4-8024-bd412f9732fa,Abu Dhabi,United Arab Emirates,middle_east,"Modern skyscrapers meet serene desert landscapes, offering a blend of luxury and tradition with vibrant souks and stunning coastal views.",24.4538352,54.3774014,"{""1"":{""avg"":20.5,""max"":24.6,""min"":16.8},""2"":{""avg"":21.6,""max"":26.2,""min"":17.8},""3"":{""avg"":24.6,""max"":30,""min"":20.4},""4"":{""avg"":28.5,""max"":34.4,""min"":24},""5"":{""avg"":32.5,""max"":38.9,""min"":27.6},""6"":{""avg"":34.9,""max"":41.3,""min"":30.5},""7"":{""avg"":36.8,""max"":42.7,""min"":32.6},""8"":{""avg"":36.5,""max"":42.7,""min"":32.6},""9"":{""avg"":34.4,""max"":40.4,""min"":30.3},""10"":{""avg"":31.2,""max"":35.9,""min"":27.2},""11"":{""avg"":26.9,""max"":31,""min"":22.9},""12"":{""avg"":22.6,""max"":26.6,""min"":18.8}}","[""Short trip"",""One week""]",Luxury,4,3,3,4,3,4,4,5,2,3,20.5,21.6,24.6,28.5,32.5,34.9,36.8,36.5,34.4,31.2,26.9,22.6,"['Short trip', 'One week']",0,0,1,1,0,1,1.521962926152116,1.6609942180354895,Miejskie i kulturowe
88216c54-79d7-4a01-92ed-307521f5e34a,Casablanca,Morocco,africa,"Vibrant markets, aromatic spices, and stunning architecture create an inviting atmosphere, blending modern energy with rich cultural heritage.",33.5945144,-7.6200284,"{""1"":{""avg"":14.3,""max"":19.2,""min"":8.8},""2"":{""avg"":14.9,""max"":19.6,""min"":11.1},""3"":{""avg"":16.1,""max"":19.8,""min"":11.7},""4"":{""avg"":18.2,""max"":21.5,""min"":13.9},""5"":{""avg"":20.3,""max"":24,""min"":16.2},""6"":{""avg"":22.1,""max"":25.2,""min"":18.6},""7"":{""avg"":23.9,""max"":27.4,""min"":20.9},""8"":{""avg"":24.4,""max"":27.9,""min"":21.1},""9"":{""avg"":23.2,""max"":26.8,""min"":19.8},""10"":{""avg"":21.4,""max"":25.5,""min"":17.1},""11"":{""avg"":17.7,""max"":22.4,""min"":13.2},""12"":{""avg"":15.6,""max"":20.3,""min"":10.2}}","[""Short trip"",""Weekend"",""One week""]",Budget,4,3,2,3,4,4,3,4,2,1,14.3,14.9,16.1,18.2,20.3,22.1,23.9,24.4,23.2,21.4,17.7,15.6,"['Short trip', 'Weekend', 'One week']",0,1,1,1,0,1,2.117081185831087,0.4181598359744781,Miejskie i kulturowe
06251f82-31e2-46f5-ab7d-63a93b3830eb,Meknes,Morocco,africa,Winding streets filled with the scent of spices and the sound of lively markets create a captivating and intimate experience.,33.8984131,-5.5321582,"{""1"":{""avg"":10.3,""max"":16.7,""min"":5.1},""2"":{""avg"":11.6,""max"":18.4,""min"":6.4},""3"":{""avg"":13.2,""max"":19.8,""min"":7.7},""4"":{""avg"":15.4,""max"":22,""min"":9.3},""5"":{""avg"":19.7,""max"":27.6,""min"":12.2},""6"":{""avg"":22.7,""max"":31.3,""min"":15.2},""7"":{""avg"":26.7,""max"":35.3,""min"":18.4},""8"":{""avg"":27,""max"":35.7,""min"":19.2},""9"":{""avg"":23.2,""max"":31.3,""min"":16.6},""10"":{""avg"":20.3,""max"":27,""min"":13.9},""11"":{""avg"":14.6,""max"":21.5,""min"":8.9},""12"":{""avg"":11.9,""max"":18.5,""min"":6.8}}","[""Short trip"",""Weekend""]",Budget,4,2,3,1,2,4,3,3,3,1,10.3,11.6,13.2,15.4,19.7,22.7,26.7,27.0,23.2,20.3,14.6,11.9,"['Short trip', 'Weekend']",0,1,1,0,0,2,0.6661855527070616,-1.5568740957395837,Spokojne kierunki kulturowe
8ef45676-53bf-4907-8ea1-b70c49ee8898,Gold Coast,Australia,oceania,"Endless beaches and vibrant nightlife create a lively yet laid-back vibe, with surfers and sun-seekers enjoying the warm, golden sands.",-28.0023731,153.4145987,"{""1"":{""avg"":24.6,""max"":29.1,""min"":21.9},""2"":{""avg"":24.6,""max"":29,""min"":22},""3"":{""avg"":23.7,""max"":28.3,""min"":21.3},""4"":{""avg"":21.1,""max"":26.4,""min"":18.4},""5"":{""avg"":18.4,""max"":23.8,""min"":15.5},""6"":{""avg"":16.6,""max"":21.7,""min"":12.9},""7"":{""avg"":15.8,""max"":21.5,""min"":12.1},""8"":{""avg"":16.8,""max"":22.8,""min"":12.8},""9"":{""avg"":18.5,""max"":24.2,""min"":15},""10"":{""avg"":20.5,""max"":25.6,""min"":17.1},""11"":{""avg"":22.2,""max"":27,""min"":19.1},""12"":{""avg"":23.9,""max"":28.3,""min"":20.7}}","[""Short trip"",""Weekend"",""One week""]",Mid-range,3,4,4,5,4,4,3,4,2,2,24.6,24.6,23.7,21.1,18.4,16.6,15.8,16.8,18.5,20.5,22.2,23.9,"['Short trip', 'Weekend', 'One week']",0,1,1,1,0,3,0.21662354840153383,2.188264627301457,"Plaże, natura i relaks"
72912524-0a45-40a7-8e75-2f149be0b5e1,Rarotonga,Cook Islands,oceania,"Lush green mountains meet crystal-clear lagoons, offering a tranquil escape where the gentle rhythm of island life captivates your senses.",-21.2368312,-159.7774744,"{""1"":{""avg"":26.6,""max"":29.1,""min"":23.9},""2"":{""avg"":26.8,""max"":29.7,""min"":23.9},""3"":{""avg"":26.9,""max"":30.1,""min"":23.8},""4"":{""avg"":26,""max"":29,""min"":23.1},""5"":{""avg"":24.8,""max"":27.7,""min"":22.2},""6"":{""avg"":23.6,""max"":26.8,""min"":20.6},""7"":{""avg"":22.9,""max"":26.1,""min"":20.5},""8"":{""avg"":22.7,""max"":25.9,""min"":19.9},""9"":{""avg"":23.1,""max"":26.1,""min"":20.3},""10"":{""avg"":23.4,""max"":26.6,""min"":20.5},""11"":{""avg"":24.6,""max"":27.3,""min"":21.8},""12"":{""avg"":25.7,""max"":28.5,""min"":23}}","[""Short trip"",""One week""]",Mid-range,3,4,5,5,2,3,4,2,5,2,26.6,26.8,26.9,26.0,24.8,23.6,22.9,22.7,23.1,23.4,24.6,25.7,"['Short trip', 'One week']",0,0,1,1,0,0,-3.687658949012905,1.4755198822277191,Natura i przygoda
7b82951d-8bf9-40b7-8a4f-f7c6c33a7839,Funafuti,Tuvalu,oceania,"Gentle sea breezes, vibrant sunsets, and the rhythmic sound of waves create a serene backdrop for a truly tranquil escape.",-8.5199633,179.1982548,"{""1"":{""avg"":29.2,""max"":31.8,""min"":26.2},""2"":{""avg"":28.8,""max"":31.3,""min"":25.8},""3"":{""avg"":29.2,""max"":32.2,""min"":26.6},""4"":{""avg"":29.2,""max"":32.4,""min"":26.7},""5"":{""avg"":29.3,""max"":32.6,""min"":27.1},""6"":{""avg"":29.2,""max"":32,""min"":27},""7"":{""avg"":28.9,""max"":31.6,""min"":26.6},""8"":{""avg"":28.8,""max"":31.6,""min"":26.2},""9"":{""avg"":29,""max"":31.7,""min"":26.6},""10"":{""avg"":29.1,""max"":32,""min"":26.2},""11"":{""avg"":29.2,""max"":32.2,""min"":26.4},""12"":{""avg"":29,""max"":31.8,""min"":25.8}}","[""Long trip"",""One week""]",Luxury,2,2,3,4,1,2,2,1,5,3,29.2,28.8,29.2,29.2,29.3,29.2,28.9,28.8,29.0,29.1,29.2,29.0,"['Long trip', 'One week']",0,0,0,1,1,0,-3.4621307940080293,-2.661592803906148,Natura i przygoda
495888ba-fda1-4ae8-9643-bf29a4d35783,Playa del Carmen,Mexico,north_america,"Sun-drenched beaches, vibrant nightlife, and a laid-back vibe create an inviting atmosphere perfect for both adventure and relaxation.",20.6308643,-87.0779503,"{""1"":{""avg"":24.7,""max"":29.2,""min"":20.6},""2"":{""avg"":25,""max"":29.6,""min"":20.7},""3"":{""avg"":26.4,""max"":31.7,""min"":21.9},""4"":{""avg"":27.3,""max"":32.3,""min"":22.8},""5"":{""avg"":28.7,""max"":33.4,""min"":24.9},""6"":{""avg"":28.3,""max"":32.2,""min"":25.2},""7"":{""avg"":29.1,""max"":33.2,""min"":25.3},""8"":{""avg"":28.8,""max"":33.3,""min"":24.8},""9"":{""avg"":28.2,""max"":32.7,""min"":24.4},""10"":{""avg"":27.4,""max"":31.4,""min"":24},""11"":{""avg"":26.2,""max"":30,""min"":22.9},""12"":{""avg"":25.2,""max"":29.8,""min"":21.1}}","[""Short trip"",""Weekend"",""One week""]",Mid-range,3,4,4,5,4,4,4,3,2,2,24.7,25.0,26.4,27.3,28.7,28.3,29.1,28.8,28.2,27.4,26.2,25.2,"['Short trip', 'Weekend', 'One week']",0,1,1,1,0,3,-0.27818527904795337,2.98088963322663,"Plaże, natura i relaks"
f71ebf76-ea24-4dab-b1c6-6cc7db2b1483,Sharm El Sheikh,Egypt,africa,Crystal-clear waters and vibrant coral reefs invite you to explore a world of underwater wonders while sun-drenched beaches promise pure relaxation.,27.8644422,34.295447,"{""1"":{""avg"":14.9,""max"":19.9,""min"":10.4},""2"":{""avg"":15.7,""max"":20.5,""min"":11},""3"":{""avg"":19.3,""max"":24.6,""min"":13.8},""4"":{""avg"":24.4,""max"":30.3,""min"":18.3},""5"":{""avg"":28.7,""max"":34.9,""min"":22.3},""6"":{""avg"":32.3,""max"":38.3,""min"":25.7},""7"":{""avg"":33,""max"":38.7,""min"":26.4},""8"":{""avg"":33,""max"":38.6,""min"":26.8},""9"":{""avg"":31,""max"":37,""min"":25.2},""10"":{""avg"":26.4,""max"":32.5,""min"":21.1},""11"":{""avg"":20.8,""max"":26.3,""min"":16},""12"":{""avg"":16.7,""max"":21.9,""min"":12}}","[""Short trip"",""Weekend"",""One week""]",Mid-range,3,4,4,5,4,3,4,3,3,2,14.9,15.7,19.3,24.4,28.7,32.3,33.0,33.0,31.0,26.4,20.8,16.7,"['Short trip', 'Weekend', 'One week']",0,1,1,1,0,3,-1.2093057250762873,2.4515466006448117,"Plaże, natura i relaks"
6565952d-672a-454a-9ca8-9734f890f4f8,Ayers Rock,Australia,oceania,"The vast, red desert landscape offers a profound sense of solitude, with breathtaking sunsets and the spiritual aura of ancient rock formations.",-25.3455545,131.0369615,"{""1"":{""avg"":31.1,""max"":38.4,""min"":23.8},""2"":{""avg"":30.8,""max"":38.4,""min"":22.7},""3"":{""avg"":28.3,""max"":36,""min"":21.1},""4"":{""avg"":22.2,""max"":30.2,""min"":15},""5"":{""avg"":17.1,""max"":24.3,""min"":9.3},""6"":{""avg"":13.6,""max"":20.9,""min"":5.7},""7"":{""avg"":13.6,""max"":21.7,""min"":4.6},""8"":{""avg"":17.1,""max"":24.8,""min"":6.8},""9"":{""avg"":21,""max"":28.7,""min"":11.2},""10"":{""avg"":25.2,""max"":33.3,""min"":16.2},""11"":{""avg"":26.2,""max"":35.3,""min"":19.2},""12"":{""avg"":29.8,""max"":37.6,""min"":22}}","[""Short trip"",""One week""]",Luxury,4,4,5,1,1,2,3,1,5,3,31.1,30.8,28.3,22.2,17.1,13.6,13.6,17.1,21.0,25.2,26.2,29.8,"['Short trip', 'One week']",0,0,1,1,0,0,-4.122139195297693,-2.1227305747139185,Natura i przygoda
6eadd02d-f32c-417c-bb80-d060574854dc,Moorea,French Polynesia,oceania,"Lush green mountains meet turquoise lagoons, creating a serene paradise where gentle ocean breezes and vibrant coral reefs invite endless exploration.",-17.533306,-149.8386006,"{""1"":{""avg"":26.8,""max"":30.9,""min"":22.2},""2"":{""avg"":27.2,""max"":31.2,""min"":23.1},""3"":{""avg"":27.4,""max"":31.6,""min"":24.8},""4"":{""avg"":27.2,""max"":31.2,""min"":24.7},""5"":{""avg"":26.9,""max"":30.6,""min"":23.9},""6"":{""avg"":26,""max"":29.6,""min"":22.8},""7"":{""avg"":25.5,""max"":29.2,""min"":22},""8"":{""avg"":25.3,""max"":28.9,""min"":22},""9"":{""avg"":25.7,""max"":29.2,""min"":22.2},""10"":{""avg"":26.1,""max"":29.6,""min"":22.9},""11"":{""avg"":27,""max"":30.3,""min"":23.8},""12"":{""avg"":27.3,""max"":30.9,""min"":23.7}}","[""Short trip"",""One week""]",Luxury,3,4,5,5,2,4,5,2,4,3,26.8,27.2,27.4,27.2,26.9,26.0,25.5,25.3,25.7,26.1,27.0,27.3,"['Short trip', 'One week']",0,0,1,1,0,3,-2.8340511330640195,2.9410408299963047,"Plaże, natura i relaks"
79ef5aa6-228e-4206-b00a-c78d150de33f,Salzburg,Austria,europe,"Charming cobblestone streets lead to stunning baroque architecture and cozy coffeehouses, creating a warm, inviting atmosphere that's both historic and lively.",47.7981346,13.0464806,"{""1"":{""avg"":0.8,""max"":4.5,""min"":-2.5},""2"":{""avg"":3,""max"":7.7,""min"":-0.8},""3"":{""avg"":5.7,""max"":11.6,""min"":1},""4"":{""avg"":10,""max"":15.7,""min"":4.8},""5"":{""avg"":14,""max"":19.3,""min"":9},""6"":{""avg"":19,""max"":24.7,""min"":13.7},""7"":{""avg"":20.3,""max"":25.8,""min"":15.2},""8"":{""avg"":20,""max"":25.7,""min"":15},""9"":{""avg"":15.2,""max"":20.7,""min"":10.7},""10"":{""avg"":11.1,""max"":16.2,""min"":7.1},""11"":{""avg"":5.3,""max"":9.2,""min"":2.1},""12"":{""avg"":2.2,""max"":5.5,""min"":-0.8}}","[""Short trip"",""Weekend"",""One week""]",Mid-range,5,3,4,1,3,4,3,3,3,2,0.8,3.0,5.7,10.0,14.0,19.0,20.3,20.0,15.2,11.1,5.3,2.2,"['Short trip', 'Weekend', 'One week']",0,1,1,1,0,2,0.6155135059835892,-0.8063620697658448,Spokojne kierunki kulturowe
c0890bb0-1dc1-44ea-aaae-323f7eae6891,Turin,Italy,europe,"Strolling through elegant piazzas and baroque architecture, you'll feel the city's rich history and vibrant cultural scene come alive around you.",45.0677551,7.6824892,"{""1"":{""avg"":3.1,""max"":8,""min"":-0.7},""2"":{""avg"":5.4,""max"":10.7,""min"":1.2},""3"":{""avg"":7.8,""max"":11,""min"":5.6},""4"":{""avg"":12.6,""max"":17.8,""min"":7.6},""5"":{""avg"":15.7,""max"":20.3,""min"":11.5},""6"":{""avg"":21.4,""max"":26.5,""min"":16.4},""7"":{""avg"":24.2,""max"":29.2,""min"":19.3},""8"":{""avg"":23.4,""max"":28.6,""min"":18.9},""9"":{""avg"":19.1,""max"":24.1,""min"":14.8},""10"":{""avg"":13.9,""max"":18.4,""min"":10.2},""11"":{""avg"":7.9,""max"":12.5,""min"":4.6},""12"":{""avg"":3.1,""max"":8.5,""min"":-0.8}}","[""Short trip"",""Weekend"",""One week""]",Mid-range,5,2,3,1,3,4,3,4,2,2,3.1,5.4,7.8,12.6,15.7,21.4,24.2,23.4,19.1,13.9,7.9,3.1,"['Short trip', 'Weekend', 'One week']",0,1,1,1,0,1,2.3000468841946096,-1.1413204050367312,Miejskie i kulturowe
7f89f78c-acd0-4474-ba0b-f5a3480265f7,Lugano,Switzerland,europe,"Nestled by a serene lake and surrounded by lush mountains, this charming spot offers a delightful blend of Swiss and Italian cultures.",46.0050102,8.9520281,"{""1"":{""avg"":3.7,""max"":8.4,""min"":1.7},""2"":{""avg"":5.9,""max"":10.4,""min"":3.1},""3"":{""avg"":8.9,""max"":13.7,""min"":5.6},""4"":{""avg"":12.6,""max"":17.4,""min"":8.7},""5"":{""avg"":16.4,""max"":20.9,""min"":12.5},""6"":{""avg"":21.4,""max"":26.1,""min"":16.9},""7"":{""avg"":23.9,""max"":28.8,""min"":19.1},""8"":{""avg"":22.9,""max"":27.9,""min"":18.5},""9"":{""avg"":18.4,""max"":23.1,""min"":14.9},""10"":{""avg"":13.6,""max"":18.1,""min"":10.9},""11"":{""avg"":7.9,""max"":12.4,""min"":6},""12"":{""avg"":4,""max"":9,""min"":2.7}}","[""Short trip"",""Weekend"",""One week""]",Luxury,3,3,5,2,3,4,4,3,4,3,3.7,5.9,8.9,12.6,16.4,21.4,23.9,22.9,18.4,13.6,7.9,4.0,"['Short trip', 'Weekend', 'One week']",0,1,1,1,0,3,-1.2362202019082782,1.077571211467178,"Plaże, natura i relaks"
d1bd5b72-0b5f-4968-98c8-c7433fc121e3,Goa,India,asia,"Golden beaches stretch endlessly alongside vibrant markets and aromatic spice-scented air, offering a perfect blend of relaxation and lively culture.",15.3004543,74.0855134,"{""1"":{""avg"":26,""max"":31.5,""min"":21},""2"":{""avg"":27,""max"":32.2,""min"":22.2},""3"":{""avg"":28.2,""max"":32.6,""min"":24.5},""4"":{""avg"":29.5,""max"":33.2,""min"":26.5},""5"":{""avg"":29.8,""max"":33.3,""min"":26.8},""6"":{""avg"":27.7,""max"":30.2,""min"":25.4},""7"":{""avg"":26.5,""max"":28.5,""min"":24.7},""8"":{""avg"":26.5,""max"":28.7,""min"":24.8},""9"":{""avg"":26.8,""max"":29.3,""min"":24.6},""10"":{""avg"":27.8,""max"":31.8,""min"":24.7},""11"":{""avg"":28.1,""max"":33,""min"":24.1},""12"":{""avg"":27.1,""max"":32.5,""min"":22.5}}","[""Short trip"",""Weekend"",""One week""]",Mid-range,4,4,3,5,5,4,3,3,3,2,26.0,27.0,28.2,29.5,29.8,27.7,26.5,26.5,26.8,27.8,28.1,27.1,"['Short trip', 'Weekend', 'One week']",0,1,1,1,0,3,0.6226184911617538,1.8837068619217223,"Plaże, natura i relaks"
c2007531-2344-4045-bc8e-c7785475829f,Islamabad,Pakistan,asia,"Serene tree-lined streets, vibrant markets, and stunning views of the Margalla Hills offer a peaceful yet dynamic experience.",33.6938118,73.0651511,"{""1"":{""avg"":10.8,""max"":16.9,""min"":5},""2"":{""avg"":14.4,""max"":20.7,""min"":8.2},""3"":{""avg"":18.7,""max"":24.6,""min"":13.2},""4"":{""avg"":24,""max"":30.3,""min"":17.9},""5"":{""avg"":28.8,""max"":34.9,""min"":21.8},""6"":{""avg"":31.3,""max"":37.5,""min"":24.7},""7"":{""avg"":29.9,""max"":34.6,""min"":25.2},""8"":{""avg"":29.4,""max"":33.9,""min"":24.9},""9"":{""avg"":28.2,""max"":33.6,""min"":23.3},""10"":{""avg"":23.5,""max"":30,""min"":17},""11"":{""avg"":16.8,""max"":23.7,""min"":11.2},""12"":{""avg"":12,""max"":19.2,""min"":5.7}}","[""Short trip"",""Weekend"",""One week""]",Mid-range,4,3,5,1,2,4,3,3,4,2,10.8,14.4,18.7,24.0,28.8,31.3,29.9,29.4,28.2,23.5,16.8,12.0,"['Short trip', 'Weekend', 'One week']",0,1,1,1,0,2,-1.042851839522103,-0.873183533150193,Spokojne kierunki kulturowe
f887e88d-fece-4030-904c-244950c2fbcc,Fortaleza,Brazil,south_america,"Golden beaches with rolling waves, bustling markets, and vibrant nightlife create an energetic blend of relaxation and excitement.",-3.7304512,-38.5217989,"{""1"":{""avg"":27.9,""max"":30.4,""min"":25.5},""2"":{""avg"":27.8,""max"":30.5,""min"":25.3},""3"":{""avg"":27.5,""max"":30.4,""min"":24.9},""4"":{""avg"":27.6,""max"":30.4,""min"":24.8},""5"":{""avg"":27.7,""max"":30.5,""min"":25},""6"":{""avg"":27.4,""max"":30.2,""min"":24.6},""7"":{""avg"":27.1,""max"":30.4,""min"":24.2},""8"":{""avg"":27.2,""max"":30.5,""min"":24.3},""9"":{""avg"":27.5,""max"":30.8,""min"":25},""10"":{""avg"":27.9,""max"":30.9,""min"":25.5},""11"":{""avg"":28.2,""max"":31.2,""min"":25.9},""12"":{""avg"":28.3,""max"":31.1,""min"":26.2}}","[""Short trip"",""Weekend"",""One week""]",Mid-range,3,4,3,5,4,4,3,3,2,2,27.9,27.8,27.5,27.6,27.7,27.4,27.1,27.2,27.5,27.9,28.2,28.3,"['Short trip', 'Weekend', 'One week']",0,1,1,1,0,3,0.2411275624196784,1.839532399982953,"Plaże, natura i relaks"
a0ed4dcc-c815-4220-9b1b-c248ca8d7fbb,Antofagasta,Chile,south_america,"A coastal city where the desert meets the sea, offering dramatic landscapes, vibrant sunsets, and a unique blend of tranquility and adventure.",-23.6463741,-70.3980033,"{""1"":{""avg"":20.2,""max"":22.8,""min"":17.5},""2"":{""avg"":20.7,""max"":23.6,""min"":18.1},""3"":{""avg"":19.3,""max"":22.4,""min"":16.7},""4"":{""avg"":17.5,""max"":20.4,""min"":15},""5"":{""avg"":15.7,""max"":18.4,""min"":13.6},""6"":{""avg"":14.6,""max"":17.4,""min"":12.7},""7"":{""avg"":14.1,""max"":16.4,""min"":12.4},""8"":{""avg"":14.3,""max"":16.9,""min"":12.7},""9"":{""avg"":14.7,""max"":17.2,""min"":13.3},""10"":{""avg"":15.4,""max"":17.8,""min"":14.1},""11"":{""avg"":17.1,""max"":19.5,""min"":15.4},""12"":{""avg"":18.6,""max"":21,""min"":16.5}}","[""Short trip"",""Weekend""]",Mid-range,3,3,4,3,2,3,2,3,3,2,20.2,20.7,19.3,17.5,15.7,14.6,14.1,14.3,14.7,15.4,17.1,18.6,"['Short trip', 'Weekend']",0,1,1,0,0,2,-1.2285425865954767,-1.3435564104868554,Spokojne kierunki kulturowe
28ca3ed6-f676-4afa-aee0-6e51a6d14664,Bariloche,Argentina,south_america,Lakeside vistas and snow-capped mountains create a serene backdrop for outdoor adventures and cozy evenings in charming alpine-style lodges.,-41.1334781,-71.3101474,"{""1"":{""avg"":15.9,""max"":24.8,""min"":7.4},""2"":{""avg"":15.9,""max"":25,""min"":7.6},""3"":{""avg"":12.6,""max"":20.9,""min"":4.9},""4"":{""avg"":8.8,""max"":16.2,""min"":2.8},""5"":{""avg"":5.4,""max"":10.8,""min"":0.1},""6"":{""avg"":3.1,""max"":7.7,""min"":-1.1},""7"":{""avg"":2.1,""max"":6.9,""min"":-2.3},""8"":{""avg"":3.5,""max"":9.5,""min"":-1.3},""9"":{""avg"":5.5,""max"":11.9,""min"":-0.2},""10"":{""avg"":8,""max"":16.3,""min"":1.8},""11"":{""avg"":11.5,""max"":19.1,""min"":4.7},""12"":{""avg"":14.2,""max"":23.1,""min"":5.8}}","[""Short trip"",""Long trip"",""One week""]",Mid-range,3,5,5,2,3,4,3,3,4,2,15.9,15.9,12.6,8.8,5.4,3.1,2.1,3.5,5.5,8.0,11.5,14.2,"['Short trip', 'Long trip', 'One week']",0,0,1,1,1,0,-1.9745073053589928,0.9158834687340427,Natura i przygoda
b27904ec-af5d-44aa-aa43-0b1a133d65af,Quebec City,Canada,north_america,"Cobblestone streets and historic architecture create a charming old-world atmosphere, with lively festivals and cozy bistros offering a warm, inviting experience.",46.8137431,-71.2084061,"{""1"":{""avg"":-9.4,""max"":-5.7,""min"":-13.5},""2"":{""avg"":-9.1,""max"":-4.4,""min"":-13.9},""3"":{""avg"":-3.5,""max"":1,""min"":-7.7},""4"":{""avg"":3.9,""max"":7.8,""min"":-0.7},""5"":{""avg"":12.6,""max"":18,""min"":6.9},""6"":{""avg"":17.4,""max"":22.3,""min"":11.9},""7"":{""avg"":20.7,""max"":25.7,""min"":15.1},""8"":{""avg"":19.8,""max"":24.4,""min"":14.4},""9"":{""avg"":15.8,""max"":20.2,""min"":10.1},""10"":{""avg"":8.5,""max"":12.6,""min"":4},""11"":{""avg"":1.3,""max"":4.1,""min"":-2.6},""12"":{""avg"":-5.1,""max"":-2.2,""min"":-8.7}}","[""Short trip"",""Weekend"",""One week""]",Mid-range,5,3,4,2,3,4,3,4,3,2,-9.4,-9.1,-3.5,3.9,12.6,17.4,20.7,19.8,15.8,8.5,1.3,-5.1,"['Short trip', 'Weekend', 'One week']",0,1,1,1,0,1,0.9317993926737308,-0.29997151709355097,Miejskie i kulturowe
4923888e-b4bc-45ef-a085-8d4d0b63e467,Zion National Park,United States,north_america,"Towering red rock cliffs and serene hiking trails offer a breathtaking escape into nature, where every turn reveals a stunning new vista.",37.3247408,-113.0048036,"{""1"":{""avg"":1.6,""max"":9.4,""min"":-5.1},""2"":{""avg"":3.5,""max"":11.8,""min"":-4.6},""3"":{""avg"":6.7,""max"":14.1,""min"":-0.5},""4"":{""avg"":12.6,""max"":21.6,""min"":2.3},""5"":{""avg"":18,""max"":27.5,""min"":6},""6"":{""avg"":24.5,""max"":33.9,""min"":12},""7"":{""avg"":28.1,""max"":37.5,""min"":17},""8"":{""avg"":25.4,""max"":34.9,""min"":16.3},""9"":{""avg"":20.9,""max"":30.4,""min"":11.7},""10"":{""avg"":14.7,""max"":23.5,""min"":6.2},""11"":{""avg"":6.1,""max"":15.6,""min"":-2},""12"":{""avg"":2.6,""max"":10.7,""min"":-4.2}}","[""Short trip"",""One week""]",Mid-range,2,5,5,1,1,2,3,1,4,2,1.6,3.5,6.7,12.6,18.0,24.5,28.1,25.4,20.9,14.7,6.1,2.6,"['Short trip', 'One week']",0,0,1,1,0,0,-4.92637541243168,-1.1279207644059663,Natura i przygoda
b2526d16-e196-4310-bfc1-11132b7609c4,Espiritu Santo,Vanuatu,oceania,"Lush rainforests, crystal-clear waters, and vibrant coral reefs create an idyllic setting for adventure and relaxation on this tropical island.",-15.1563411,167.0510705,"{""1"":{""avg"":27.3,""max"":31,""min"":23.4},""2"":{""avg"":27.4,""max"":31,""min"":23.6},""3"":{""avg"":27,""max"":30.4,""min"":23.4},""4"":{""avg"":27.1,""max"":30.4,""min"":23.5},""5"":{""avg"":26.2,""max"":29,""min"":22.8},""6"":{""avg"":25.6,""max"":28.4,""min"":22.7},""7"":{""avg"":25.2,""max"":28.1,""min"":22.3},""8"":{""avg"":24.9,""max"":27.8,""min"":22.2},""9"":{""avg"":25.4,""max"":28.5,""min"":22.5},""10"":{""avg"":26.1,""max"":29.3,""min"":22.8},""11"":{""avg"":26.8,""max"":30,""min"":23.4},""12"":{""avg"":27.3,""max"":31,""min"":23.3}}","[""Short trip"",""One week""]",Mid-range,3,4,5,5,2,3,3,1,4,2,27.3,27.4,27.0,27.1,26.2,25.6,25.2,24.9,25.4,26.1,26.8,27.3,"['Short trip', 'One week']",0,0,1,1,0,0,-3.6099054136157784,0.5097022175306019,Natura i przygoda
613265cd-5dfd-43b3-9488-b02ba5f760bb,Kota Kinabalu,Malaysia,asia,"Lush rainforests meet vibrant city life, offering a blend of natural wonders and cultural richness that invites exploration and adventure.",5.9780066,116.0728988,"{""1"":{""avg"":27.3,""max"":31.5,""min"":24.2},""2"":{""avg"":27.3,""max"":31.4,""min"":23.8},""3"":{""avg"":27.7,""max"":32,""min"":24.3},""4"":{""avg"":28.5,""max"":33.2,""min"":25},""5"":{""avg"":28.8,""max"":33.5,""min"":25.4},""6"":{""avg"":28.1,""max"":32.6,""min"":24.8},""7"":{""avg"":27.9,""max"":32.6,""min"":24.4},""8"":{""avg"":28,""max"":32.6,""min"":24.5},""9"":{""avg"":27.7,""max"":32,""min"":24.4},""10"":{""avg"":27.6,""max"":31.8,""min"":24.5},""11"":{""avg"":27.6,""max"":32.1,""min"":24.4},""12"":{""avg"":27.5,""max"":31.7,""min"":24.3}}","[""Short trip"",""Weekend"",""One week""]",Mid-range,3,4,5,4,3,4,3,3,3,2,27.3,27.3,27.7,28.5,28.8,28.1,27.9,28.0,27.7,27.6,27.6,27.5,"['Short trip', 'Weekend', 'One week']",0,1,1,1,0,3,-1.351090957265989,1.3682268290798696,"Plaże, natura i relaks"
39cf77ac-c2a3-4cb1-ae25-c7cb07c122ea,Lake Tahoe,United States,north_america,"Pristine blue waters surrounded by towering pines and mountains create a serene escape, perfect for both adventure and relaxation in nature's embrace.",39.0885405,-120.0503528,"{""1"":{""avg"":-1.6,""max"":5.5,""min"":-7.7},""2"":{""avg"":-0.2,""max"":7.8,""min"":-7.5},""3"":{""avg"":3,""max"":10.4,""min"":-4},""4"":{""avg"":5.3,""max"":13,""min"":-2.9},""5"":{""avg"":8.8,""max"":16.8,""min"":0},""6"":{""avg"":14.8,""max"":23.9,""min"":4.1},""7"":{""avg"":18.3,""max"":28.1,""min"":6.9},""8"":{""avg"":17.3,""max"":27.2,""min"":6},""9"":{""avg"":13.8,""max"":24.1,""min"":3},""10"":{""avg"":8.1,""max"":18.3,""min"":-1.4},""11"":{""avg"":1.3,""max"":9.6,""min"":-5.9},""12"":{""avg"":-1,""max"":5.9,""min"":-7.4}}","[""Short trip"",""Weekend"",""One week""]",Luxury,2,5,5,3,3,3,4,2,4,3,-1.6,-0.2,3.0,5.3,8.8,14.8,18.3,17.3,13.8,8.1,1.3,-1.0,"['Short trip', 'Weekend', 'One week']",0,1,1,1,0,0,-3.4908465133573054,1.902742027404286,Natura i przygoda
cfa715d4-a4bc-4098-a4a0-4f1908b7d31e,Antalya,Turkey,asia,"Sun-drenched beaches meet ancient ruins and bustling bazaars, offering a blend of relaxation and cultural exploration in a picturesque coastal setting.",36.8865728,30.7030242,"{""1"":{""avg"":10.9,""max"":15.6,""min"":7.3},""2"":{""avg"":11.8,""max"":16.3,""min"":7.5},""3"":{""avg"":14,""max"":18.7,""min"":9.4},""4"":{""avg"":17.6,""max"":22.2,""min"":12.8},""5"":{""avg"":21.7,""max"":26.4,""min"":17.4},""6"":{""avg"":25.9,""max"":30.8,""min"":21.3},""7"":{""avg"":30.1,""max"":35.4,""min"":25.4},""8"":{""avg"":29.5,""max"":34.2,""min"":25},""9"":{""avg"":26.7,""max"":31.7,""min"":22},""10"":{""avg"":22.2,""max"":27.8,""min"":17.5},""11"":{""avg"":16.8,""max"":22.2,""min"":12.3},""12"":{""avg"":12.4,""max"":17.2,""min"":8.4}}","[""Short trip"",""One week""]",Mid-range,4,4,4,5,4,4,4,3,3,2,10.9,11.8,14.0,17.6,21.7,25.9,30.1,29.5,26.7,22.2,16.8,12.4,"['Short trip', 'One week']",0,0,1,1,0,3,-0.288785655207359,2.62015069131044,"Plaże, natura i relaks"
12e3b524-020c-47b5-a2ca-cc91986cc068,Cappadocia,Turkey,asia,"Imagine drifting over surreal landscapes in a hot air balloon, where ancient rock formations and vibrant valleys create an otherworldly experience.",38.6386753,34.8457712,"{""1"":{""avg"":1.3,""max"":5.6,""min"":-2},""2"":{""avg"":3.1,""max"":6.1,""min"":-2.3},""3"":{""avg"":6.4,""max"":9.9,""min"":0.3},""4"":{""avg"":12.4,""max"":16.6,""min"":6},""5"":{""avg"":16.2,""max"":21.5,""min"":9.4},""6"":{""avg"":20.4,""max"":25.8,""min"":13.4},""7"":{""avg"":23.8,""max"":29.1,""min"":15.1},""8"":{""avg"":24.3,""max"":29.9,""min"":15.9},""9"":{""avg"":20,""max"":25.5,""min"":12.5},""10"":{""avg"":14.4,""max"":19.9,""min"":8.2},""11"":{""avg"":8,""max"":12.9,""min"":3.1},""12"":{""avg"":3.4,""max"":8.2,""min"":1.1}}","[""Short trip"",""One week""]",Mid-range,4,4,5,1,2,4,3,2,4,2,1.3,3.1,6.4,12.4,16.2,20.4,23.8,24.3,20.0,14.4,8.0,3.4,"['Short trip', 'One week']",0,0,1,1,0,0,-1.868047903657223,-0.6294913561849718,Natura i przygoda
f12ed1eb-9cc3-4130-857d-d0b44a884a24,Sidi Bou Said,Tunisia,africa,"Whitewashed buildings with blue accents overlook the Mediterranean, offering a serene atmosphere filled with gentle sea breezes and vibrant local art.",36.8710935,10.3490516,"{""1"":{""avg"":12.4,""max"":16.7,""min"":8.6},""2"":{""avg"":13,""max"":18.3,""min"":8.9},""3"":{""avg"":14.8,""max"":20,""min"":10.7},""4"":{""avg"":17.4,""max"":22.3,""min"":12.7},""5"":{""avg"":20.9,""max"":26.4,""min"":16},""6"":{""avg"":25.7,""max"":31.6,""min"":20.6},""7"":{""avg"":29,""max"":35.8,""min"":23.4},""8"":{""avg"":28.7,""max"":34.6,""min"":23.7},""9"":{""avg"":26,""max"":31.4,""min"":21.9},""10"":{""avg"":22,""max"":27.1,""min"":17.6},""11"":{""avg"":17.2,""max"":22.4,""min"":13.4},""12"":{""avg"":13.7,""max"":18.6,""min"":10.4}}","[""Weekend"",""Day trip""]",Budget,4,2,3,4,3,4,3,2,4,1,12.4,13.0,14.8,17.4,20.9,25.7,29.0,28.7,26.0,22.0,17.2,13.7,"['Weekend', 'Day trip']",1,1,0,0,0,2,-0.07958737448890403,-0.3209138306653665,Spokojne kierunki kulturowe
5901959f-3547-4310-a352-26b7bdc5c648,Tehran,Iran,middle_east,"Bustling bazaars and serene parks coexist with historic palaces and modern art scenes, offering a rich tapestry of culture and hospitality.",35.6892523,51.3896004,"{""1"":{""avg"":5.8,""max"":10.1,""min"":1.9},""2"":{""avg"":8,""max"":12.1,""min"":3.7},""3"":{""avg"":13,""max"":17.6,""min"":7.7},""4"":{""avg"":18.4,""max"":23.6,""min"":13.2},""5"":{""avg"":24,""max"":29.7,""min"":18.1},""6"":{""avg"":30,""max"":35.6,""min"":23.7},""7"":{""avg"":32.1,""max"":37.5,""min"":25.7},""8"":{""avg"":30.6,""max"":35.7,""min"":24.6},""9"":{""avg"":26.7,""max"":32.1,""min"":21.1},""10"":{""avg"":19.6,""max"":24.7,""min"":14.6},""11"":{""avg"":11.7,""max"":16.1,""min"":7.8},""12"":{""avg"":7.2,""max"":11.1,""min"":3.8}}","[""Short trip"",""One week""]",Budget,5,3,3,1,3,4,3,4,2,1,5.8,8.0,13.0,18.4,24.0,30.0,32.1,30.6,26.7,19.6,11.7,7.2,"['Short trip', 'One week']",0,0,1,1,0,1,1.892147017429528,-0.7540753188099155,Miejskie i kulturowe
4c39d806-80b5-4c17-8d65-d669932c6b0a,Byron Bay,Australia,oceania,"A laid-back coastal vibe with stunning beaches, vibrant markets, and lush hinterlands offering a perfect blend of relaxation and adventure.",-28.6483333,153.6177778,"{""1"":{""avg"":23.3,""max"":28.4,""min"":21.5},""2"":{""avg"":23.2,""max"":27.7,""min"":21.4},""3"":{""avg"":22.5,""max"":26.9,""min"":20.5},""4"":{""avg"":19.8,""max"":24.3,""min"":17.6},""5"":{""avg"":16.7,""max"":21.6,""min"":15.4},""6"":{""avg"":14.9,""max"":19.5,""min"":13.3},""7"":{""avg"":14.4,""max"":19.3,""min"":12.8},""8"":{""avg"":15.8,""max"":20.6,""min"":13.5},""9"":{""avg"":17.6,""max"":22,""min"":15.3},""10"":{""avg"":19.4,""max"":23.8,""min"":17.2},""11"":{""avg"":21.1,""max"":25.5,""min"":18.8},""12"":{""avg"":22.8,""max"":27.5,""min"":20.1}}","[""Short trip"",""Weekend"",""One week""]",Mid-range,3,4,5,5,3,4,5,2,3,2,23.3,23.2,22.5,19.8,16.7,14.9,14.4,15.8,17.6,19.4,21.1,22.8,"['Short trip', 'Weekend', 'One week']",0,1,1,1,0,3,-2.0244227254748215,3.4598673936025084,"Plaże, natura i relaks"
0ac79b0b-52e2-4a82-81f8-7037b479abd8,Port Douglas,Australia,oceania,"Tropical breezes, lush rainforests, and the vibrant coral of the Great Barrier Reef create a serene paradise perfect for unwinding and adventure.",-16.4845983,145.4636294,"{""1"":{""avg"":27.6,""max"":31.9,""min"":25.8},""2"":{""avg"":27.3,""max"":32,""min"":25.9},""3"":{""avg"":27.1,""max"":31.1,""min"":25.5},""4"":{""avg"":26.3,""max"":29.6,""min"":24.9},""5"":{""avg"":24.2,""max"":27.4,""min"":23.3},""6"":{""avg"":23.2,""max"":25.8,""min"":22},""7"":{""avg"":22.3,""max"":25.4,""min"":21.3},""8"":{""avg"":22.5,""max"":26.5,""min"":21.3},""9"":{""avg"":23.7,""max"":28.5,""min"":22.4},""10"":{""avg"":25.3,""max"":30.8,""min"":23.7},""11"":{""avg"":26.3,""max"":32.1,""min"":24.8},""12"":{""avg"":27.2,""max"":32.5,""min"":25.8}}","[""Short trip"",""Weekend"",""One week""]",Luxury,3,4,5,5,2,4,4,2,4,3,27.6,27.3,27.1,26.3,24.2,23.2,22.3,22.5,23.7,25.3,26.3,27.2,"['Short trip', 'Weekend', 'One week']",0,1,1,1,0,3,-2.7565385029845713,2.0048629148095376,"Plaże, natura i relaks"
cfeb4496-538e-484f-9916-e9b72c6ceb5b,Tahiti,French Polynesia,oceania,"Lush landscapes and tranquil lagoons invite a sense of serenity, where vibrant markets and local flavors add a touch of island warmth.",-17.6873439,-149.4451681,"{""1"":{""avg"":26.8,""max"":30.9,""min"":22.2},""2"":{""avg"":27.2,""max"":31.2,""min"":23.1},""3"":{""avg"":27.4,""max"":31.6,""min"":24.8},""4"":{""avg"":27.2,""max"":31.2,""min"":24.7},""5"":{""avg"":26.9,""max"":30.6,""min"":23.9},""6"":{""avg"":26,""max"":29.6,""min"":22.8},""7"":{""avg"":25.5,""max"":29.2,""min"":22},""8"":{""avg"":25.3,""max"":28.9,""min"":22},""9"":{""avg"":25.7,""max"":29.2,""min"":22.2},""10"":{""avg"":26.1,""max"":29.6,""min"":22.9},""11"":{""avg"":27,""max"":30.3,""min"":23.8},""12"":{""avg"":27.3,""max"":30.9,""min"":23.7}}","[""Long trip"",""One week""]",Luxury,3,4,5,5,2,4,5,2,5,3,26.8,27.2,27.4,27.2,26.9,26.0,25.5,25.3,25.7,26.1,27.0,27.3,"['Long trip', 'One week']",0,0,0,1,1,3,-3.2515882357517363,2.82712767024506,"Plaże, natura i relaks"
7b55c1af-cb3c-4d98-a0f4-1d25b46169f0,Santa Cruz de la Sierra,Bolivia,south_america,"A bustling city with vibrant markets, lush parks, and a warm tropical climate that invites you to explore its lively streets and local flavors.",-17.7834217,-63.1820853,"{""1"":{""avg"":27.5,""max"":32.3,""min"":22.8},""2"":{""avg"":27.1,""max"":31.9,""min"":22.6},""3"":{""avg"":26.7,""max"":31.5,""min"":22.2},""4"":{""avg"":25.3,""max"":29.9,""min"":20.7},""5"":{""avg"":22,""max"":26.7,""min"":17.3},""6"":{""avg"":21,""max"":25.9,""min"":16.3},""7"":{""avg"":22.1,""max"":27.1,""min"":16.9},""8"":{""avg"":24,""max"":29.5,""min"":18},""9"":{""avg"":26.4,""max"":32,""min"":20.2},""10"":{""avg"":27.2,""max"":32.7,""min"":21.7},""11"":{""avg"":27.5,""max"":32.5,""min"":22.2},""12"":{""avg"":27.4,""max"":32.1,""min"":22.4}}","[""Short trip"",""Weekend"",""One week""]",Budget,3,3,4,1,3,3,3,3,3,1,27.5,27.1,26.7,25.3,22.0,21.0,22.1,24.0,26.4,27.2,27.5,27.4,"['Short trip', 'Weekend', 'One week']",0,1,1,1,0,2,-0.7119432904136497,-0.7281403782665272,Spokojne kierunki kulturowe
a9269258-bf5e-4a33-9c09-808b6c94e613,Montego Bay,Jamaica,north_america,"Golden beaches meet turquoise waters, creating a laid-back vibe where reggae rhythms and the scent of jerk spices fill the air.",18.4724603,-77.9217357,"{""1"":{""avg"":26,""max"":30.7,""min"":22.4},""2"":{""avg"":25.9,""max"":30.8,""min"":22.3},""3"":{""avg"":26.4,""max"":31.5,""min"":22.8},""4"":{""avg"":27.2,""max"":32.1,""min"":23.8},""5"":{""avg"":27.9,""max"":32.9,""min"":24.2},""6"":{""avg"":28.5,""max"":33.4,""min"":24.8},""7"":{""avg"":29,""max"":34,""min"":25.3},""8"":{""avg"":28.9,""max"":34.1,""min"":25.2},""9"":{""avg"":28.6,""max"":33.8,""min"":25.1},""10"":{""avg"":28.1,""max"":33.1,""min"":24.7},""11"":{""avg"":27.2,""max"":32,""min"":24.1},""12"":{""avg"":26.7,""max"":31.2,""min"":23.3}}","[""Short trip"",""Weekend"",""One week""]",Mid-range,3,4,4,5,4,4,3,3,3,2,26.0,25.9,26.4,27.2,27.9,28.5,29.0,28.9,28.6,28.1,27.2,26.7,"['Short trip', 'Weekend', 'One week']",0,1,1,1,0,3,-0.6182097516562217,1.9307985582886182,"Plaże, natura i relaks"
a62cc361-2d5d-4e24-b6f1-92cb764c348b,Acapulco,Mexico,north_america,"Golden beaches meet vibrant nightlife, where the sound of crashing waves and lively music create an atmosphere that's both thrilling and laid-back.",16.8680495,-99.8940182,"{""1"":{""avg"":27.1,""max"":33.2,""min"":20.7},""2"":{""avg"":27.3,""max"":33.4,""min"":20.4},""3"":{""avg"":27.4,""max"":33.5,""min"":20.4},""4"":{""avg"":27.9,""max"":33.5,""min"":21},""5"":{""avg"":29,""max"":34,""min"":23.1},""6"":{""avg"":29.1,""max"":33.5,""min"":24.6},""7"":{""avg"":29.3,""max"":33.8,""min"":24.2},""8"":{""avg"":29,""max"":33.6,""min"":24.3},""9"":{""avg"":28.8,""max"":33.2,""min"":24.5},""10"":{""avg"":28.5,""max"":32.8,""min"":24.1},""11"":{""avg"":28.1,""max"":32.6,""min"":23.6},""12"":{""avg"":27.5,""max"":33.4,""min"":21.2}}","[""Short trip"",""Weekend"",""One week""]",Mid-range,3,4,3,4,4,4,3,3,2,2,27.1,27.3,27.4,27.9,29.0,29.1,29.3,29.0,28.8,28.5,28.1,27.5,"['Short trip', 'Weekend', 'One week']",0,1,1,1,0,3,0.34213787309957555,1.476694756572254,"Plaże, natura i relaks"
c088e9eb-7dff-40bb-99a9-167f3f1e41c1,Manuel Antonio National Park,Costa Rica,north_america,"Lush rainforests meet sandy beaches under a vibrant sun, where playful monkeys and colorful birds create an enchanting, tropical experience.",9.3701476,-84.1520793,"{""1"":{""avg"":20.8,""max"":25.8,""min"":17.1},""2"":{""avg"":20.8,""max"":26.1,""min"":17},""3"":{""avg"":21.3,""max"":27.1,""min"":17.1},""4"":{""avg"":21.7,""max"":27.4,""min"":17.7},""5"":{""avg"":22.2,""max"":27.6,""min"":18.5},""6"":{""avg"":21.3,""max"":26.4,""min"":18},""7"":{""avg"":21.7,""max"":26.4,""min"":18.4},""8"":{""avg"":21.3,""max"":26.5,""min"":18.1},""9"":{""avg"":21.2,""max"":26.6,""min"":17.7},""10"":{""avg"":21,""max"":26.3,""min"":17.8},""11"":{""avg"":20.9,""max"":25.4,""min"":18},""12"":{""avg"":20.9,""max"":25.7,""min"":17.4}}","[""Short trip"",""Weekend""]",Mid-range,2,4,5,5,2,3,3,1,4,2,20.8,20.8,21.3,21.7,22.2,21.3,21.7,21.3,21.2,21.0,20.9,20.9,"['Short trip', 'Weekend']",0,1,1,0,0,0,-4.01684214014409,0.7565279996955475,Natura i przygoda
443799ea-fcbb-4e6d-93f4-a93b566fabeb,Kuwait City,Kuwait,middle_east,"A modern skyline meets traditional souks, where the aroma of spices and the warmth of the desert sun create an inviting atmosphere.",29.3796532,47.9734174,"{""1"":{""avg"":14.1,""max"":19.9,""min"":8.9},""2"":{""avg"":16.2,""max"":22.1,""min"":10},""3"":{""avg"":20.9,""max"":26.6,""min"":14.7},""4"":{""avg"":26.7,""max"":33.3,""min"":20.4},""5"":{""avg"":33.3,""max"":40.1,""min"":25.9},""6"":{""avg"":38.6,""max"":45.7,""min"":30.7},""7"":{""avg"":40.2,""max"":47,""min"":32.7},""8"":{""avg"":39.4,""max"":46.7,""min"":31.5},""9"":{""avg"":36,""max"":43.8,""min"":27.8},""10"":{""avg"":29.4,""max"":36.8,""min"":22.2},""11"":{""avg"":21.4,""max"":27,""min"":16.4},""12"":{""avg"":15.8,""max"":21.1,""min"":10.7}}","[""Short trip"",""Weekend"",""One week""]",Luxury,3,2,2,3,3,4,3,4,2,3,14.1,16.2,20.9,26.7,33.3,38.6,40.2,39.4,36.0,29.4,21.4,15.8,"['Short trip', 'Weekend', 'One week']",0,1,1,1,0,1,1.7259530211663765,-0.12717287194235136,Miejskie i kulturowe
1eff31fe-7c4b-4c44-8903-21af5c9cee6f,Uluru,Australia,oceania,"The vast, red desert landscape is both humbling and awe-inspiring, with sunsets casting a magical glow over the ancient rock formations.",-25.3455545,131.0369615,"{""1"":{""avg"":31.1,""max"":38.4,""min"":23.8},""2"":{""avg"":30.8,""max"":38.4,""min"":22.7},""3"":{""avg"":28.3,""max"":36,""min"":21.1},""4"":{""avg"":22.2,""max"":30.2,""min"":15},""5"":{""avg"":17.1,""max"":24.3,""min"":9.3},""6"":{""avg"":13.6,""max"":20.9,""min"":5.7},""7"":{""avg"":13.6,""max"":21.7,""min"":4.6},""8"":{""avg"":17.1,""max"":24.8,""min"":6.8},""9"":{""avg"":21,""max"":28.7,""min"":11.2},""10"":{""avg"":25.2,""max"":33.3,""min"":16.2},""11"":{""avg"":26.2,""max"":35.3,""min"":19.2},""12"":{""avg"":29.8,""max"":37.6,""min"":22}}","[""Short trip"",""One week""]",Luxury,4,4,5,1,1,3,3,1,5,3,31.1,30.8,28.3,22.2,17.1,13.6,13.6,17.1,21.0,25.2,26.2,29.8,"['Short trip', 'One week']",0,0,1,1,0,0,-3.608555851957077,-1.7073007018833442,Natura i przygoda
c1faff29-53b8-40cb-bff9-7a61b80ca761,Lautoka,Fiji,oceania,"A vibrant port city where the aroma of sugarcane wafts through the air, blending with the lively sounds of bustling markets.",-17.6043956,177.4530138,"{""1"":{""avg"":27.1,""max"":31.4,""min"":23.6},""2"":{""avg"":27.4,""max"":31.5,""min"":24.1},""3"":{""avg"":26.8,""max"":31,""min"":23.5},""4"":{""avg"":26.6,""max"":30.9,""min"":23.1},""5"":{""avg"":25.1,""max"":30,""min"":21.5},""6"":{""avg"":24.2,""max"":29.2,""min"":20.3},""7"":{""avg"":24,""max"":29.1,""min"":19.9},""8"":{""avg"":24,""max"":29,""min"":19.8},""9"":{""avg"":24.9,""max"":29.7,""min"":20.8},""10"":{""avg"":25.8,""max"":30.5,""min"":21.8},""11"":{""avg"":26.7,""max"":31.4,""min"":22.7},""12"":{""avg"":27,""max"":31.5,""min"":23.4}}","[""Short trip"",""Weekend""]",Mid-range,3,4,4,4,2,3,4,2,4,2,27.1,27.4,26.8,26.6,25.1,24.2,24.0,24.0,24.9,25.8,26.7,27.0,"['Short trip', 'Weekend']",0,1,1,0,0,0,-2.7273113242571076,1.0214160805113546,Natura i przygoda
62d37ff4-2fe7-478b-80f1-e3295093b971,Nadi,Fiji,oceania,"Tropical breezes and vibrant markets greet you, where lush greenery meets sandy beaches, creating a laid-back yet lively atmosphere.",-17.7992725,177.4178549,"{""1"":{""avg"":27.1,""max"":31.4,""min"":23.6},""2"":{""avg"":27.4,""max"":31.5,""min"":24.1},""3"":{""avg"":26.8,""max"":31,""min"":23.5},""4"":{""avg"":26.6,""max"":30.9,""min"":23.1},""5"":{""avg"":25.1,""max"":30,""min"":21.5},""6"":{""avg"":24.2,""max"":29.2,""min"":20.3},""7"":{""avg"":24,""max"":29.1,""min"":19.9},""8"":{""avg"":24,""max"":29,""min"":19.8},""9"":{""avg"":24.9,""max"":29.7,""min"":20.8},""10"":{""avg"":25.8,""max"":30.5,""min"":21.8},""11"":{""avg"":26.7,""max"":31.4,""min"":22.7},""12"":{""avg"":27,""max"":31.5,""min"":23.4}}","[""Short trip"",""Weekend"",""One week""]",Mid-range,3,4,5,5,3,3,4,2,4,2,27.1,27.4,26.8,26.6,25.1,24.2,24.0,24.0,24.9,25.8,26.7,27.0,"['Short trip', 'Weekend', 'One week']",0,1,1,1,0,3,-2.878030541423707,1.9943464458339226,"Plaże, natura i relaks"
19a99c6a-6928-45e1-a301-8641c574de20,Lausanne,Switzerland,europe,"Nestled by the lake, this city charms with its blend of historic architecture, vibrant cultural scene, and stunning alpine views.",46.5218269,6.6327025,"{""1"":{""avg"":0.8,""max"":3.3,""min"":-2.3},""2"":{""avg"":3.5,""max"":7.3,""min"":-0.2},""3"":{""avg"":6,""max"":10.4,""min"":1.5},""4"":{""avg"":8.6,""max"":13.5,""min"":3.6},""5"":{""avg"":12.5,""max"":16.9,""min"":7.2},""6"":{""avg"":17.6,""max"":22.5,""min"":12},""7"":{""avg"":19.6,""max"":24.8,""min"":13.4},""8"":{""avg"":19.2,""max"":24.5,""min"":13.6},""9"":{""avg"":15,""max"":20.1,""min"":9.6},""10"":{""avg"":10.7,""max"":14.9,""min"":6.8},""11"":{""avg"":5.1,""max"":7.8,""min"":2.1},""12"":{""avg"":2.1,""max"":4.3,""min"":-0.7}}","[""Short trip"",""Weekend"",""One week""]",Luxury,4,3,4,1,3,4,4,4,3,3,0.8,3.5,6.0,8.6,12.5,17.6,19.6,19.2,15.0,10.7,5.1,2.1,"['Short trip', 'Weekend', 'One week']",0,1,1,1,0,1,0.5483603467458685,0.5201945368474628,Miejskie i kulturowe
8a08d8b4-53f9-4662-a275-cf3d38a4bccc,Vilamoura,Portugal,europe,"Sun-drenched marina views, vibrant nightlife, and golden beaches create a lively yet relaxed atmosphere perfect for unwinding and enjoying coastal charm.",37.0759505,-8.1165401,"{""1"":{""avg"":12.8,""max"":16.6,""min"":9.2},""2"":{""avg"":13.7,""max"":17.4,""min"":10.4},""3"":{""avg"":14.6,""max"":18.3,""min"":11.2},""4"":{""avg"":16.8,""max"":20.5,""min"":13.4},""5"":{""avg"":19.8,""max"":24.1,""min"":16},""6"":{""avg"":22,""max"":26.2,""min"":18.4},""7"":{""avg"":24.4,""max"":29,""min"":20.5},""8"":{""avg"":24.7,""max"":29.3,""min"":20.8},""9"":{""avg"":22.4,""max"":26.1,""min"":19},""10"":{""avg"":20,""max"":23.4,""min"":17},""11"":{""avg"":16.2,""max"":19.7,""min"":12.9},""12"":{""avg"":14.2,""max"":17.7,""min"":11.1}}","[""Short trip"",""Weekend""]",Mid-range,3,3,4,5,4,4,4,3,3,2,12.8,13.7,14.6,16.8,19.8,22.0,24.4,24.7,22.4,20.0,16.2,14.2,"['Short trip', 'Weekend']",0,1,1,0,0,3,-0.2878225149705884,2.47973138724857,"Plaże, natura i relaks"
1c6eef16-2336-40a1-831c-7f079f7f8699,Cologne,Germany,europe,"Charming cobblestone streets, the majestic cathedral, and lively beer halls create a welcoming atmosphere filled with history and vibrant local culture.",50.938361,6.959974,"{""1"":{""avg"":4.2,""max"":6.6,""min"":1.8},""2"":{""avg"":5.6,""max"":9,""min"":2.4},""3"":{""avg"":7.9,""max"":12.3,""min"":3.9},""4"":{""avg"":11,""max"":16.1,""min"":5.8},""5"":{""avg"":15.2,""max"":20.6,""min"":9.9},""6"":{""avg"":19.5,""max"":24.8,""min"":14.2},""7"":{""avg"":20.4,""max"":25.8,""min"":15.3},""8"":{""avg"":20.4,""max"":25.9,""min"":15.5},""9"":{""avg"":16.5,""max"":21.9,""min"":11.9},""10"":{""avg"":12.5,""max"":16.4,""min"":9.1},""11"":{""avg"":7.9,""max"":10.8,""min"":5.1},""12"":{""avg"":6,""max"":8.3,""min"":3.5}}","[""Short trip"",""Weekend"",""One week""]",Mid-range,4,2,3,1,4,4,3,4,2,2,4.2,5.6,7.9,11.0,15.2,19.5,20.4,20.4,16.5,12.5,7.9,6.0,"['Short trip', 'Weekend', 'One week']",0,1,1,1,0,1,2.28520146256778,-0.48958121901682605,Miejskie i kulturowe
b4e07312-dd97-45dd-9ed0-53654f6e5056,Pisa,Italy,europe,"Charming narrow streets open up to sunlit squares, with the aroma of fresh pasta and the sound of church bells filling the air.",43.4714722,10.6797912,"{""1"":{""avg"":6.3,""max"":9.2,""min"":2.4},""2"":{""avg"":7.8,""max"":12.7,""min"":3.5},""3"":{""avg"":10.4,""max"":16,""min"":4.7},""4"":{""avg"":13,""max"":18.2,""min"":7.6},""5"":{""avg"":17.1,""max"":22.1,""min"":12.3},""6"":{""avg"":22.6,""max"":28.2,""min"":17.7},""7"":{""avg"":25.6,""max"":31.6,""min"":20.3},""8"":{""avg"":25.5,""max"":31.6,""min"":20.7},""9"":{""avg"":20.8,""max"":26.5,""min"":16.2},""10"":{""avg"":15.9,""max"":20.8,""min"":12.2},""11"":{""avg"":11,""max"":14.4,""min"":7.9},""12"":{""avg"":7.2,""max"":10.1,""min"":4.1}}","[""Short trip"",""Weekend"",""Day trip""]",Mid-range,4,2,3,2,3,4,3,3,2,2,6.3,7.8,10.4,13.0,17.1,22.6,25.6,25.5,20.8,15.9,11.0,7.2,"['Short trip', 'Weekend', 'Day trip']",1,1,1,0,0,1,1.3748036496163625,-0.6752098887226811,Miejskie i kulturowe
eddbf22e-af63-4a95-a7ff-3dd8545f9e2e,Kandy,Sri Lanka,asia,"Lush hills, serene lakes, and the scent of temple incense create a tranquil atmosphere that's both spiritually uplifting and visually stunning.",7.2931208,80.6350358,"{""1"":{""avg"":26.6,""max"":31.3,""min"":21.8},""2"":{""avg"":27.2,""max"":33.2,""min"":21.9},""3"":{""avg"":28.7,""max"":34.8,""min"":23},""4"":{""avg"":28.8,""max"":34.2,""min"":23.9},""5"":{""avg"":28.4,""max"":32.6,""min"":24.7},""6"":{""avg"":28.1,""max"":31.6,""min"":24.9},""7"":{""avg"":27.8,""max"":31.4,""min"":24.6},""8"":{""avg"":27.9,""max"":31.8,""min"":24.5},""9"":{""avg"":27.2,""max"":30.9,""min"":24},""10"":{""avg"":26.9,""max"":31,""min"":23.5},""11"":{""avg"":26.6,""max"":31.1,""min"":22.8},""12"":{""avg"":26.4,""max"":30.8,""min"":22.6}}","[""Short trip"",""Weekend""]",Budget,5,3,4,1,2,4,3,3,3,1,26.6,27.2,28.7,28.8,28.4,28.1,27.8,27.9,27.2,26.9,26.6,26.4,"['Short trip', 'Weekend']",0,1,1,0,0,2,0.22342220108210809,-1.211275473620804,Spokojne kierunki kulturowe
cc8ddc39-c410-4a92-aefc-09cfee5dbc79,Yangon,Myanmar,asia,"Bustling streets filled with vibrant markets, golden pagodas glistening in the sun, and the warm smiles of locals create a welcoming energy.",16.7967129,96.1609916,"{""1"":{""avg"":25.5,""max"":32.8,""min"":17.9},""2"":{""avg"":27,""max"":35.1,""min"":18.5},""3"":{""avg"":29.4,""max"":37.2,""min"":21.9},""4"":{""avg"":31,""max"":38.4,""min"":24.3},""5"":{""avg"":30.1,""max"":36.2,""min"":25.3},""6"":{""avg"":27.6,""max"":32,""min"":23.8},""7"":{""avg"":27.1,""max"":31.4,""min"":23.8},""8"":{""avg"":27.2,""max"":31.3,""min"":23.5},""9"":{""avg"":27.6,""max"":31.8,""min"":23.7},""10"":{""avg"":28,""max"":32.8,""min"":23.4},""11"":{""avg"":28.2,""max"":33.6,""min"":22.4},""12"":{""avg"":26.6,""max"":33.2,""min"":19.6}}","[""Short trip"",""One week""]",Budget,4,3,3,1,2,4,3,3,2,1,25.5,27.0,29.4,31.0,30.1,27.6,27.1,27.2,27.6,28.0,28.2,26.6,"['Short trip', 'One week']",0,0,1,1,0,2,0.675822788629697,-1.0557158497615236,Spokojne kierunki kulturowe
15583c28-1e8a-46d5-b4c2-342b99cdb091,Lima,Peru,south_america,"A lively blend of colonial charm and vibrant modernity, with bustling markets, ocean views, and the tantalizing aroma of street food.",-12.0621065,-77.0365256,"{""1"":{""avg"":22.9,""max"":26.2,""min"":20.6},""2"":{""avg"":24,""max"":27.3,""min"":21.6},""3"":{""avg"":23.4,""max"":27.3,""min"":21.2},""4"":{""avg"":21.6,""max"":24.2,""min"":19.4},""5"":{""avg"":19.4,""max"":22.1,""min"":17.5},""6"":{""avg"":18.2,""max"":20,""min"":16.9},""7"":{""avg"":17.3,""max"":19.2,""min"":16},""8"":{""avg"":16.8,""max"":19,""min"":15.6},""9"":{""avg"":16.9,""max"":19.5,""min"":15.4},""10"":{""avg"":17.7,""max"":20.1,""min"":16.1},""11"":{""avg"":19.2,""max"":21.9,""min"":17.6},""12"":{""avg"":21,""max"":23.8,""min"":18.9}}","[""Short trip"",""One week""]",Mid-range,5,3,3,2,4,5,3,4,2,2,22.9,24.0,23.4,21.6,19.4,18.2,17.3,16.8,16.9,17.7,19.2,21.0,"['Short trip', 'One week']",0,0,1,1,0,1,2.696811354991729,0.42910560128631703,Miejskie i kulturowe
676ac4da-c47a-4027-bc2e-8794a836fcf6,Iguazu Falls,Argentina,south_america,The thunderous roar of cascading water and the lush embrace of the surrounding rainforest create an awe-inspiring natural spectacle.,-25.6925324,-54.4411144,"{""1"":{""avg"":26,""max"":33,""min"":21.3},""2"":{""avg"":25.6,""max"":32.6,""min"":20.7},""3"":{""avg"":24.4,""max"":31.3,""min"":20},""4"":{""avg"":22,""max"":28.3,""min"":17.4},""5"":{""avg"":18.2,""max"":24.2,""min"":13.7},""6"":{""avg"":17,""max"":23.6,""min"":12.6},""7"":{""avg"":16.7,""max"":24,""min"":11.6},""8"":{""avg"":18.6,""max"":26.4,""min"":12.9},""9"":{""avg"":21.4,""max"":28.7,""min"":15.4},""10"":{""avg"":22.6,""max"":29.6,""min"":17.5},""11"":{""avg"":24,""max"":30.8,""min"":18.5},""12"":{""avg"":25.5,""max"":32.2,""min"":20.2}}","[""Short trip"",""Weekend""]",Mid-range,3,5,5,1,2,3,3,2,4,2,26.0,25.6,24.4,22.0,18.2,17.0,16.7,18.6,21.4,22.6,24.0,25.5,"['Short trip', 'Weekend']",0,1,1,0,0,0,-3.1964678402912323,-0.41085036062378427,Natura i przygoda
40236b15-2f9a-482a-8454-72ebd9dfed1b,Santa Marta,Colombia,south_america,"Golden beaches meet lush mountains, creating a laid-back vibe where you can savor fresh seafood and vibrant sunsets by the sea.",11.2320944,-74.1950916,"{""1"":{""avg"":28.7,""max"":34,""min"":23},""2"":{""avg"":29.1,""max"":34.8,""min"":23.9},""3"":{""avg"":29.5,""max"":34.8,""min"":24.7},""4"":{""avg"":30.1,""max"":34.7,""min"":25.8},""5"":{""avg"":30.2,""max"":34.3,""min"":26.3},""6"":{""avg"":29.8,""max"":34.1,""min"":25.4},""7"":{""avg"":29.6,""max"":34.2,""min"":25.2},""8"":{""avg"":29.4,""max"":34.2,""min"":25},""9"":{""avg"":29.3,""max"":34.4,""min"":24.8},""10"":{""avg"":28.9,""max"":33.8,""min"":24.4},""11"":{""avg"":28.7,""max"":33.3,""min"":24.3},""12"":{""avg"":29,""max"":33.7,""min"":23.4}}","[""Short trip"",""Weekend"",""One week""]",Budget,4,4,5,4,3,4,3,3,4,1,28.7,29.1,29.5,30.1,30.2,29.8,29.6,29.4,29.3,28.9,28.7,29.0,"['Short trip', 'Weekend', 'One week']",0,1,1,1,0,3,-1.3616913334253946,1.0074878871636794,"Plaże, natura i relaks"
61367a40-b3c0-49c2-8f41-7d0b15056f03,Cali,Colombia,south_america,"Lively streets filled with salsa rhythms, vibrant street art, and the aroma of empanadas create an infectious energy that's hard to resist.",3.4519988,-76.5325259,"{""1"":{""avg"":23.9,""max"":30.9,""min"":19.1},""2"":{""avg"":24.3,""max"":31.1,""min"":19.7},""3"":{""avg"":23.9,""max"":30.3,""min"":19.6},""4"":{""avg"":23.8,""max"":30.3,""min"":19.6},""5"":{""avg"":23.7,""max"":30.3,""min"":19.8},""6"":{""avg"":23.7,""max"":29.9,""min"":19.2},""7"":{""avg"":24.1,""max"":30.8,""min"":18.9},""8"":{""avg"":24.2,""max"":31.2,""min"":18.8},""9"":{""avg"":24.3,""max"":31.5,""min"":18.9},""10"":{""avg"":23.5,""max"":30.3,""min"":19.2},""11"":{""avg"":23.4,""max"":29.7,""min"":19.4},""12"":{""avg"":23.7,""max"":30.4,""min"":19.3}}","[""Short trip"",""Weekend"",""One week""]",Budget,4,3,3,2,5,4,3,3,2,1,23.9,24.3,23.9,23.8,23.7,23.7,24.1,24.2,24.3,23.5,23.4,23.7,"['Short trip', 'Weekend', 'One week']",0,1,1,1,0,1,1.7510863926542435,0.5218620052140536,Miejskie i kulturowe
2e1f1b6c-cf05-4393-b747-151592f27e7a,Cancun,Mexico,north_america,"Powdery white sand beaches, turquoise waters, and lively nightlife create a vibrant atmosphere perfect for both relaxation and adventure.",21.1527467,-86.8425761,"{""1"":{""avg"":23.7,""max"":27.3,""min"":20.2},""2"":{""avg"":24.6,""max"":28.1,""min"":21.3},""3"":{""avg"":25.9,""max"":29.6,""min"":22.4},""4"":{""avg"":26.9,""max"":30.2,""min"":23.5},""5"":{""avg"":28,""max"":31.4,""min"":24.7},""6"":{""avg"":28.2,""max"":31.4,""min"":25.1},""7"":{""avg"":28.8,""max"":32,""min"":25.4},""8"":{""avg"":28.4,""max"":32.1,""min"":24.7},""9"":{""avg"":27.8,""max"":31.5,""min"":24.3},""10"":{""avg"":27,""max"":30.5,""min"":23.7},""11"":{""avg"":25.3,""max"":29,""min"":22},""12"":{""avg"":24.1,""max"":27.8,""min"":20.6}}","[""Short trip"",""Weekend"",""One week""]",Mid-range,3,4,3,5,5,4,4,3,2,2,23.7,24.6,25.9,26.9,28.0,28.2,28.8,28.4,27.8,27.0,25.3,24.1,"['Short trip', 'Weekend', 'One week']",0,1,1,1,0,3,0.5557062372417111,3.18062371902468,"Plaże, natura i relaks"
917e3c0b-4f5f-4333-b873-ccd8836da874,San Antonio,United States,north_america,Historic missions and lively riverside pathways invite you to wander through a city rich with cultural charm and Texan hospitality.,29.4246002,-98.4951405,"{""1"":{""avg"":11.6,""max"":18,""min"":5.6},""2"":{""avg"":13.8,""max"":20.1,""min"":8},""3"":{""avg"":18.4,""max"":24.6,""min"":12.5},""4"":{""avg"":21.6,""max"":27.7,""min"":16.2},""5"":{""avg"":25.4,""max"":31.2,""min"":20.7},""6"":{""avg"":28.5,""max"":34.3,""min"":23.4},""7"":{""avg"":29.6,""max"":36,""min"":24.4},""8"":{""avg"":30.1,""max"":36.5,""min"":24.7},""9"":{""avg"":27.7,""max"":33.9,""min"":22.6},""10"":{""avg"":22.8,""max"":29.2,""min"":17},""11"":{""avg"":16.8,""max"":22.8,""min"":11.3},""12"":{""avg"":13.6,""max"":19.8,""min"":7.8}}","[""Short trip"",""Weekend"",""One week""]",Mid-range,4,3,3,1,3,4,3,4,2,2,11.6,13.8,18.4,21.6,25.4,28.5,29.6,30.1,27.7,22.8,16.8,13.6,"['Short trip', 'Weekend', 'One week']",0,1,1,1,0,1,1.485210290901217,-0.5072495366449696,Miejskie i kulturowe
87be4d07-b23b-4477-a76e-a6649b328789,Malaga,Spain,europe,"Sun-drenched beaches, vibrant tapas bars, and historic architecture create a lively yet relaxed atmosphere that invites leisurely exploration and indulgence.",36.7213028,-4.4216366,"{""1"":{""avg"":12.5,""max"":17.9,""min"":8.2},""2"":{""avg"":13.5,""max"":18.6,""min"":9.2},""3"":{""avg"":15,""max"":20.4,""min"":10.6},""4"":{""avg"":16.9,""max"":22.2,""min"":12.8},""5"":{""avg"":20.1,""max"":25.5,""min"":15.8},""6"":{""avg"":23.8,""max"":29.4,""min"":19.4},""7"":{""avg"":26.6,""max"":32.1,""min"":22.3},""8"":{""avg"":27.1,""max"":32.2,""min"":23.2},""9"":{""avg"":24.3,""max"":29.3,""min"":20.3},""10"":{""avg"":20.3,""max"":25.3,""min"":16.3},""11"":{""avg"":16.1,""max"":21.2,""min"":12.1},""12"":{""avg"":13.5,""max"":18.8,""min"":9.5}}","[""Short trip"",""Weekend"",""One week""]",Mid-range,4,3,3,4,4,4,3,4,2,2,12.5,13.5,15.0,16.9,20.1,23.8,26.6,27.1,24.3,20.3,16.1,13.5,"['Short trip', 'Weekend', 'One week']",0,1,1,1,0,1,1.5742706637630066,0.986176797442087,Miejskie i kulturowe
a0200fc5-19ef-4717-9121-04e93ef60ae9,Medellín,Colombia,south_america,"Lush green hills surround a vibrant city buzzing with music, art, and the warmth of its welcoming people, offering endless exploration.",6.2697324,-75.6025597,"{""1"":{""avg"":21.6,""max"":27.1,""min"":15.3},""2"":{""avg"":22.6,""max"":27,""min"":15.9},""3"":{""avg"":22.9,""max"":27.3,""min"":15.9},""4"":{""avg"":21.6,""max"":27.2,""min"":16.6},""5"":{""avg"":22.8,""max"":27.6,""min"":16.4},""6"":{""avg"":23.4,""max"":27,""min"":15.3},""7"":{""avg"":23.9,""max"":28,""min"":15.3},""8"":{""avg"":23.9,""max"":28.1,""min"":16},""9"":{""avg"":22.7,""max"":27.8,""min"":15.9},""10"":{""avg"":22.3,""max"":26.4,""min"":15.4},""11"":{""avg"":22,""max"":25.8,""min"":15.7},""12"":{""avg"":22.8,""max"":27.3,""min"":15.5}}","[""Short trip"",""Weekend"",""One week""]",Mid-range,4,4,3,1,4,4,3,4,2,2,21.6,22.6,22.9,21.6,22.8,23.4,23.9,23.9,22.7,22.3,22.0,22.8,"['Short trip', 'Weekend', 'One week']",0,1,1,1,0,1,1.4694017290376167,0.2849089534368056,Miejskie i kulturowe
1a386d6a-e1e0-4c8d-b452-ba6851cd56f6,Granada,Spain,europe,"Winding cobblestone streets lead to vibrant plazas filled with the aromas of tapas, while the Alhambra's majestic presence captivates with its historic allure.",37.1734995,-3.5995337,"{""1"":{""avg"":7.4,""max"":14.1,""min"":1.9},""2"":{""avg"":9.3,""max"":16.1,""min"":3.5},""3"":{""avg"":11.1,""max"":19.1,""min"":3.9},""4"":{""avg"":14.4,""max"":21.5,""min"":8},""5"":{""avg"":18.8,""max"":27,""min"":10.8},""6"":{""avg"":23.4,""max"":31.6,""min"":15.1},""7"":{""avg"":27.8,""max"":36.6,""min"":18.9},""8"":{""avg"":27.2,""max"":36.1,""min"":18.5},""9"":{""avg"":22,""max"":30.2,""min"":14.3},""10"":{""avg"":17.5,""max"":25.1,""min"":11},""11"":{""avg"":11.5,""max"":18.2,""min"":6.1},""12"":{""avg"":8.6,""max"":15.8,""min"":3}}","[""Short trip"",""Weekend"",""One week""]",Mid-range,5,3,3,2,4,5,3,4,2,2,7.4,9.3,11.1,14.4,18.8,23.4,27.8,27.2,22.0,17.5,11.5,8.6,"['Short trip', 'Weekend', 'One week']",0,1,1,1,0,1,2.696811354991729,0.42910560128631703,Miejskie i kulturowe
5d00db66-5d2c-450b-be1d-9c9bde506ac0,Linz,Austria,europe,"A blend of historic charm and modern innovation, with riverside walks, vibrant arts scenes, and a welcoming atmosphere that invites exploration.",48.3059078,14.286198,"{""1"":{""avg"":0.9,""max"":3.2,""min"":-1.3},""2"":{""avg"":3.3,""max"":6.7,""min"":0.3},""3"":{""avg"":5.8,""max"":11.3,""min"":2.2},""4"":{""avg"":10.7,""max"":15.7,""min"":5.9},""5"":{""avg"":15,""max"":19.6,""min"":10.5},""6"":{""avg"":20.1,""max"":25.2,""min"":15.1},""7"":{""avg"":21.3,""max"":26.5,""min"":16.2},""8"":{""avg"":21,""max"":26.2,""min"":16.2},""9"":{""avg"":16.1,""max"":20.8,""min"":12},""10"":{""avg"":11.1,""max"":14.9,""min"":7.9},""11"":{""avg"":5.4,""max"":8,""min"":3},""12"":{""avg"":2.3,""max"":4.4,""min"":0.3}}","[""Short trip"",""Weekend""]",Mid-range,4,2,3,1,3,3,3,4,2,2,0.9,3.3,5.8,10.7,15.0,20.1,21.3,21.0,16.1,11.1,5.4,2.3,"['Short trip', 'Weekend']",0,1,1,0,0,2,1.3795268143256814,-1.3099244957023595,Spokojne kierunki kulturowe
ae4f0783-8381-40aa-a59f-21ac90f3ac43,Leipzig,Germany,europe,"Charming cobblestone streets, vibrant arts scene, and lively music venues create a welcoming vibe that's both culturally rich and refreshingly laid-back.",51.3406321,12.3747329,"{""1"":{""avg"":2.4,""max"":4.8,""min"":-0.2},""2"":{""avg"":3.4,""max"":7.1,""min"":-0.2},""3"":{""avg"":5.8,""max"":10.5,""min"":1.4},""4"":{""avg"":9.5,""max"":14.8,""min"":3.9},""5"":{""avg"":14.2,""max"":19.7,""min"":8.2},""6"":{""avg"":19,""max"":24.8,""min"":13.1},""7"":{""avg"":20.1,""max"":26,""min"":14.2},""8"":{""avg"":20.2,""max"":26,""min"":14.4},""9"":{""avg"":15.8,""max"":21.4,""min"":10.5},""10"":{""avg"":11.2,""max"":15.5,""min"":7.4},""11"":{""avg"":6.1,""max"":9.2,""min"":3.1},""12"":{""avg"":4.1,""max"":6.5,""min"":1.5}}","[""Short trip"",""Weekend"",""One week""]",Mid-range,4,2,3,1,4,4,3,4,2,2,2.4,3.4,5.8,9.5,14.2,19.0,20.1,20.2,15.8,11.2,6.1,4.1,"['Short trip', 'Weekend', 'One week']",0,1,1,1,0,1,2.28520146256778,-0.48958121901682605,Miejskie i kulturowe
63063324-d84d-44b2-9329-8f80e881d2db,Hue,Vietnam,asia,"Ancient temples and serene riverside views offer a peaceful escape, with fragrant street food and friendly locals adding to the charm.",16.4639321,107.5863388,"{""1"":{""avg"":20.6,""max"":23.9,""min"":18},""2"":{""avg"":21.5,""max"":25.5,""min"":18.5},""3"":{""avg"":24.4,""max"":28.8,""min"":21.2},""4"":{""avg"":26.9,""max"":31.8,""min"":23.3},""5"":{""avg"":29,""max"":34.3,""min"":25.1},""6"":{""avg"":30.5,""max"":36.2,""min"":25.9},""7"":{""avg"":30,""max"":35.6,""min"":25.6},""8"":{""avg"":30,""max"":35.8,""min"":25.8},""9"":{""avg"":28,""max"":32.8,""min"":24.7},""10"":{""avg"":25.7,""max"":29,""min"":23.4},""11"":{""avg"":24.4,""max"":27.7,""min"":22},""12"":{""avg"":21,""max"":23.4,""min"":19}}","[""Short trip"",""Weekend"",""One week""]",Budget,5,3,3,2,2,4,3,3,4,1,20.6,21.5,24.4,26.9,29.0,30.5,30.0,30.0,28.0,25.7,24.4,21.0,"['Short trip', 'Weekend', 'One week']",0,1,1,1,0,2,0.14667499910267734,-1.1675303080182593,Spokojne kierunki kulturowe
e404bce8-ac29-4a27-bc11-a6e677c79ae9,Braga,Portugal,europe,"Charming cobblestone streets and ancient churches create a serene atmosphere, while lively squares and local eateries offer a warm, welcoming experience.",41.5510583,-8.4280045,"{""1"":{""avg"":9.7,""max"":13.3,""min"":6.6},""2"":{""avg"":11.3,""max"":15.1,""min"":7.9},""3"":{""avg"":12.7,""max"":16.5,""min"":9.5},""4"":{""avg"":14.1,""max"":17.8,""min"":10.4},""5"":{""avg"":16.5,""max"":20.3,""min"":12.5},""6"":{""avg"":17.6,""max"":21.2,""min"":14},""7"":{""avg"":19.6,""max"":23.6,""min"":15.7},""8"":{""avg"":19.4,""max"":23.4,""min"":15.6},""9"":{""avg"":18.7,""max"":22.8,""min"":15},""10"":{""avg"":16.2,""max"":19.8,""min"":13.2},""11"":{""avg"":13.1,""max"":16.2,""min"":10.5},""12"":{""avg"":11.1,""max"":14.2,""min"":8.5}}","[""Short trip"",""Weekend""]",Mid-range,4,2,3,2,3,4,3,3,3,2,9.7,11.3,12.7,14.1,16.5,17.6,19.6,19.4,18.7,16.2,13.1,11.1,"['Short trip', 'Weekend']",0,1,1,0,0,2,0.9572665469286458,-0.7891230484739256,Spokojne kierunki kulturowe
7cca7133-fa5c-4ef8-bf83-f9a9221130cb,Ha Long,Vietnam,asia,"Misty limestone karsts rise dramatically from emerald waters, creating a serene and mystical atmosphere perfect for peaceful exploration and reflection.",20.9528365,107.0800003,"{""1"":{""avg"":17.2,""max"":21.3,""min"":14.5},""2"":{""avg"":18.1,""max"":21.9,""min"":16},""3"":{""avg"":21.1,""max"":24.6,""min"":19.2},""4"":{""avg"":24,""max"":27.5,""min"":22},""5"":{""avg"":27.4,""max"":30.9,""min"":24.5},""6"":{""avg"":29.4,""max"":33.2,""min"":26.6},""7"":{""avg"":28.9,""max"":33.1,""min"":26.4},""8"":{""avg"":28.2,""max"":31.9,""min"":25.5},""9"":{""avg"":27.6,""max"":31.5,""min"":24.8},""10"":{""avg"":24.8,""max"":28.5,""min"":21.6},""11"":{""avg"":22.6,""max"":27.2,""min"":19.5},""12"":{""avg"":17.8,""max"":22.2,""min"":14.4}}","[""Short trip"",""Weekend"",""One week""]",Budget,3,4,5,3,2,4,3,2,4,1,17.2,18.1,21.1,24.0,27.4,29.4,28.9,28.2,27.6,24.8,22.6,17.8,"['Short trip', 'Weekend', 'One week']",0,1,1,1,0,0,-2.4770052515453282,0.3430097128013721,Natura i przygoda
7501d127-18a5-4b9a-8b57-c171d707d2d8,Manaus,Brazil,south_america,"A bustling gateway to the Amazon, where vibrant markets, lush rainforests, and the confluence of rivers create a unique sensory adventure.",-3.1316333,-59.9825041,"{""1"":{""avg"":26.8,""max"":30.4,""min"":24.2},""2"":{""avg"":26.8,""max"":30.5,""min"":24.2},""3"":{""avg"":26.7,""max"":30.3,""min"":24.2},""4"":{""avg"":26.8,""max"":30.2,""min"":24.3},""5"":{""avg"":27,""max"":30.5,""min"":24.4},""6"":{""avg"":27.2,""max"":30.7,""min"":24.4},""7"":{""avg"":27.9,""max"":31.7,""min"":24.6},""8"":{""avg"":28.8,""max"":33.1,""min"":25.1},""9"":{""avg"":29.3,""max"":34,""min"":25.5},""10"":{""avg"":28.9,""max"":33.4,""min"":25.3},""11"":{""avg"":28.2,""max"":32.3,""min"":25},""12"":{""avg"":27.1,""max"":30.8,""min"":24.4}}","[""Short trip"",""Long trip"",""One week""]",Mid-range,4,4,5,2,3,4,3,3,4,2,26.8,26.8,26.7,26.8,27.0,27.2,27.9,28.8,29.3,28.9,28.2,27.1,"['Short trip', 'Long trip', 'One week']",0,0,1,1,1,3,-1.1596707120656002,0.28181260034228134,"Plaże, natura i relaks"
7517208d-21a3-426b-9489-798ff1e26967,San Andrés,Colombia,south_america,"Turquoise waters, vibrant coral reefs, and a laid-back island vibe invite you to unwind and enjoy the sun-drenched beaches and local culture.",12.5375979,-81.7204155,"{""1"":{""avg"":27.4,""max"":29.8,""min"":25},""2"":{""avg"":27.4,""max"":30,""min"":25.2},""3"":{""avg"":27.7,""max"":30.6,""min"":25.8},""4"":{""avg"":28.3,""max"":31.2,""min"":26.4},""5"":{""avg"":28.8,""max"":31.6,""min"":26.7},""6"":{""avg"":28.6,""max"":31,""min"":26.2},""7"":{""avg"":28.7,""max"":31.1,""min"":26.4},""8"":{""avg"":28.7,""max"":31.3,""min"":26.2},""9"":{""avg"":28.6,""max"":31.6,""min"":25.8},""10"":{""avg"":28.2,""max"":31.3,""min"":25.4},""11"":{""avg"":28.1,""max"":30.7,""min"":25},""12"":{""avg"":28,""max"":30.2,""min"":25.5}}","[""Short trip"",""Weekend"",""One week""]",Mid-range,2,4,4,5,3,3,3,2,4,2,27.4,27.4,27.7,28.3,28.8,28.6,28.7,28.7,28.6,28.2,28.1,28.0,"['Short trip', 'Weekend', 'One week']",0,1,1,1,0,0,-2.7656544264843865,1.0998149947551914,Natura i przygoda
51be0fb4-70bd-42c9-90d2-1f3d18ac005c,Búzios,Brazil,south_america,Charming cobblestone streets lined with vibrant boutiques and cozy beachside bars create a laid-back vibe perfect for unwinding and soaking up the sun.,-22.7597805,-41.8875267,"{""1"":{""avg"":26,""max"":29.9,""min"":22.9},""2"":{""avg"":26.5,""max"":30.9,""min"":23},""3"":{""avg"":26.4,""max"":30.7,""min"":22.8},""4"":{""avg"":24.5,""max"":28.2,""min"":21.1},""5"":{""avg"":23,""max"":26.9,""min"":19.6},""6"":{""avg"":21.9,""max"":26.4,""min"":17.7},""7"":{""avg"":21.2,""max"":25.8,""min"":17},""8"":{""avg"":21.5,""max"":25.4,""min"":18.3},""9"":{""avg"":22.7,""max"":26.4,""min"":20.1},""10"":{""avg"":23.5,""max"":27.1,""min"":20.8},""11"":{""avg"":23.9,""max"":27.6,""min"":20.8},""12"":{""avg"":25.4,""max"":29.3,""min"":21.8}}","[""Short trip"",""Weekend"",""One week""]",Mid-range,3,4,4,5,4,4,3,2,3,2,26.0,26.5,26.4,24.5,23.0,21.9,21.2,21.5,22.7,23.5,23.9,25.4,"['Short trip', 'Weekend', 'One week']",0,1,1,1,0,3,-1.0355059490262606,1.7872456490270237,"Plaże, natura i relaks"
7aed9c1b-6faa-4177-aea9-2c32c6ca34f9,Florianópolis,Brazil,south_america,"A blend of vibrant beaches, lush greenery, and lively markets creates a laid-back yet energetic vibe perfect for unwinding and exploring.",-27.5973002,-48.5496098,"{""1"":{""avg"":25.2,""max"":29.2,""min"":22.2},""2"":{""avg"":25.2,""max"":29.2,""min"":22.1},""3"":{""avg"":24.6,""max"":28.4,""min"":21.7},""4"":{""avg"":22.3,""max"":26,""min"":19.4},""5"":{""avg"":19.6,""max"":23.3,""min"":16.4},""6"":{""avg"":17.8,""max"":21.9,""min"":14.7},""7"":{""avg"":17,""max"":21,""min"":13.8},""8"":{""avg"":17.9,""max"":21.8,""min"":14.9},""9"":{""avg"":19.4,""max"":23,""min"":16.5},""10"":{""avg"":20.7,""max"":24,""min"":18},""11"":{""avg"":22,""max"":25.6,""min"":19},""12"":{""avg"":23.9,""max"":27.6,""min"":20.8}}","[""Short trip"",""Weekend"",""One week""]",Mid-range,3,4,5,5,4,4,3,4,3,2,25.2,25.2,24.6,22.3,19.6,17.8,17.0,17.9,19.4,20.7,22.0,23.9,"['Short trip', 'Weekend', 'One week']",0,1,1,1,0,3,-0.642713765674366,2.279530785607123,"Plaże, natura i relaks"
5407caa2-9db7-4bcb-af71-00b5f8146bf0,San Carlos de Bariloche,Argentina,south_america,"Nestled in the Andes, this destination offers stunning lake views, cozy alpine-style chalets, and a sense of tranquility amidst breathtaking natural beauty.",-41.1334781,-71.3101474,"{""1"":{""avg"":15.9,""max"":24.8,""min"":7.4},""2"":{""avg"":15.9,""max"":25,""min"":7.6},""3"":{""avg"":12.6,""max"":20.9,""min"":4.9},""4"":{""avg"":8.8,""max"":16.2,""min"":2.8},""5"":{""avg"":5.4,""max"":10.8,""min"":0.1},""6"":{""avg"":3.1,""max"":7.7,""min"":-1.1},""7"":{""avg"":2.1,""max"":6.9,""min"":-2.3},""8"":{""avg"":3.5,""max"":9.5,""min"":-1.3},""9"":{""avg"":5.5,""max"":11.9,""min"":-0.2},""10"":{""avg"":8,""max"":16.3,""min"":1.8},""11"":{""avg"":11.5,""max"":19.1,""min"":4.7},""12"":{""avg"":14.2,""max"":23.1,""min"":5.8}}","[""Short trip"",""One week""]",Mid-range,3,5,5,2,3,4,3,3,4,2,15.9,15.9,12.6,8.8,5.4,3.1,2.1,3.5,5.5,8.0,11.5,14.2,"['Short trip', 'One week']",0,0,1,1,0,0,-1.9745073053589928,0.9158834687340427,Natura i przygoda
2dddf603-1db5-4f2f-a38b-0ca221a2c029,Niagara Falls,Canada,north_america,"Roaring waters cascade with breathtaking power, mist hangs in the air, and the vibrant energy of nature leaves you in awe.",43.1065603,-79.0639039,"{""1"":{""avg"":-2.9,""max"":0.3,""min"":-6.3},""2"":{""avg"":-2.3,""max"":1.4,""min"":-6.4},""3"":{""avg"":2.1,""max"":7.1,""min"":-3},""4"":{""avg"":7.7,""max"":12.7,""min"":2.9},""5"":{""avg"":15.3,""max"":20.9,""min"":9.7},""6"":{""avg"":20.1,""max"":25.1,""min"":14.9},""7"":{""avg"":23.3,""max"":28.2,""min"":18.3},""8"":{""avg"":21.9,""max"":26.7,""min"":17.2},""9"":{""avg"":18.5,""max"":23.5,""min"":13.7},""10"":{""avg"":11.9,""max"":16.3,""min"":7.6},""11"":{""avg"":5.4,""max"":9.1,""min"":1.4},""12"":{""avg"":1.6,""max"":4.5,""min"":-1.4}}","[""Weekend"",""Day trip"",""Short trip""]",Mid-range,3,4,5,2,3,3,3,3,2,2,-2.9,-2.3,2.1,7.7,15.3,20.1,23.3,21.9,18.5,11.9,5.4,1.6,"['Weekend', 'Day trip', 'Short trip']",1,1,1,0,0,0,-1.2451165765590948,0.34103482917914196,Natura i przygoda
dbd636c4-9ea8-484d-8c03-ddd4afbef234,Darwin,Australia,oceania,"A vibrant blend of tropical climate, diverse wildlife, and rich Indigenous culture creates an inviting and adventurous atmosphere for exploration and discovery.",-12.46044,130.8410469,"{""1"":{""avg"":28.5,""max"":32.2,""min"":25.4},""2"":{""avg"":28.5,""max"":32.3,""min"":25.4},""3"":{""avg"":28.7,""max"":32.8,""min"":25.4},""4"":{""avg"":28.5,""max"":33.2,""min"":24.5},""5"":{""avg"":27.2,""max"":32.8,""min"":22.6},""6"":{""avg"":25.8,""max"":32,""min"":20.8},""7"":{""avg"":25.1,""max"":31.6,""min"":19.6},""8"":{""avg"":26.2,""max"":32.7,""min"":20.5},""9"":{""avg"":28,""max"":33.7,""min"":23.3},""10"":{""avg"":29.4,""max"":34.1,""min"":25.3},""11"":{""avg"":29.6,""max"":34.3,""min"":25.6},""12"":{""avg"":29.5,""max"":33.5,""min"":25.8}}","[""One week"",""Weekend"",""Short trip""]",Mid-range,3,4,4,3,3,3,3,3,3,2,28.5,28.5,28.7,28.5,27.2,25.8,25.1,26.2,28.0,29.4,29.6,29.5,"['One week', 'Weekend', 'Short trip']",0,1,1,1,0,3,-1.3218637785385257,0.38477999478168684,"Plaże, natura i relaks"
4275d73f-3ab5-4d42-a0ec-d960af797dbd,Great Barrier Reef,Australia,oceania,Crystal-clear waters teeming with vibrant marine life and coral formations create a mesmerizing underwater world perfect for exploration and awe.,-16.35,145.9,"{""1"":{""avg"":27.6,""max"":31.9,""min"":25.8},""2"":{""avg"":27.3,""max"":32,""min"":25.9},""3"":{""avg"":27.1,""max"":31.1,""min"":25.5},""4"":{""avg"":26.3,""max"":29.6,""min"":24.9},""5"":{""avg"":24.2,""max"":27.4,""min"":23.3},""6"":{""avg"":23.2,""max"":25.8,""min"":22},""7"":{""avg"":22.3,""max"":25.4,""min"":21.3},""8"":{""avg"":22.5,""max"":26.5,""min"":21.3},""9"":{""avg"":23.7,""max"":28.5,""min"":22.4},""10"":{""avg"":25.3,""max"":30.8,""min"":23.7},""11"":{""avg"":26.3,""max"":32.1,""min"":24.8},""12"":{""avg"":27.2,""max"":32.5,""min"":25.8}}","[""One week"",""Long trip""]",Luxury,2,5,5,5,2,3,3,1,4,3,27.6,27.3,27.1,26.3,24.2,23.2,22.3,22.5,23.7,25.3,26.3,27.2,"['One week', 'Long trip']",0,0,0,1,1,0,-4.424742006909171,1.1437730859223634,Natura i przygoda
87d97654-895c-4b23-91a9-4683b9f17ca3,Amritsar,India,asia,"Golden hues of the temple shimmer in the sun, while the aroma of spices and the hum of prayers create a serene, vibrant atmosphere.",31.6356659,74.8787496,"{""1"":{""avg"":11,""max"":16.3,""min"":5.9},""2"":{""avg"":15.1,""max"":22.3,""min"":8.2},""3"":{""avg"":19.8,""max"":27.2,""min"":13.3},""4"":{""avg"":26,""max"":34.5,""min"":17.9},""5"":{""avg"":30.9,""max"":38.7,""min"":22.8},""6"":{""avg"":32.2,""max"":39.6,""min"":25.9},""7"":{""avg"":30.5,""max"":35.4,""min"":26.6},""8"":{""avg"":30,""max"":34.8,""min"":26.4},""9"":{""avg"":28.7,""max"":34.3,""min"":24.8},""10"":{""avg"":24.6,""max"":32,""min"":18.4},""11"":{""avg"":18,""max"":26.3,""min"":12},""12"":{""avg"":12.5,""max"":19.3,""min"":6.4}}","[""One week"",""Weekend"",""Short trip""]",Budget,5,2,3,1,2,5,3,3,2,1,11.0,15.1,19.8,26.0,30.9,32.2,30.5,30.0,28.7,24.6,18.0,12.5,"['One week', 'Weekend', 'Short trip']",0,1,1,1,0,1,2.0042427252637065,-1.2743568453227112,Miejskie i kulturowe
c6d2af39-1f3d-414e-a3fd-bfb3046ed797,Machu Picchu,Peru,south_america,"Misty mountain peaks and ancient stone terraces create a mystical atmosphere, inviting you to explore and connect with history and nature.",-13.164422,-72.5450851,"{""1"":{""avg"":13.3,""max"":20,""min"":8.3},""2"":{""avg"":13.2,""max"":19.6,""min"":8.6},""3"":{""avg"":13.2,""max"":20.2,""min"":8.1},""4"":{""avg"":13,""max"":20.4,""min"":6.6},""5"":{""avg"":11.9,""max"":20.8,""min"":3.8},""6"":{""avg"":11.1,""max"":20.8,""min"":1.8},""7"":{""avg"":11,""max"":21.4,""min"":1.4},""8"":{""avg"":12.5,""max"":21.9,""min"":3},""9"":{""avg"":13.5,""max"":21.9,""min"":5.3},""10"":{""avg"":14,""max"":21.8,""min"":6.9},""11"":{""avg"":14.6,""max"":21.6,""min"":8.2},""12"":{""avg"":13.3,""max"":20.3,""min"":8}}","[""One week"",""Long trip""]",Luxury,5,5,5,1,1,3,2,1,4,3,13.3,13.2,13.2,13.0,11.9,11.1,11.0,12.5,13.5,14.0,14.6,13.3,"['One week', 'Long trip']",0,0,0,1,1,0,-3.114469259426682,-2.3891461532569966,Natura i przygoda
f8f7bb79-2b58-449d-80db-aec499bb2f24,Antwerp,Belgium,europe,"Cobblestone streets lined with historic buildings, vibrant art scenes, and bustling markets create a lively yet charmingly intimate atmosphere.",51.2211097,4.3997081,"{""1"":{""avg"":4.5,""max"":6.7,""min"":2.1},""2"":{""avg"":5.6,""max"":8.8,""min"":2.4},""3"":{""avg"":7.9,""max"":11.7,""min"":4.2},""4"":{""avg"":10.2,""max"":14.6,""min"":5.4},""5"":{""avg"":14.3,""max"":19,""min"":9.6},""6"":{""avg"":18.1,""max"":22.5,""min"":13.6},""7"":{""avg"":19.2,""max"":23.5,""min"":14.7},""8"":{""avg"":19.2,""max"":23.8,""min"":14.8},""9"":{""avg"":15.9,""max"":20.4,""min"":11.6},""10"":{""avg"":12.2,""max"":15.8,""min"":8.8},""11"":{""avg"":7.7,""max"":10.4,""min"":4.8},""12"":{""avg"":6.2,""max"":8.2,""min"":3.9}}","[""One week"",""Weekend"",""Short trip""]",Mid-range,4,2,2,1,4,4,3,4,2,2,4.5,5.6,7.9,10.2,14.3,18.1,19.2,19.2,15.9,12.2,7.7,6.2,"['One week', 'Weekend', 'Short trip']",0,1,1,1,0,1,2.727001673955963,-0.694760537073736,Miejskie i kulturowe
b896db96-451a-4b69-aa09-60c677573869,Nuremberg,Germany,europe,"Charming medieval streets, vibrant markets, and a rich history offer a delightful blend of old-world charm and modern vibrancy.",49.453872,11.077298,"{""1"":{""avg"":1.6,""max"":4.5,""min"":-1.6},""2"":{""avg"":2.9,""max"":7,""min"":-1.1},""3"":{""avg"":5.8,""max"":11.3,""min"":0.3},""4"":{""avg"":9.6,""max"":15.8,""min"":3},""5"":{""avg"":14.1,""max"":19.9,""min"":7.6},""6"":{""avg"":18.9,""max"":25,""min"":12.3},""7"":{""avg"":20.2,""max"":26.5,""min"":13.4},""8"":{""avg"":19.9,""max"":26.4,""min"":13.5},""9"":{""avg"":15.2,""max"":21.4,""min"":9.3},""10"":{""avg"":10.5,""max"":15.4,""min"":5.7},""11"":{""avg"":5.4,""max"":8.8,""min"":1.9},""12"":{""avg"":2.9,""max"":5.6,""min"":0}}","[""Short trip"",""Weekend""]",Mid-range,4,2,3,1,3,4,3,4,2,2,1.6,2.9,5.8,9.6,14.1,18.9,20.2,19.9,15.2,10.5,5.4,2.9,"['Short trip', 'Weekend']",0,1,1,0,0,1,1.8931101576662985,-0.8944946228717854,Miejskie i kulturowe
9df51067-3c5a-43b1-adad-bcd6778f096c,Funchal,Portugal,europe,"Charming cobblestone streets lined with vibrant flowers, ocean breezes, and the aroma of local cuisine create a welcoming and relaxed atmosphere.",32.6496497,-16.9086783,"{""1"":{""avg"":17.4,""max"":19.2,""min"":15.4},""2"":{""avg"":17.2,""max"":19.4,""min"":15},""3"":{""avg"":17.4,""max"":21,""min"":15},""4"":{""avg"":18.2,""max"":21.2,""min"":15.9},""5"":{""avg"":19.5,""max"":22.6,""min"":17.4},""6"":{""avg"":21,""max"":23.6,""min"":18.7},""7"":{""avg"":22.6,""max"":25.5,""min"":20.3},""8"":{""avg"":23.9,""max"":27,""min"":21.4},""9"":{""avg"":23.3,""max"":26,""min"":21.1},""10"":{""avg"":22.3,""max"":24.7,""min"":20},""11"":{""avg"":20,""max"":21.7,""min"":17.8},""12"":{""avg"":18.7,""max"":20.3,""min"":16.6}}","[""Short trip"",""Weekend"",""One week""]",Mid-range,4,3,5,3,3,4,4,3,4,2,17.4,17.2,17.4,18.2,19.5,21.0,22.6,23.9,23.3,22.3,20.0,18.7,"['Short trip', 'Weekend', 'One week']",0,1,1,1,0,3,-0.9302937860598643,1.1935830727129315,"Plaże, natura i relaks"
7a9eddac-e034-48ef-9bfd-6c22872b0b9f,Nuwara Eliya,Sri Lanka,asia,"Mist-covered hills and lush tea plantations create a cool, serene atmosphere, perfect for unwinding and soaking in nature's beauty.",7.012402,80.7571612,"{""1"":{""avg"":15,""max"":19.6,""min"":11.2},""2"":{""avg"":15.4,""max"":20.3,""min"":10.7},""3"":{""avg"":16.4,""max"":21.7,""min"":11.5},""4"":{""avg"":17,""max"":22.4,""min"":12.2},""5"":{""avg"":17.4,""max"":21.7,""min"":13.7},""6"":{""avg"":17,""max"":20.5,""min"":14.1},""7"":{""avg"":16.4,""max"":19.8,""min"":13.8},""8"":{""avg"":16.2,""max"":20,""min"":13.4},""9"":{""avg"":16.1,""max"":19.2,""min"":13.5},""10"":{""avg"":16.1,""max"":19.9,""min"":13},""11"":{""avg"":16.1,""max"":19.9,""min"":12.8},""12"":{""avg"":15.5,""max"":19.6,""min"":11.9}}","[""Short trip"",""Weekend""]",Budget,3,3,5,1,2,3,4,2,4,1,15.0,15.4,16.4,17.0,17.4,17.0,16.4,16.2,16.1,16.1,16.1,15.5,"['Short trip', 'Weekend']",0,1,1,0,0,0,-2.458180736840518,-0.24916261789064895,Natura i przygoda
721438aa-e640-4fea-a704-7c336b9e6994,Naypyidaw,Myanmar,asia,"Wide, quiet streets and sprawling landscapes create a serene atmosphere, offering a unique glimpse into a city designed for calm exploration.",19.7753289,96.1032552,"{""1"":{""avg"":22.2,""max"":30.6,""min"":15.4},""2"":{""avg"":24.1,""max"":33.2,""min"":16.6},""3"":{""avg"":28,""max"":36.5,""min"":20.9},""4"":{""avg"":30.9,""max"":37.7,""min"":25.4},""5"":{""avg"":29.5,""max"":35.8,""min"":25},""6"":{""avg"":27,""max"":31.8,""min"":24},""7"":{""avg"":26.9,""max"":31.5,""min"":23.8},""8"":{""avg"":26.6,""max"":31.1,""min"":23.8},""9"":{""avg"":26.8,""max"":31.7,""min"":23.5},""10"":{""avg"":26.8,""max"":32.2,""min"":23.5},""11"":{""avg"":25.9,""max"":32,""min"":21.6},""12"":{""avg"":24.2,""max"":31.3,""min"":18.8}}","[""Short trip"",""Weekend""]",Budget,2,2,3,1,1,2,2,2,4,1,22.2,24.1,28.0,30.9,29.5,27.0,26.9,26.6,26.8,26.8,25.9,24.2,"['Short trip', 'Weekend']",0,1,1,0,0,2,-2.3242665619105822,-3.492639665125406,Spokojne kierunki kulturowe
b899c1cb-9a0f-4ee5-bf79-dcb5eef9f5ef,Rosario,Argentina,south_america,"Riverfront parks, lively streets, and a mix of modern and historic architecture create a welcoming atmosphere that's both vibrant and laid-back.",-32.9593609,-60.6617024,"{""1"":{""avg"":25.4,""max"":32.3,""min"":19},""2"":{""avg"":24.4,""max"":31.4,""min"":17.9},""3"":{""avg"":21.8,""max"":28.6,""min"":16.3},""4"":{""avg"":18.5,""max"":24.6,""min"":12.4},""5"":{""avg"":14.1,""max"":19.9,""min"":8.1},""6"":{""avg"":11.5,""max"":18.4,""min"":5.4},""7"":{""avg"":10.8,""max"":17.7,""min"":5},""8"":{""avg"":13,""max"":20.8,""min"":6},""9"":{""avg"":15.6,""max"":23.5,""min"":8.9},""10"":{""avg"":18.3,""max"":26.1,""min"":11.9},""11"":{""avg"":21.7,""max"":29.2,""min"":15.4},""12"":{""avg"":24,""max"":31.1,""min"":17}}","[""Short trip"",""Weekend"",""One week""]",Mid-range,4,3,3,2,4,4,3,4,2,2,25.4,24.4,21.8,18.5,14.1,11.5,10.8,13.0,15.6,18.3,21.7,24.0,"['Short trip', 'Weekend', 'One week']",0,1,1,1,0,1,1.776291285122801,0.2605015106206888,Miejskie i kulturowe
bf26a0cb-e3b3-4849-89a3-619fff9c5cec,Nazca,Peru,south_america,"Endless desert landscapes meet ancient mysteries, with a quiet charm that invites you to explore its enigmatic lines and vibrant local culture.",-14.8277203,-74.9370624,"{""1"":{""avg"":23.4,""max"":31.4,""min"":18.2},""2"":{""avg"":24.1,""max"":31.4,""min"":19.5},""3"":{""avg"":24.3,""max"":31.7,""min"":19.5},""4"":{""avg"":22.2,""max"":30,""min"":17},""5"":{""avg"":19.1,""max"":27.5,""min"":13.9},""6"":{""avg"":16.8,""max"":25.4,""min"":11.4},""7"":{""avg"":16.4,""max"":25.3,""min"":10.8},""8"":{""avg"":16.9,""max"":26.4,""min"":10.9},""9"":{""avg"":17.2,""max"":26.9,""min"":11.3},""10"":{""avg"":19.3,""max"":29.1,""min"":13},""11"":{""avg"":20.1,""max"":29.1,""min"":14},""12"":{""avg"":21.8,""max"":30,""min"":16.3}}","[""Weekend"",""Day trip""]",Budget,4,3,3,1,2,3,2,2,4,1,23.4,24.1,24.3,22.2,19.1,16.8,16.4,16.9,17.2,19.3,20.1,21.8,"['Weekend', 'Day trip']",1,1,0,0,0,2,-1.0126183273769438,-2.778702866542948,Spokojne kierunki kulturowe
969d48bd-820e-41da-baef-370028e33139,Los Cabos,Mexico,north_america,"Golden beaches meet the azure sea, with vibrant nightlife and serene desert landscapes offering a captivating blend of relaxation and adventure.",21.166121,-100.936442,"{""1"":{""avg"":15.5,""max"":23,""min"":8.7},""2"":{""avg"":17.3,""max"":25.5,""min"":9.7},""3"":{""avg"":20.3,""max"":29.3,""min"":12.2},""4"":{""avg"":23.1,""max"":31.8,""min"":13.1},""5"":{""avg"":23.3,""max"":31.6,""min"":15.1},""6"":{""avg"":22.2,""max"":30.2,""min"":15.3},""7"":{""avg"":20.7,""max"":28.2,""min"":14.4},""8"":{""avg"":20.6,""max"":27.9,""min"":14.4},""9"":{""avg"":19.9,""max"":27.2,""min"":13.9},""10"":{""avg"":19,""max"":26.2,""min"":12.6},""11"":{""avg"":17.7,""max"":25.5,""min"":10.7},""12"":{""avg"":14.9,""max"":22.1,""min"":9.2}}","[""Short trip"",""Weekend"",""One week""]",Mid-range,3,4,4,5,4,4,4,3,3,2,15.5,17.3,20.3,23.1,23.3,22.2,20.7,20.6,19.9,19.0,17.7,14.9,"['Short trip', 'Weekend', 'One week']",0,1,1,1,0,3,-0.6957223817356701,2.8669764734753858,"Plaże, natura i relaks"
25a78dc9-fc62-41fb-95db-b2557dacf493,Charleston,United States,north_america,"Charming cobblestone streets lined with historic homes, the scent of saltwater in the air, and a welcoming Southern hospitality create a warm atmosphere.",32.7884363,-79.9399309,"{""1"":{""avg"":10.3,""max"":15.8,""min"":4.6},""2"":{""avg"":12.7,""max"":18.7,""min"":7.3},""3"":{""avg"":16.2,""max"":22.3,""min"":10},""4"":{""avg"":19.1,""max"":24.7,""min"":13.5},""5"":{""avg"":23.2,""max"":28.2,""min"":18.4},""6"":{""avg"":26.3,""max"":31.1,""min"":22.1},""7"":{""avg"":27.9,""max"":32.5,""min"":24},""8"":{""avg"":27.3,""max"":31.8,""min"":23.6},""9"":{""avg"":25.2,""max"":29.9,""min"":21.2},""10"":{""avg"":20.5,""max"":26.1,""min"":15.7},""11"":{""avg"":15.2,""max"":21.1,""min"":9.9},""12"":{""avg"":12.3,""max"":17.9,""min"":7.3}}","[""One week"",""Weekend"",""Short trip""]",Mid-range,4,3,3,3,3,5,3,3,3,2,10.3,12.7,16.2,19.1,23.2,26.3,27.9,27.3,25.2,20.5,15.2,12.3,"['One week', 'Weekend', 'Short trip']",0,1,1,1,0,1,0.961939712824284,0.3763895539941635,Miejskie i kulturowe
f995d5c0-49d2-495e-890e-c6aa0eda12d6,Cozumel,Mexico,north_america,"Crystal-clear waters, lively coral reefs, and gentle ocean breezes create a serene paradise perfect for snorkeling, diving, and unwinding by the beach.",20.4320599,-86.9206906,"{""1"":{""avg"":24.7,""max"":29.2,""min"":20.6},""2"":{""avg"":25,""max"":29.6,""min"":20.7},""3"":{""avg"":26.4,""max"":31.7,""min"":21.9},""4"":{""avg"":27.3,""max"":32.3,""min"":22.8},""5"":{""avg"":28.7,""max"":33.4,""min"":24.9},""6"":{""avg"":28.3,""max"":32.2,""min"":25.2},""7"":{""avg"":29.1,""max"":33.2,""min"":25.3},""8"":{""avg"":28.8,""max"":33.3,""min"":24.8},""9"":{""avg"":28.2,""max"":32.7,""min"":24.4},""10"":{""avg"":27.4,""max"":31.4,""min"":24},""11"":{""avg"":26.2,""max"":30,""min"":22.9},""12"":{""avg"":25.2,""max"":29.8,""min"":21.1}}","[""One week"",""Weekend"",""Short trip""]",Mid-range,3,4,4,5,3,4,3,2,4,2,24.7,25.0,26.4,27.3,28.7,28.3,29.1,28.8,28.2,27.4,26.2,25.2,"['One week', 'Weekend', 'Short trip']",0,1,1,1,0,3,-1.8451343566154583,1.2684190854208197,"Plaże, natura i relaks"
9e8b73c7-88c3-44f5-ba9c-9f38389e0a27,Lille,France,europe,"Charming cobblestone streets, vibrant squares, and a mix of Flemish and French influences create a welcoming atmosphere full of character and warmth.",50.6365654,3.0635282,"{""1"":{""avg"":4.2,""max"":7,""min"":1.6},""2"":{""avg"":5.6,""max"":9,""min"":2.6},""3"":{""avg"":7.7,""max"":11.7,""min"":4},""4"":{""avg"":10.4,""max"":15.6,""min"":5.7},""5"":{""avg"":14.2,""max"":19.5,""min"":9.4},""6"":{""avg"":17.9,""max"":23.2,""min"":12.9},""7"":{""avg"":19.4,""max"":25.1,""min"":14.5},""8"":{""avg"":19.4,""max"":25.1,""min"":14.6},""9"":{""avg"":16.1,""max"":21.4,""min"":11.5},""10"":{""avg"":12.4,""max"":16.5,""min"":8.8},""11"":{""avg"":7.9,""max"":11,""min"":5},""12"":{""avg"":6,""max"":8.6,""min"":3.6}}","[""Weekend"",""Short trip""]",Mid-range,4,2,2,1,3,4,3,4,2,2,4.2,5.6,7.7,10.4,14.2,17.9,19.4,19.4,16.1,12.4,7.9,6.0,"['Weekend', 'Short trip']",0,1,1,0,0,1,2.334910369054482,-1.0996739409286953,Miejskie i kulturowe
f5d28e62-c1af-48f7-b421-abfc658ec04a,Arica,Chile,south_america,"Sun-drenched coastal vibes mix with desert landscapes, offering a unique blend of serene beaches and captivating cultural history.",-18.4785288,-70.3211394,"{""1"":{""avg"":22.4,""max"":25.1,""min"":19.9},""2"":{""avg"":23.2,""max"":26.2,""min"":20.8},""3"":{""avg"":22.1,""max"":25.3,""min"":19.5},""4"":{""avg"":20.5,""max"":23.6,""min"":17.8},""5"":{""avg"":18.7,""max"":20.8,""min"":16.2},""6"":{""avg"":17.5,""max"":19.4,""min"":15.6},""7"":{""avg"":16.4,""max"":18.5,""min"":14.9},""8"":{""avg"":16.4,""max"":18.3,""min"":15.3},""9"":{""avg"":16.4,""max"":18.6,""min"":15},""10"":{""avg"":17.9,""max"":20.1,""min"":15.5},""11"":{""avg"":19.4,""max"":21.8,""min"":17},""12"":{""avg"":20.9,""max"":23.6,""min"":18.5}}","[""Weekend"",""Short trip""]",Budget,3,4,4,4,3,3,3,2,4,1,22.4,23.2,22.1,20.5,18.7,17.5,16.4,16.4,16.4,17.9,19.4,20.9,"['Weekend', 'Short trip']",0,1,1,0,0,0,-2.2577073892761783,0.4901515691795467,Natura i przygoda
46c37e19-a316-4859-af1f-ceeb0405c996,Plitvice Lakes,Croatia,europe,"Wandering through lush forests and cascading waterfalls, you'll feel a serene connection with nature, surrounded by vibrant turquoise lakes and tranquil pathways.",44.8523012,15.590349,"{""1"":{""avg"":3.1,""max"":7.4,""min"":-0.9},""2"":{""avg"":5.9,""max"":11.5,""min"":0.8},""3"":{""avg"":8.6,""max"":14.6,""min"":3},""4"":{""avg"":11.2,""max"":17.8,""min"":5.2},""5"":{""avg"":15.3,""max"":21.2,""min"":10},""6"":{""avg"":21,""max"":28,""min"":14.8},""7"":{""avg"":22.8,""max"":30.3,""min"":16.3},""8"":{""avg"":22.2,""max"":29.4,""min"":16.2},""9"":{""avg"":17.2,""max"":24,""min"":11.7},""10"":{""avg"":13.5,""max"":19.6,""min"":8.7},""11"":{""avg"":7.9,""max"":11.8,""min"":4.5},""12"":{""avg"":4.7,""max"":8.5,""min"":1.1}}","[""Weekend"",""Day trip"",""Short trip""]",Mid-range,2,4,5,1,1,3,3,1,4,2,3.1,5.9,8.6,11.2,15.3,21.0,22.8,22.2,17.2,13.5,7.9,4.7,"['Weekend', 'Day trip', 'Short trip']",1,1,1,0,0,0,-4.0048922023259825,-1.099735977802208,Natura i przygoda
be2239a3-3b9f-4d90-bc3a-895bb5bb716c,Taupo,New Zealand,oceania,"Nestled by a sparkling lake and surrounded by geothermal wonders, this place offers a serene escape with stunning natural beauty and adventure.",-38.6866197,176.0694773,"{""1"":{""avg"":17.7,""max"":22.9,""min"":12.4},""2"":{""avg"":17.7,""max"":23,""min"":12.4},""3"":{""avg"":15.1,""max"":20.1,""min"":10},""4"":{""avg"":12.8,""max"":17.4,""min"":8},""5"":{""avg"":10,""max"":14.4,""min"":5.3},""6"":{""avg"":8.5,""max"":12.2,""min"":4.5},""7"":{""avg"":7.6,""max"":11.4,""min"":3.8},""8"":{""avg"":7.8,""max"":11.7,""min"":3.5},""9"":{""avg"":9.5,""max"":13.5,""min"":5.5},""10"":{""avg"":11.6,""max"":16,""min"":7},""11"":{""avg"":14.3,""max"":19,""min"":9.6},""12"":{""avg"":16.6,""max"":21.4,""min"":12.2}}","[""Short trip"",""Weekend"",""One week""]",Mid-range,3,5,5,2,3,3,4,2,4,2,17.7,17.7,15.1,12.8,10.0,8.5,7.6,7.8,9.5,11.6,14.3,16.6,"['Short trip', 'Weekend', 'One week']",0,1,1,1,0,0,-2.9828994761490972,1.293078601828641,Natura i przygoda
44aaa492-d7a7-43bb-a9bf-4f0ecc209def,Yellowstone National Park,United States,north_america,"Expansive landscapes filled with geysers, hot springs, and diverse wildlife create an awe-inspiring experience of natural beauty and tranquility.",44.6200885,-110.5606893,"{""1"":{""avg"":-11.1,""max"":-5.7,""min"":-17},""2"":{""avg"":-10.3,""max"":-4.6,""min"":-16.6},""3"":{""avg"":-6.3,""max"":-0.5,""min"":-12.4},""4"":{""avg"":-2.3,""max"":3.8,""min"":-8.3},""5"":{""avg"":3.4,""max"":9.7,""min"":-2.5},""6"":{""avg"":9.4,""max"":16.8,""min"":1.5},""7"":{""avg"":13.6,""max"":22.5,""min"":4.6},""8"":{""avg"":12.4,""max"":20.9,""min"":4.1},""9"":{""avg"":7.9,""max"":16.5,""min"":0.2},""10"":{""avg"":1.9,""max"":8.6,""min"":-3.6},""11"":{""avg"":-6,""max"":-0.8,""min"":-11.6},""12"":{""avg"":-8.9,""max"":-4.4,""min"":-13.7}}","[""Short trip"",""Long trip"",""One week""]",Mid-range,2,5,5,1,1,2,3,1,5,2,-11.1,-10.3,-6.3,-2.3,3.4,9.4,13.6,12.4,7.9,1.9,-6.0,-8.9,"['Short trip', 'Long trip', 'One week']",0,0,1,1,1,0,-5.3439125151193965,-1.2418339241572107,Natura i przygoda
ba3d2dcb-3018-423f-8ede-9d98932aaf84,Key West,United States,north_america,"Sun-drenched streets with a laid-back vibe, vibrant art scenes, and ocean breezes create a carefree, tropical escape full of charm.",24.5548262,-81.8020722,"{""1"":{""avg"":22.6,""max"":25.6,""min"":20},""2"":{""avg"":24,""max"":26.5,""min"":21.6},""3"":{""avg"":25.1,""max"":27.5,""min"":22.7},""4"":{""avg"":26.2,""max"":28.6,""min"":24},""5"":{""avg"":29,""max"":31.7,""min"":26.6},""6"":{""avg"":30.2,""max"":32.7,""min"":27.4},""7"":{""avg"":31.9,""max"":34.3,""min"":29.3},""8"":{""avg"":31.6,""max"":34.2,""min"":29.2},""9"":{""avg"":30.6,""max"":33.2,""min"":28},""10"":{""avg"":28.4,""max"":30.9,""min"":26.3},""11"":{""avg"":27.2,""max"":29.6,""min"":25.1},""12"":{""avg"":24.7,""max"":27.2,""min"":22.2}}","[""Short trip"",""Weekend""]",Luxury,3,4,4,5,4,4,3,3,3,3,22.6,24.0,25.1,26.2,29.0,30.2,31.9,31.6,30.6,28.4,27.2,24.7,"['Short trip', 'Weekend']",0,1,1,0,0,3,-0.6182097516562217,1.9307985582886182,"Plaże, natura i relaks"
7896af24-7851-4897-875f-8cc5a6b0db3d,Dunedin,New Zealand,oceania,"Charming streets lined with historic architecture and lush greenery create a peaceful atmosphere, inviting leisurely strolls and moments of quiet reflection.",-45.8740984,170.5035755,"{""1"":{""avg"":15.1,""max"":18.7,""min"":11.5},""2"":{""avg"":14.8,""max"":18.7,""min"":11},""3"":{""avg"":13.4,""max"":17.3,""min"":9.8},""4"":{""avg"":10.8,""max"":14.5,""min"":7.6},""5"":{""avg"":8.4,""max"":11.9,""min"":5.8},""6"":{""avg"":6.1,""max"":10.1,""min"":3.2},""7"":{""avg"":5.9,""max"":9.1,""min"":3.6},""8"":{""avg"":6.8,""max"":10.2,""min"":4},""9"":{""avg"":8.4,""max"":11.8,""min"":5.5},""10"":{""avg"":10,""max"":13.7,""min"":6.4},""11"":{""avg"":12.3,""max"":15.9,""min"":8.7},""12"":{""avg"":13.9,""max"":17.3,""min"":10.5}}","[""Short trip"",""Weekend""]",Mid-range,4,3,4,3,3,3,3,3,4,2,15.1,14.8,13.4,10.8,8.4,6.1,5.9,6.8,8.4,10.0,12.3,13.9,"['Short trip', 'Weekend']",0,1,1,0,0,2,-0.9245642879328496,-0.3632040333613192,Spokojne kierunki kulturowe
9a10528e-3c25-4940-87d2-8128bf30ebf6,Kangaroo Island,Australia,oceania,"Wild landscapes and pristine beaches create a serene escape, where you can encounter unique wildlife and feel truly connected to nature.",-35.8182635,137.1566125,"{""1"":{""avg"":19.8,""max"":27,""min"":13.8},""2"":{""avg"":19.6,""max"":26.7,""min"":13.4},""3"":{""avg"":18.4,""max"":25,""min"":12},""4"":{""avg"":15.6,""max"":22.2,""min"":9.5},""5"":{""avg"":13.4,""max"":18.5,""min"":7.7},""6"":{""avg"":11.8,""max"":16.1,""min"":6.3},""7"":{""avg"":10.8,""max"":15.4,""min"":5.9},""8"":{""avg"":11.4,""max"":16,""min"":6.1},""9"":{""avg"":12.7,""max"":17.7,""min"":6.4},""10"":{""avg"":14.3,""max"":20.6,""min"":7.6},""11"":{""avg"":15.8,""max"":23.2,""min"":9.9},""12"":{""avg"":17.6,""max"":25.8,""min"":11.5}}","[""Short trip"",""One week""]",Mid-range,3,4,5,4,2,3,3,1,5,2,19.8,19.6,18.4,15.6,13.4,11.8,10.8,11.4,12.7,14.3,15.8,17.6,"['Short trip', 'One week']",0,0,1,1,0,0,-3.9264322056235983,0.032951414368657936,Natura i przygoda
a1214554-4336-4df9-a684-9cf732fa5e4d,Bay of Islands,New Zealand,oceania,"Lush green islands dotting azure waters, where dolphins play and sunsets paint the sky, create a serene escape from the everyday.",-35.2550085,174.1626731,"{""1"":{""avg"":20.3,""max"":23.2,""min"":17.6},""2"":{""avg"":20,""max"":22.7,""min"":17.5},""3"":{""avg"":18.9,""max"":22.2,""min"":16.1},""4"":{""avg"":17.7,""max"":20.4,""min"":15.3},""5"":{""avg"":14.9,""max"":17.7,""min"":12.4},""6"":{""avg"":14.2,""max"":16.6,""min"":12.2},""7"":{""avg"":13.3,""max"":15.6,""min"":11.1},""8"":{""avg"":13,""max"":15.8,""min"":10.8},""9"":{""avg"":14,""max"":16.8,""min"":11.5},""10"":{""avg"":15,""max"":18,""min"":12.3},""11"":{""avg"":17.2,""max"":20.2,""min"":14.4},""12"":{""avg"":19.2,""max"":22.2,""min"":16.2}}","[""Short trip"",""Long trip"",""One week""]",Mid-range,3,4,5,4,2,3,3,2,4,2,20.3,20.0,18.9,17.7,14.9,14.2,13.3,13.0,14.0,15.0,17.2,19.2,"['Short trip', 'Long trip', 'One week']",0,0,1,1,1,0,-3.0915989055658426,0.29041748338149714,Natura i przygoda
b5e5c850-d1b7-4e4e-a033-6d3ca99ec5f2,Aarhus,Denmark,europe,"Charming streets lined with modern architecture and cozy cafes create a welcoming atmosphere, with a vibrant cultural scene that feels refreshingly authentic.",56.1496278,10.2134046,"{""1"":{""avg"":2.9,""max"":4.8,""min"":0.5},""2"":{""avg"":3,""max"":5.3,""min"":0.5},""3"":{""avg"":5,""max"":8,""min"":2},""4"":{""avg"":7.2,""max"":11.5,""min"":2.5},""5"":{""avg"":12.7,""max"":17.1,""min"":7.8},""6"":{""avg"":16.5,""max"":20.9,""min"":11.5},""7"":{""avg"":17.6,""max"":21.8,""min"":13.2},""8"":{""avg"":17.5,""max"":21.7,""min"":13.2},""9"":{""avg"":14.6,""max"":18.4,""min"":10.8},""10"":{""avg"":10.6,""max"":13.2,""min"":7.8},""11"":{""avg"":6.4,""max"":8.5,""min"":4},""12"":{""avg"":4.4,""max"":6.1,""min"":2.3}}","[""Short trip"",""Weekend""]",Mid-range,4,2,3,3,3,4,3,4,3,2,2.9,3.0,5.0,7.2,12.7,16.5,17.6,17.5,14.6,10.6,6.4,4.4,"['Short trip', 'Weekend']",0,1,1,0,0,1,1.2735524336187873,-0.28273249580163173,Miejskie i kulturowe
698a9015-6471-435f-ba0b-7abe02719fc7,Vancouver Island,Canada,north_america,"Lush rainforests, rugged coastlines, and charming towns create an inviting atmosphere, perfect for outdoor adventures and tranquil moments by the sea.",49.5929495,-125.702557,"{""1"":{""avg"":3.5,""max"":4.6,""min"":2.5},""2"":{""avg"":4,""max"":6,""min"":2},""3"":{""avg"":6,""max"":9,""min"":3},""4"":{""avg"":9,""max"":12,""min"":5},""5"":{""avg"":12.5,""max"":16,""min"":9},""6"":{""avg"":15,""max"":19,""min"":11},""7"":{""avg"":17.5,""max"":22,""min"":13},""8"":{""avg"":17,""max"":21,""min"":13},""9"":{""avg"":14,""max"":18,""min"":10},""10"":{""avg"":10,""max"":14,""min"":6},""11"":{""avg"":6,""max"":9,""min"":3},""12"":{""avg"":4,""max"":6,""min"":2}}","[""Short trip"",""Long trip"",""One week""]",Mid-range,3,4,5,4,2,3,4,2,4,2,3.5,4.0,6.0,9.0,12.5,15.0,17.5,17.0,14.0,10.0,6.0,4.0,"['Short trip', 'Long trip', 'One week']",0,0,1,1,1,0,-3.1691115356452912,1.2265953985682643,Natura i przygoda
91ace5e5-3303-4877-bc9d-7e024b7709f7,Savusavu,Fiji,oceania,"Tucked away on a tranquil bay, this tropical haven offers lush landscapes, warm ocean breezes, and a welcoming, laid-back island vibe.",-16.7802184,179.3328955,"{""1"":{""avg"":27.8,""max"":30.9,""min"":25.4},""2"":{""avg"":28,""max"":31.2,""min"":25.5},""3"":{""avg"":27.6,""max"":30.8,""min"":25.1},""4"":{""avg"":27.4,""max"":30.6,""min"":24.7},""5"":{""avg"":26.5,""max"":29.6,""min"":24},""6"":{""avg"":25.6,""max"":28.6,""min"":23},""7"":{""avg"":25.3,""max"":28.4,""min"":22.8},""8"":{""avg"":25,""max"":28.1,""min"":22.3},""9"":{""avg"":25.8,""max"":28.8,""min"":23.2},""10"":{""avg"":26.5,""max"":29.7,""min"":23.9},""11"":{""avg"":27,""max"":30,""min"":24.5},""12"":{""avg"":27.6,""max"":30.6,""min"":25}}","[""One week"",""Short trip""]",Mid-range,3,4,5,5,2,3,4,2,5,2,27.8,28.0,27.6,27.4,26.5,25.6,25.3,25.0,25.8,26.5,27.0,27.6,"['One week', 'Short trip']",0,0,1,1,0,0,-3.687658949012905,1.4755198822277191,Natura i przygoda
978b5150-6f7a-49df-948b-6100df026098,Bristol,United Kingdom,europe,Historic streets lined with vibrant street art and cozy pubs create a lively yet laid-back atmosphere perfect for leisurely exploration.,51.4538022,-2.5972985,"{""1"":{""avg"":5.4,""max"":7.7,""min"":3.3},""2"":{""avg"":6.4,""max"":8.8,""min"":4.2},""3"":{""avg"":8,""max"":10.5,""min"":5.8},""4"":{""avg"":9.7,""max"":13.3,""min"":6.2},""5"":{""avg"":13.1,""max"":16.8,""min"":9.2},""6"":{""avg"":15.9,""max"":19.5,""min"":12.2},""7"":{""avg"":17.8,""max"":21.3,""min"":14.3},""8"":{""avg"":17.3,""max"":20.6,""min"":14.2},""9"":{""avg"":15.1,""max"":18.4,""min"":12},""10"":{""avg"":11.9,""max"":14.5,""min"":9.4},""11"":{""avg"":8.7,""max"":10.8,""min"":6.6},""12"":{""avg"":6.9,""max"":8.6,""min"":5.1}}","[""One week"",""Weekend"",""Short trip""]",Mid-range,4,3,3,2,4,4,3,4,2,2,5.4,6.4,8.0,9.7,13.1,15.9,17.8,17.3,15.1,11.9,8.7,6.9,"['One week', 'Weekend', 'Short trip']",0,1,1,1,0,1,1.776291285122801,0.2605015106206888,Miejskie i kulturowe
69490fbc-853e-444e-87e4-b746d4798476,Rovaniemi,Finland,europe,"Snow-draped forests, cozy log cabins, and the ethereal dance of the Northern Lights create a magical winter wonderland experience.",66.5025657,25.73122,"{""1"":{""avg"":-10.3,""max"":-7,""min"":-13.8},""2"":{""avg"":-8.5,""max"":-5.3,""min"":-12.3},""3"":{""avg"":-3.5,""max"":0.2,""min"":-7},""4"":{""avg"":1.2,""max"":5.6,""min"":-3.6},""5"":{""avg"":8,""max"":12.6,""min"":2.8},""6"":{""avg"":14.5,""max"":18.8,""min"":9.9},""7"":{""avg"":17.2,""max"":21.4,""min"":13},""8"":{""avg"":14.5,""max"":18.4,""min"":10.7},""9"":{""avg"":9.1,""max"":12.3,""min"":5.9},""10"":{""avg"":2,""max"":4.4,""min"":-0.4},""11"":{""avg"":-3.7,""max"":-1.3,""min"":-6.2},""12"":{""avg"":-7.3,""max"":-4.4,""min"":-10.6}}","[""Short trip"",""Weekend"",""One week""]",Mid-range,3,4,5,1,2,3,3,2,4,2,-10.3,-8.5,-3.5,1.2,8.0,14.5,17.2,14.5,9.1,2.0,-3.7,-7.3,"['Short trip', 'Weekend', 'One week']",0,1,1,1,0,0,-2.788567973526151,-0.7980954468506001,Natura i przygoda
b5c30c5f-7fb4-4604-9a99-400be0c251d8,Viña del Mar,Chile,south_america,"Ocean breezes, golden beaches, and vibrant gardens create a laid-back vibe, perfect for leisurely strolls and soaking in coastal beauty.",-33.0244535,-71.5517636,"{""1"":{""avg"":17.1,""max"":22.2,""min"":12.2},""2"":{""avg"":16.9,""max"":21.8,""min"":12.5},""3"":{""avg"":16,""max"":21.2,""min"":11.4},""4"":{""avg"":13.8,""max"":18.8,""min"":9.7},""5"":{""avg"":12.2,""max"":17.5,""min"":7.8},""6"":{""avg"":11.8,""max"":16.6,""min"":8.1},""7"":{""avg"":10.3,""max"":15.3,""min"":6.1},""8"":{""avg"":11.2,""max"":15.8,""min"":7.3},""9"":{""avg"":12.1,""max"":17,""min"":7.5},""10"":{""avg"":13,""max"":18.1,""min"":8.4},""11"":{""avg"":14.7,""max"":20.2,""min"":9.7},""12"":{""avg"":16,""max"":21.1,""min"":11.1}}","[""Short trip"",""Weekend""]",Mid-range,3,3,4,4,4,4,3,4,2,2,17.1,16.9,16.0,13.8,12.2,11.8,10.3,11.2,12.1,13.0,14.7,16.0,"['Short trip', 'Weekend']",0,1,1,0,0,3,0.7255337258465128,1.4381818976639427,"Plaże, natura i relaks"
f38b9348-e581-4de5-bafa-1efb5c28e458,Nelson,New Zealand,oceania,"Sun-drenched coastal charm with vibrant markets and lush vineyards invites a laid-back exploration of art, nature, and local flavors.",-41.2710849,173.2836756,"{""1"":{""avg"":18.6,""max"":22,""min"":14.8},""2"":{""avg"":18.3,""max"":21.8,""min"":14.7},""3"":{""avg"":16.6,""max"":20.6,""min"":12.4},""4"":{""avg"":14.6,""max"":18.6,""min"":10.6},""5"":{""avg"":11.8,""max"":16,""min"":8},""6"":{""avg"":9.8,""max"":14.1,""min"":6.1},""7"":{""avg"":8.8,""max"":13.1,""min"":5},""8"":{""avg"":9.3,""max"":13.4,""min"":5.2},""9"":{""avg"":11.2,""max"":15.4,""min"":7.5},""10"":{""avg"":13.1,""max"":16.6,""min"":9.2},""11"":{""avg"":15.6,""max"":19.2,""min"":11.8},""12"":{""avg"":18.1,""max"":21.5,""min"":14.6}}","[""One week"",""Short trip""]",Mid-range,3,4,5,3,2,3,3,3,4,2,18.6,18.3,16.6,14.6,11.8,9.8,8.8,9.3,11.2,13.1,15.6,18.1,"['One week', 'Short trip']",0,0,1,1,0,0,-2.5732923975159063,0.0711327492323928,Natura i przygoda
778d28df-a4fa-4328-896e-4a9f80216fda,Maun,Botswana,africa,"A gateway to the Okavango Delta, offering a serene blend of wildlife sounds, warm sunsets, and the gentle flow of the river.",-19.9860951,23.4224352,"{""1"":{""avg"":26.6,""max"":32,""min"":21.2},""2"":{""avg"":26.1,""max"":31.5,""min"":20.7},""3"":{""avg"":25.3,""max"":30.5,""min"":20.1},""4"":{""avg"":23.6,""max"":28.8,""min"":18.4},""5"":{""avg"":20.7,""max"":25.9,""min"":15.5},""6"":{""avg"":17.7,""max"":23,""min"":12.4},""7"":{""avg"":17.5,""max"":22.8,""min"":12.2},""8"":{""avg"":21.4,""max"":26.7,""min"":16.1},""9"":{""avg"":25.3,""max"":30.5,""min"":20.1},""10"":{""avg"":29.3,""max"":34.8,""min"":23.8},""11"":{""avg"":28.7,""max"":34.2,""min"":23.2},""12"":{""avg"":27.5,""max"":33,""min"":22}}","[""One week"",""Short trip""]",Mid-range,3,5,5,1,2,3,3,2,4,2,26.6,26.1,25.3,23.6,20.7,17.7,17.5,21.4,25.3,29.3,28.7,27.5,"['One week', 'Short trip']",0,0,1,1,0,0,-3.1964678402912323,-0.41085036062378427,Natura i przygoda
44fb18eb-2641-46ab-b3fa-df6870ba3c74,Gothenburg,Sweden,europe,"A charming city with picturesque canals, lush parks, and a vibrant cultural scene, making every stroll feel both refreshing and inspiring.",57.7072326,11.9670171,"{""1"":{""avg"":1.4,""max"":3.2,""min"":-1.2},""2"":{""avg"":1.5,""max"":3.6,""min"":-0.9},""3"":{""avg"":3.7,""max"":6,""min"":1.5},""4"":{""avg"":7.5,""max"":11.3,""min"":3.1},""5"":{""avg"":12.1,""max"":16.4,""min"":8.1},""6"":{""avg"":16.5,""max"":20.7,""min"":12.8},""7"":{""avg"":17.4,""max"":20.6,""min"":14.3},""8"":{""avg"":17.4,""max"":20.6,""min"":13.9},""9"":{""avg"":14.5,""max"":17.9,""min"":11.5},""10"":{""avg"":9.7,""max"":12,""min"":7},""11"":{""avg"":5.5,""max"":7.2,""min"":3.1},""12"":{""avg"":2.9,""max"":4.6,""min"":0.8}}","[""Weekend"",""One week"",""Short trip""]",Mid-range,4,3,4,3,3,4,3,4,3,2,1.4,1.5,3.7,7.5,12.1,16.5,17.4,17.4,14.5,9.7,5.5,2.9,"['Weekend', 'One week', 'Short trip']",0,1,1,1,0,2,0.4238523554655228,0.30969190848209394,Spokojne kierunki kulturowe
8c8c7203-2a45-44ba-9fb2-b5158104375e,Manchester,United Kingdom,europe,"Industrial heritage meets modern creativity, where lively music scenes and diverse eateries fill the vibrant streets with energetic charm and cultural depth.",53.4794892,-2.2451148,"{""1"":{""avg"":4.7,""max"":7.1,""min"":2},""2"":{""avg"":5.7,""max"":8.6,""min"":3},""3"":{""avg"":6.4,""max"":9.5,""min"":3.5},""4"":{""avg"":8.9,""max"":13,""min"":4.4},""5"":{""avg"":12.4,""max"":16.8,""min"":8.1},""6"":{""avg"":15.3,""max"":19.5,""min"":10.9},""7"":{""avg"":16.6,""max"":20.6,""min"":12.8},""8"":{""avg"":16.3,""max"":20,""min"":12.5},""9"":{""avg"":14.1,""max"":17.8,""min"":10.4},""10"":{""avg"":11.1,""max"":14.1,""min"":8},""11"":{""avg"":7.5,""max"":10.1,""min"":4.7},""12"":{""avg"":6.2,""max"":8.5,""min"":3.7}}","[""Weekend"",""One week"",""Short trip""]",Mid-range,4,2,2,1,4,4,3,4,2,2,4.7,5.7,6.4,8.9,12.4,15.3,16.6,16.3,14.1,11.1,7.5,6.2,"['Weekend', 'One week', 'Short trip']",0,1,1,1,0,1,2.727001673955963,-0.694760537073736,Miejskie i kulturowe
ba72b976-10f9-4415-a818-32cf17d8e649,Copenhagen,Denmark,europe,"Charming canals, vibrant neighborhoods, and a seamless blend of modern design with historic architecture create a cozy yet dynamic atmosphere.",55.6867243,12.5700724,"{""1"":{""avg"":2.6,""max"":4.2,""min"":0.6},""2"":{""avg"":2.9,""max"":4.9,""min"":0.9},""3"":{""avg"":5.3,""max"":7.3,""min"":2.3},""4"":{""avg"":7.8,""max"":11.3,""min"":4.5},""5"":{""avg"":12.8,""max"":16.7,""min"":8.8},""6"":{""avg"":17.3,""max"":21,""min"":13.4},""7"":{""avg"":18.1,""max"":21.6,""min"":14.6},""8"":{""avg"":18.4,""max"":21.8,""min"":14.9},""9"":{""avg"":15.4,""max"":18.4,""min"":12.3},""10"":{""avg"":10.9,""max"":13,""min"":8.6},""11"":{""avg"":6.8,""max"":8.4,""min"":4.8},""12"":{""avg"":4.4,""max"":5.8,""min"":2.7}}","[""One week"",""Short trip"",""Weekend""]",Mid-range,5,2,3,2,4,4,3,5,2,2,2.6,2.9,5.3,7.8,12.8,17.3,18.1,18.4,15.4,10.9,6.8,4.4,"['One week', 'Short trip', 'Weekend']",0,1,1,1,0,1,3.0084240757862326,-0.2300164485094781,Miejskie i kulturowe
62caf451-c399-4d64-a770-1efd93a603ef,Sucre,Bolivia,south_america,"Whitewashed colonial buildings, vibrant plazas, and a laid-back atmosphere invite you to wander cobblestone streets and soak in the rich history.",-19.0477251,-65.2594306,"{""1"":{""avg"":15.4,""max"":19.8,""min"":10.2},""2"":{""avg"":15.4,""max"":19,""min"":9.9},""3"":{""avg"":15.7,""max"":19.6,""min"":10.5},""4"":{""avg"":15.9,""max"":21.1,""min"":10.7},""5"":{""avg"":14.5,""max"":22.1,""min"":8.8},""6"":{""avg"":14.3,""max"":21.7,""min"":7},""7"":{""avg"":12.5,""max"":17.8,""min"":5.1},""8"":{""avg"":16.2,""max"":22.5,""min"":9.8},""9"":{""avg"":17.3,""max"":23.3,""min"":11},""10"":{""avg"":16.7,""max"":23.6,""min"":10.3},""11"":{""avg"":16.5,""max"":23,""min"":10.7},""12"":{""avg"":16.4,""max"":20.3,""min"":11.4}}","[""Short trip"",""Weekend"",""One week""]",Budget,4,3,3,1,2,3,2,2,4,1,15.4,15.4,15.7,15.9,14.5,14.3,12.5,16.2,17.3,16.7,16.5,16.4,"['Short trip', 'Weekend', 'One week']",0,1,1,1,0,2,-1.0126183273769438,-2.778702866542948,Spokojne kierunki kulturowe
